Date,Content,Video title,Video publish time,Duration,Engaged views
2023-03-08, -MJHhPKLX0E,Waste Hero - Free Zero Waste Lesson Plans,"Apr 24, 2023",51,0
2023-03-09, -MJHhPKLX0E,Waste Hero - Free Zero Waste Lesson Plans,"Apr 24, 2023",51,0
2023-03-10, -MJHhPKLX0E,Waste Hero - Free Zero Waste Lesson Plans,"Apr 24, 2023",51,0
2023-03-11, -MJHhPKLX0E,Waste Hero - Free Zero Waste Lesson Plans,"Apr 24, 2023",51,0
2023-03-12, -MJHhPKLX0E,Waste Hero - Free Zero Waste Lesson Plans,"Apr 24, 2023",51,0
2023-03-13, -MJHhPKLX0E,Waste Hero - Free Zero Waste Lesson Plans,"Apr 24, 2023",51,0
2023-03-14, -MJHhPKLX0E,Waste Hero - Free Zero Waste Lesson Plans,"Apr 24, 2023",51,0
2023-03-15, -MJHhPKLX0E,Waste Hero - Free Zero Waste Lesson Plans,"Apr 24, 2023",51,0
2023-03-16, -MJHhPKLX0E,Waste Hero - Free Zero Waste Lesson Plans,"Apr 24, 2023",51,0
2023-03-17, -MJHhPKLX0E,Waste Hero - Free Zero Waste Lesson Plans,"Apr 24, 2023",51,0
2023-03-18, -MJHhPKLX0E,Waste Hero - Free Zero Waste Lesson Plans,"Apr 24, 2023",51,0
2023-03-19, -MJHhPKLX0E,Waste Hero - Free Zero Waste Lesson Plans,"Apr 24, 2023",51,0
2023-03-20, -MJHhPKLX0E,Waste Hero - Free Zero Waste Lesson Plans,"Apr 24, 2023",51,0
2023-03-21, -MJHhPKLX0E,Waste Hero - Free Zero Waste Lesson Plans,"Apr 24, 2023",51,0
2023-03-22, -MJHhPKLX0E,Waste Hero - Free Zero Waste Lesson Plans,"Apr 24, 2023",51,0
2023-03-23, -MJHhPKLX0E,Waste Hero - Free Zero Waste Lesson Plans,"Apr 24, 2023",51,0
2023-03-24, -MJHhPKLX0E,Waste Hero - Free Zero Waste Lesson Plans,"Apr 24, 2023",51,0
2023-03-25, -MJHhPKLX0E,Waste Hero - Free Zero Waste Lesson Plans,"Apr 24, 2023",51,0
2023-03-26, -MJHhPKLX0E,Waste Hero - Free Zero Waste Lesson Plans,"Apr 24, 2023",51,0
2023-03-27, -MJHhPKLX0E,Waste Hero - Free Zero Waste Lesson Plans,"Apr 24, 2023",51,0
2023-03-28, -MJHhPKLX0E,Waste Hero - Free Zero Waste Lesson Plans,"Apr 24, 2023",51,0
2023-03-29, -MJHhPKLX0E,Waste Hero - Free Zero Waste Lesson Plans,"Apr 24, 2023",51,0
2023-03-30, -MJHhPKLX0E,Waste Hero - Free Zero Waste Lesson Plans,"Apr 24, 2023",51,0
2023-03-31, -MJHhPKLX0E,Waste Hero - Free Zero Waste Lesson Plans,"Apr 24, 2023",51,0
2023-04-01, -MJHhPKLX0E,Waste Hero - Free Zero Waste Lesson Plans,"Apr 24, 2023",51,0
2023-04-02, -MJHhPKLX0E,Waste Hero - Free Zero Waste Lesson Plans,"Apr 24, 2023",51,0
2023-04-03, -MJHhPKLX0E,Waste Hero - Free Zero Waste Lesson Plans,"Apr 24, 2023",51,0
2023-04-04, -MJHhPKLX0E,Waste Hero - Free Zero Waste Lesson Plans,"Apr 24, 2023",51,0
2023-04-05, -MJHhPKLX0E,Waste Hero - Free Zero Waste Lesson Plans,"Apr 24, 2023",51,0
2023-04-06, -MJHhPKLX0E,Waste Hero - Free Zero Waste Lesson Plans,"Apr 24, 2023",51,0
2023-04-07, -MJHhPKLX0E,Waste Hero - Free Zero Waste Lesson Plans,"Apr 24, 2023",51,0
2023-04-08, -MJHhPKLX0E,Waste Hero - Free Zero Waste Lesson Plans,"Apr 24, 2023",51,0
2023-04-09, -MJHhPKLX0E,Waste Hero - Free Zero Waste Lesson Plans,"Apr 24, 2023",51,0
2023-04-10, -MJHhPKLX0E,Waste Hero - Free Zero Waste Lesson Plans,"Apr 24, 2023",51,0
2023-04-11, -MJHhPKLX0E,Waste Hero - Free Zero Waste Lesson Plans,"Apr 24, 2023",51,0
2023-04-12, -MJHhPKLX0E,Waste Hero - Free Zero Waste Lesson Plans,"Apr 24, 2023",51,0
2023-04-13, -MJHhPKLX0E,Waste Hero - Free Zero Waste Lesson Plans,"Apr 24, 2023",51,0
2023-04-14, -MJHhPKLX0E,Waste Hero - Free Zero Waste Lesson Plans,"Apr 24, 2023",51,0
2023-04-15, -MJHhPKLX0E,Waste Hero - Free Zero Waste Lesson Plans,"Apr 24, 2023",51,0
2023-04-16, -MJHhPKLX0E,Waste Hero - Free Zero Waste Lesson Plans,"Apr 24, 2023",51,0
2023-04-17, -MJHhPKLX0E,Waste Hero - Free Zero Waste Lesson Plans,"Apr 24, 2023",51,0
2023-04-18, -MJHhPKLX0E,Waste Hero - Free Zero Waste Lesson Plans,"Apr 24, 2023",51,0
2023-04-19, -MJHhPKLX0E,Waste Hero - Free Zero Waste Lesson Plans,"Apr 24, 2023",51,0
2023-04-20, -MJHhPKLX0E,Waste Hero - Free Zero Waste Lesson Plans,"Apr 24, 2023",51,0
2023-04-21, -MJHhPKLX0E,Waste Hero - Free Zero Waste Lesson Plans,"Apr 24, 2023",51,0
2023-04-22, -MJHhPKLX0E,Waste Hero - Free Zero Waste Lesson Plans,"Apr 24, 2023",51,0
2023-04-23, -MJHhPKLX0E,Waste Hero - Free Zero Waste Lesson Plans,"Apr 24, 2023",51,0
2023-04-24, -MJHhPKLX0E,Waste Hero - Free Zero Waste Lesson Plans,"Apr 24, 2023",51,0
2023-04-25, -MJHhPKLX0E,Waste Hero - Free Zero Waste Lesson Plans,"Apr 24, 2023",51,2
2023-04-26, -MJHhPKLX0E,Waste Hero - Free Zero Waste Lesson Plans,"Apr 24, 2023",51,0
2023-04-27, -MJHhPKLX0E,Waste Hero - Free Zero Waste Lesson Plans,"Apr 24, 2023",51,0
2023-04-28, -MJHhPKLX0E,Waste Hero - Free Zero Waste Lesson Plans,"Apr 24, 2023",51,0
2023-04-29, -MJHhPKLX0E,Waste Hero - Free Zero Waste Lesson Plans,"Apr 24, 2023",51,0
2023-04-30, -MJHhPKLX0E,Waste Hero - Free Zero Waste Lesson Plans,"Apr 24, 2023",51,0
2023-05-01, -MJHhPKLX0E,Waste Hero - Free Zero Waste Lesson Plans,"Apr 24, 2023",51,0
2023-05-02, -MJHhPKLX0E,Waste Hero - Free Zero Waste Lesson Plans,"Apr 24, 2023",51,0
2023-05-03, -MJHhPKLX0E,Waste Hero - Free Zero Waste Lesson Plans,"Apr 24, 2023",51,0
2023-05-04, -MJHhPKLX0E,Waste Hero - Free Zero Waste Lesson Plans,"Apr 24, 2023",51,0
2023-05-05, -MJHhPKLX0E,Waste Hero - Free Zero Waste Lesson Plans,"Apr 24, 2023",51,0
2023-05-06, -MJHhPKLX0E,Waste Hero - Free Zero Waste Lesson Plans,"Apr 24, 2023",51,0
2023-05-07, -MJHhPKLX0E,Waste Hero - Free Zero Waste Lesson Plans,"Apr 24, 2023",51,0
2023-05-08, -MJHhPKLX0E,Waste Hero - Free Zero Waste Lesson Plans,"Apr 24, 2023",51,0
2023-05-09, -MJHhPKLX0E,Waste Hero - Free Zero Waste Lesson Plans,"Apr 24, 2023",51,0
2023-05-10, -MJHhPKLX0E,Waste Hero - Free Zero Waste Lesson Plans,"Apr 24, 2023",51,0
2023-05-11, -MJHhPKLX0E,Waste Hero - Free Zero Waste Lesson Plans,"Apr 24, 2023",51,0
2023-05-12, -MJHhPKLX0E,Waste Hero - Free Zero Waste Lesson Plans,"Apr 24, 2023",51,3
2023-05-13, -MJHhPKLX0E,Waste Hero - Free Zero Waste Lesson Plans,"Apr 24, 2023",51,0
2023-05-14, -MJHhPKLX0E,Waste Hero - Free Zero Waste Lesson Plans,"Apr 24, 2023",51,0
2023-05-15, -MJHhPKLX0E,Waste Hero - Free Zero Waste Lesson Plans,"Apr 24, 2023",51,0
2023-05-16, -MJHhPKLX0E,Waste Hero - Free Zero Waste Lesson Plans,"Apr 24, 2023",51,0
2023-05-17, -MJHhPKLX0E,Waste Hero - Free Zero Waste Lesson Plans,"Apr 24, 2023",51,1
2023-05-18, -MJHhPKLX0E,Waste Hero - Free Zero Waste Lesson Plans,"Apr 24, 2023",51,1
2023-05-19, -MJHhPKLX0E,Waste Hero - Free Zero Waste Lesson Plans,"Apr 24, 2023",51,0
2023-05-20, -MJHhPKLX0E,Waste Hero - Free Zero Waste Lesson Plans,"Apr 24, 2023",51,0
2023-05-21, -MJHhPKLX0E,Waste Hero - Free Zero Waste Lesson Plans,"Apr 24, 2023",51,0
2023-05-22, -MJHhPKLX0E,Waste Hero - Free Zero Waste Lesson Plans,"Apr 24, 2023",51,0
2023-05-23, -MJHhPKLX0E,Waste Hero - Free Zero Waste Lesson Plans,"Apr 24, 2023",51,0
2023-05-24, -MJHhPKLX0E,Waste Hero - Free Zero Waste Lesson Plans,"Apr 24, 2023",51,11
2023-05-25, -MJHhPKLX0E,Waste Hero - Free Zero Waste Lesson Plans,"Apr 24, 2023",51,0
2023-05-26, -MJHhPKLX0E,Waste Hero - Free Zero Waste Lesson Plans,"Apr 24, 2023",51,1
2023-05-27, -MJHhPKLX0E,Waste Hero - Free Zero Waste Lesson Plans,"Apr 24, 2023",51,0
2023-05-28, -MJHhPKLX0E,Waste Hero - Free Zero Waste Lesson Plans,"Apr 24, 2023",51,0
2023-05-29, -MJHhPKLX0E,Waste Hero - Free Zero Waste Lesson Plans,"Apr 24, 2023",51,0
2023-05-30, -MJHhPKLX0E,Waste Hero - Free Zero Waste Lesson Plans,"Apr 24, 2023",51,0
2023-05-31, -MJHhPKLX0E,Waste Hero - Free Zero Waste Lesson Plans,"Apr 24, 2023",51,0
2023-06-01, -MJHhPKLX0E,Waste Hero - Free Zero Waste Lesson Plans,"Apr 24, 2023",51,1
2023-06-02, -MJHhPKLX0E,Waste Hero - Free Zero Waste Lesson Plans,"Apr 24, 2023",51,0
2023-06-03, -MJHhPKLX0E,Waste Hero - Free Zero Waste Lesson Plans,"Apr 24, 2023",51,2
2023-06-04, -MJHhPKLX0E,Waste Hero - Free Zero Waste Lesson Plans,"Apr 24, 2023",51,2
2023-06-05, -MJHhPKLX0E,Waste Hero - Free Zero Waste Lesson Plans,"Apr 24, 2023",51,1
2023-06-06, -MJHhPKLX0E,Waste Hero - Free Zero Waste Lesson Plans,"Apr 24, 2023",51,1
2023-06-07, -MJHhPKLX0E,Waste Hero - Free Zero Waste Lesson Plans,"Apr 24, 2023",51,0
2023-06-08, -MJHhPKLX0E,Waste Hero - Free Zero Waste Lesson Plans,"Apr 24, 2023",51,0
2023-06-09, -MJHhPKLX0E,Waste Hero - Free Zero Waste Lesson Plans,"Apr 24, 2023",51,0
2023-06-10, -MJHhPKLX0E,Waste Hero - Free Zero Waste Lesson Plans,"Apr 24, 2023",51,0
2023-06-11, -MJHhPKLX0E,Waste Hero - Free Zero Waste Lesson Plans,"Apr 24, 2023",51,0
2023-06-12, -MJHhPKLX0E,Waste Hero - Free Zero Waste Lesson Plans,"Apr 24, 2023",51,0
2023-06-13, -MJHhPKLX0E,Waste Hero - Free Zero Waste Lesson Plans,"Apr 24, 2023",51,0
2023-06-14, -MJHhPKLX0E,Waste Hero - Free Zero Waste Lesson Plans,"Apr 24, 2023",51,0
2023-06-15, -MJHhPKLX0E,Waste Hero - Free Zero Waste Lesson Plans,"Apr 24, 2023",51,2
2023-06-16, -MJHhPKLX0E,Waste Hero - Free Zero Waste Lesson Plans,"Apr 24, 2023",51,0
2023-06-17, -MJHhPKLX0E,Waste Hero - Free Zero Waste Lesson Plans,"Apr 24, 2023",51,0
2023-06-18, -MJHhPKLX0E,Waste Hero - Free Zero Waste Lesson Plans,"Apr 24, 2023",51,0
2023-06-19, -MJHhPKLX0E,Waste Hero - Free Zero Waste Lesson Plans,"Apr 24, 2023",51,0
2023-06-20, -MJHhPKLX0E,Waste Hero - Free Zero Waste Lesson Plans,"Apr 24, 2023",51,0
2023-06-21, -MJHhPKLX0E,Waste Hero - Free Zero Waste Lesson Plans,"Apr 24, 2023",51,4
2023-06-22, -MJHhPKLX0E,Waste Hero - Free Zero Waste Lesson Plans,"Apr 24, 2023",51,0
2023-06-23, -MJHhPKLX0E,Waste Hero - Free Zero Waste Lesson Plans,"Apr 24, 2023",51,0
2023-06-24, -MJHhPKLX0E,Waste Hero - Free Zero Waste Lesson Plans,"Apr 24, 2023",51,0
2023-06-25, -MJHhPKLX0E,Waste Hero - Free Zero Waste Lesson Plans,"Apr 24, 2023",51,0
2023-06-26, -MJHhPKLX0E,Waste Hero - Free Zero Waste Lesson Plans,"Apr 24, 2023",51,0
2023-06-27, -MJHhPKLX0E,Waste Hero - Free Zero Waste Lesson Plans,"Apr 24, 2023",51,0
2023-06-28, -MJHhPKLX0E,Waste Hero - Free Zero Waste Lesson Plans,"Apr 24, 2023",51,0
2023-06-29, -MJHhPKLX0E,Waste Hero - Free Zero Waste Lesson Plans,"Apr 24, 2023",51,1
2023-06-30, -MJHhPKLX0E,Waste Hero - Free Zero Waste Lesson Plans,"Apr 24, 2023",51,0
2023-07-01, -MJHhPKLX0E,Waste Hero - Free Zero Waste Lesson Plans,"Apr 24, 2023",51,0
2023-07-02, -MJHhPKLX0E,Waste Hero - Free Zero Waste Lesson Plans,"Apr 24, 2023",51,0
2023-07-03, -MJHhPKLX0E,Waste Hero - Free Zero Waste Lesson Plans,"Apr 24, 2023",51,0
2023-07-04, -MJHhPKLX0E,Waste Hero - Free Zero Waste Lesson Plans,"Apr 24, 2023",51,0
2023-07-05, -MJHhPKLX0E,Waste Hero - Free Zero Waste Lesson Plans,"Apr 24, 2023",51,0
2023-07-06, -MJHhPKLX0E,Waste Hero - Free Zero Waste Lesson Plans,"Apr 24, 2023",51,0
2023-07-07, -MJHhPKLX0E,Waste Hero - Free Zero Waste Lesson Plans,"Apr 24, 2023",51,1
2023-07-08, -MJHhPKLX0E,Waste Hero - Free Zero Waste Lesson Plans,"Apr 24, 2023",51,0
2023-07-09, -MJHhPKLX0E,Waste Hero - Free Zero Waste Lesson Plans,"Apr 24, 2023",51,0
2023-07-10, -MJHhPKLX0E,Waste Hero - Free Zero Waste Lesson Plans,"Apr 24, 2023",51,1
2023-07-11, -MJHhPKLX0E,Waste Hero - Free Zero Waste Lesson Plans,"Apr 24, 2023",51,0
2023-07-12, -MJHhPKLX0E,Waste Hero - Free Zero Waste Lesson Plans,"Apr 24, 2023",51,0
2023-07-13, -MJHhPKLX0E,Waste Hero - Free Zero Waste Lesson Plans,"Apr 24, 2023",51,0
2023-07-14, -MJHhPKLX0E,Waste Hero - Free Zero Waste Lesson Plans,"Apr 24, 2023",51,4
2023-07-15, -MJHhPKLX0E,Waste Hero - Free Zero Waste Lesson Plans,"Apr 24, 2023",51,0
2023-07-16, -MJHhPKLX0E,Waste Hero - Free Zero Waste Lesson Plans,"Apr 24, 2023",51,4
2023-07-17, -MJHhPKLX0E,Waste Hero - Free Zero Waste Lesson Plans,"Apr 24, 2023",51,0
2023-07-18, -MJHhPKLX0E,Waste Hero - Free Zero Waste Lesson Plans,"Apr 24, 2023",51,2
2023-07-19, -MJHhPKLX0E,Waste Hero - Free Zero Waste Lesson Plans,"Apr 24, 2023",51,1
2023-07-20, -MJHhPKLX0E,Waste Hero - Free Zero Waste Lesson Plans,"Apr 24, 2023",51,1
2023-07-21, -MJHhPKLX0E,Waste Hero - Free Zero Waste Lesson Plans,"Apr 24, 2023",51,2
2023-07-22, -MJHhPKLX0E,Waste Hero - Free Zero Waste Lesson Plans,"Apr 24, 2023",51,4
2023-07-23, -MJHhPKLX0E,Waste Hero - Free Zero Waste Lesson Plans,"Apr 24, 2023",51,1
2023-07-24, -MJHhPKLX0E,Waste Hero - Free Zero Waste Lesson Plans,"Apr 24, 2023",51,0
2023-07-25, -MJHhPKLX0E,Waste Hero - Free Zero Waste Lesson Plans,"Apr 24, 2023",51,0
2023-07-26, -MJHhPKLX0E,Waste Hero - Free Zero Waste Lesson Plans,"Apr 24, 2023",51,0
2023-07-27, -MJHhPKLX0E,Waste Hero - Free Zero Waste Lesson Plans,"Apr 24, 2023",51,1
2023-07-28, -MJHhPKLX0E,Waste Hero - Free Zero Waste Lesson Plans,"Apr 24, 2023",51,0
2023-07-29, -MJHhPKLX0E,Waste Hero - Free Zero Waste Lesson Plans,"Apr 24, 2023",51,0
2023-07-30, -MJHhPKLX0E,Waste Hero - Free Zero Waste Lesson Plans,"Apr 24, 2023",51,0
2023-07-31, -MJHhPKLX0E,Waste Hero - Free Zero Waste Lesson Plans,"Apr 24, 2023",51,0
2023-08-01, -MJHhPKLX0E,Waste Hero - Free Zero Waste Lesson Plans,"Apr 24, 2023",51,1
2023-08-02, -MJHhPKLX0E,Waste Hero - Free Zero Waste Lesson Plans,"Apr 24, 2023",51,0
2023-08-03, -MJHhPKLX0E,Waste Hero - Free Zero Waste Lesson Plans,"Apr 24, 2023",51,0
2023-08-04, -MJHhPKLX0E,Waste Hero - Free Zero Waste Lesson Plans,"Apr 24, 2023",51,0
2023-08-05, -MJHhPKLX0E,Waste Hero - Free Zero Waste Lesson Plans,"Apr 24, 2023",51,0
2023-08-06, -MJHhPKLX0E,Waste Hero - Free Zero Waste Lesson Plans,"Apr 24, 2023",51,0
2023-08-07, -MJHhPKLX0E,Waste Hero - Free Zero Waste Lesson Plans,"Apr 24, 2023",51,0
2023-08-08, -MJHhPKLX0E,Waste Hero - Free Zero Waste Lesson Plans,"Apr 24, 2023",51,0
2023-08-09, -MJHhPKLX0E,Waste Hero - Free Zero Waste Lesson Plans,"Apr 24, 2023",51,0
2023-08-10, -MJHhPKLX0E,Waste Hero - Free Zero Waste Lesson Plans,"Apr 24, 2023",51,0
2023-08-11, -MJHhPKLX0E,Waste Hero - Free Zero Waste Lesson Plans,"Apr 24, 2023",51,0
2023-08-12, -MJHhPKLX0E,Waste Hero - Free Zero Waste Lesson Plans,"Apr 24, 2023",51,1
2023-08-13, -MJHhPKLX0E,Waste Hero - Free Zero Waste Lesson Plans,"Apr 24, 2023",51,0
2023-08-14, -MJHhPKLX0E,Waste Hero - Free Zero Waste Lesson Plans,"Apr 24, 2023",51,2
2023-08-15, -MJHhPKLX0E,Waste Hero - Free Zero Waste Lesson Plans,"Apr 24, 2023",51,1
2023-08-16, -MJHhPKLX0E,Waste Hero - Free Zero Waste Lesson Plans,"Apr 24, 2023",51,2
2023-08-17, -MJHhPKLX0E,Waste Hero - Free Zero Waste Lesson Plans,"Apr 24, 2023",51,1
2023-08-18, -MJHhPKLX0E,Waste Hero - Free Zero Waste Lesson Plans,"Apr 24, 2023",51,0
2023-08-19, -MJHhPKLX0E,Waste Hero - Free Zero Waste Lesson Plans,"Apr 24, 2023",51,1
2023-08-20, -MJHhPKLX0E,Waste Hero - Free Zero Waste Lesson Plans,"Apr 24, 2023",51,0
2023-08-21, -MJHhPKLX0E,Waste Hero - Free Zero Waste Lesson Plans,"Apr 24, 2023",51,1
2023-08-22, -MJHhPKLX0E,Waste Hero - Free Zero Waste Lesson Plans,"Apr 24, 2023",51,0
2023-08-23, -MJHhPKLX0E,Waste Hero - Free Zero Waste Lesson Plans,"Apr 24, 2023",51,0
2023-08-24, -MJHhPKLX0E,Waste Hero - Free Zero Waste Lesson Plans,"Apr 24, 2023",51,0
2023-08-25, -MJHhPKLX0E,Waste Hero - Free Zero Waste Lesson Plans,"Apr 24, 2023",51,0
2023-08-26, -MJHhPKLX0E,Waste Hero - Free Zero Waste Lesson Plans,"Apr 24, 2023",51,0
2023-08-27, -MJHhPKLX0E,Waste Hero - Free Zero Waste Lesson Plans,"Apr 24, 2023",51,1
2023-08-28, -MJHhPKLX0E,Waste Hero - Free Zero Waste Lesson Plans,"Apr 24, 2023",51,2
2023-08-29, -MJHhPKLX0E,Waste Hero - Free Zero Waste Lesson Plans,"Apr 24, 2023",51,1
2023-08-30, -MJHhPKLX0E,Waste Hero - Free Zero Waste Lesson Plans,"Apr 24, 2023",51,0
2023-08-31, -MJHhPKLX0E,Waste Hero - Free Zero Waste Lesson Plans,"Apr 24, 2023",51,0
2023-09-01, -MJHhPKLX0E,Waste Hero - Free Zero Waste Lesson Plans,"Apr 24, 2023",51,4
2023-09-02, -MJHhPKLX0E,Waste Hero - Free Zero Waste Lesson Plans,"Apr 24, 2023",51,2
2023-09-03, -MJHhPKLX0E,Waste Hero - Free Zero Waste Lesson Plans,"Apr 24, 2023",51,1
2023-09-04, -MJHhPKLX0E,Waste Hero - Free Zero Waste Lesson Plans,"Apr 24, 2023",51,1
2023-09-05, -MJHhPKLX0E,Waste Hero - Free Zero Waste Lesson Plans,"Apr 24, 2023",51,1
2023-09-06, -MJHhPKLX0E,Waste Hero - Free Zero Waste Lesson Plans,"Apr 24, 2023",51,2
2023-09-07, -MJHhPKLX0E,Waste Hero - Free Zero Waste Lesson Plans,"Apr 24, 2023",51,2
2023-09-08, -MJHhPKLX0E,Waste Hero - Free Zero Waste Lesson Plans,"Apr 24, 2023",51,0
2023-09-09, -MJHhPKLX0E,Waste Hero - Free Zero Waste Lesson Plans,"Apr 24, 2023",51,0
2023-09-10, -MJHhPKLX0E,Waste Hero - Free Zero Waste Lesson Plans,"Apr 24, 2023",51,1
2023-09-11, -MJHhPKLX0E,Waste Hero - Free Zero Waste Lesson Plans,"Apr 24, 2023",51,0
2023-09-12, -MJHhPKLX0E,Waste Hero - Free Zero Waste Lesson Plans,"Apr 24, 2023",51,4
2023-09-13, -MJHhPKLX0E,Waste Hero - Free Zero Waste Lesson Plans,"Apr 24, 2023",51,1
2023-09-14, -MJHhPKLX0E,Waste Hero - Free Zero Waste Lesson Plans,"Apr 24, 2023",51,1
2023-09-15, -MJHhPKLX0E,Waste Hero - Free Zero Waste Lesson Plans,"Apr 24, 2023",51,4
2023-09-16, -MJHhPKLX0E,Waste Hero - Free Zero Waste Lesson Plans,"Apr 24, 2023",51,1
2023-09-17, -MJHhPKLX0E,Waste Hero - Free Zero Waste Lesson Plans,"Apr 24, 2023",51,0
2023-09-18, -MJHhPKLX0E,Waste Hero - Free Zero Waste Lesson Plans,"Apr 24, 2023",51,2
2023-09-19, -MJHhPKLX0E,Waste Hero - Free Zero Waste Lesson Plans,"Apr 24, 2023",51,0
2023-09-20, -MJHhPKLX0E,Waste Hero - Free Zero Waste Lesson Plans,"Apr 24, 2023",51,3
2023-09-21, -MJHhPKLX0E,Waste Hero - Free Zero Waste Lesson Plans,"Apr 24, 2023",51,0
2023-09-22, -MJHhPKLX0E,Waste Hero - Free Zero Waste Lesson Plans,"Apr 24, 2023",51,0
2023-09-23, -MJHhPKLX0E,Waste Hero - Free Zero Waste Lesson Plans,"Apr 24, 2023",51,1
2023-09-24, -MJHhPKLX0E,Waste Hero - Free Zero Waste Lesson Plans,"Apr 24, 2023",51,2
2023-09-25, -MJHhPKLX0E,Waste Hero - Free Zero Waste Lesson Plans,"Apr 24, 2023",51,1
2023-09-26, -MJHhPKLX0E,Waste Hero - Free Zero Waste Lesson Plans,"Apr 24, 2023",51,2
2023-09-27, -MJHhPKLX0E,Waste Hero - Free Zero Waste Lesson Plans,"Apr 24, 2023",51,1
2023-09-28, -MJHhPKLX0E,Waste Hero - Free Zero Waste Lesson Plans,"Apr 24, 2023",51,0
2023-09-29, -MJHhPKLX0E,Waste Hero - Free Zero Waste Lesson Plans,"Apr 24, 2023",51,0
2023-09-30, -MJHhPKLX0E,Waste Hero - Free Zero Waste Lesson Plans,"Apr 24, 2023",51,2
2023-10-01, -MJHhPKLX0E,Waste Hero - Free Zero Waste Lesson Plans,"Apr 24, 2023",51,2
2023-10-02, -MJHhPKLX0E,Waste Hero - Free Zero Waste Lesson Plans,"Apr 24, 2023",51,1
2023-10-03, -MJHhPKLX0E,Waste Hero - Free Zero Waste Lesson Plans,"Apr 24, 2023",51,2
2023-10-04, -MJHhPKLX0E,Waste Hero - Free Zero Waste Lesson Plans,"Apr 24, 2023",51,30012
2023-10-05, -MJHhPKLX0E,Waste Hero - Free Zero Waste Lesson Plans,"Apr 24, 2023",51,5
2023-10-06, -MJHhPKLX0E,Waste Hero - Free Zero Waste Lesson Plans,"Apr 24, 2023",51,51791
2023-10-07, -MJHhPKLX0E,Waste Hero - Free Zero Waste Lesson Plans,"Apr 24, 2023",51,37555
2023-10-08, -MJHhPKLX0E,Waste Hero - Free Zero Waste Lesson Plans,"Apr 24, 2023",51,44339
2023-10-09, -MJHhPKLX0E,Waste Hero - Free Zero Waste Lesson Plans,"Apr 24, 2023",51,41209
2023-10-10, -MJHhPKLX0E,Waste Hero - Free Zero Waste Lesson Plans,"Apr 24, 2023",51,41774
2023-10-11, -MJHhPKLX0E,Waste Hero - Free Zero Waste Lesson Plans,"Apr 24, 2023",51,41969
2023-10-12, -MJHhPKLX0E,Waste Hero - Free Zero Waste Lesson Plans,"Apr 24, 2023",51,40680
2023-10-13, -MJHhPKLX0E,Waste Hero - Free Zero Waste Lesson Plans,"Apr 24, 2023",51,42513
2023-10-14, -MJHhPKLX0E,Waste Hero - Free Zero Waste Lesson Plans,"Apr 24, 2023",51,49798
2023-10-15, -MJHhPKLX0E,Waste Hero - Free Zero Waste Lesson Plans,"Apr 24, 2023",51,49209
2023-10-16, -MJHhPKLX0E,Waste Hero - Free Zero Waste Lesson Plans,"Apr 24, 2023",51,48094
2023-10-17, -MJHhPKLX0E,Waste Hero - Free Zero Waste Lesson Plans,"Apr 24, 2023",51,48523
2023-10-18, -MJHhPKLX0E,Waste Hero - Free Zero Waste Lesson Plans,"Apr 24, 2023",51,49824
2023-10-19, -MJHhPKLX0E,Waste Hero - Free Zero Waste Lesson Plans,"Apr 24, 2023",51,43319
2023-10-20, -MJHhPKLX0E,Waste Hero - Free Zero Waste Lesson Plans,"Apr 24, 2023",51,37121
2023-10-21, -MJHhPKLX0E,Waste Hero - Free Zero Waste Lesson Plans,"Apr 24, 2023",51,39972
2023-10-22, -MJHhPKLX0E,Waste Hero - Free Zero Waste Lesson Plans,"Apr 24, 2023",51,34140
2023-10-23, -MJHhPKLX0E,Waste Hero - Free Zero Waste Lesson Plans,"Apr 24, 2023",51,32338
2023-10-24, -MJHhPKLX0E,Waste Hero - Free Zero Waste Lesson Plans,"Apr 24, 2023",51,35053
2023-10-25, -MJHhPKLX0E,Waste Hero - Free Zero Waste Lesson Plans,"Apr 24, 2023",51,35759
2023-10-26, -MJHhPKLX0E,Waste Hero - Free Zero Waste Lesson Plans,"Apr 24, 2023",51,31626
2023-10-27, -MJHhPKLX0E,Waste Hero - Free Zero Waste Lesson Plans,"Apr 24, 2023",51,30024
2023-10-28, -MJHhPKLX0E,Waste Hero - Free Zero Waste Lesson Plans,"Apr 24, 2023",51,30003
2023-10-29, -MJHhPKLX0E,Waste Hero - Free Zero Waste Lesson Plans,"Apr 24, 2023",51,29097
2023-10-30, -MJHhPKLX0E,Waste Hero - Free Zero Waste Lesson Plans,"Apr 24, 2023",51,27110
2023-10-31, -MJHhPKLX0E,Waste Hero - Free Zero Waste Lesson Plans,"Apr 24, 2023",51,2
2023-11-01, -MJHhPKLX0E,Waste Hero - Free Zero Waste Lesson Plans,"Apr 24, 2023",51,5
2023-11-02, -MJHhPKLX0E,Waste Hero - Free Zero Waste Lesson Plans,"Apr 24, 2023",51,2
2023-11-03, -MJHhPKLX0E,Waste Hero - Free Zero Waste Lesson Plans,"Apr 24, 2023",51,1
2023-11-04, -MJHhPKLX0E,Waste Hero - Free Zero Waste Lesson Plans,"Apr 24, 2023",51,1
2023-11-05, -MJHhPKLX0E,Waste Hero - Free Zero Waste Lesson Plans,"Apr 24, 2023",51,0
2023-11-06, -MJHhPKLX0E,Waste Hero - Free Zero Waste Lesson Plans,"Apr 24, 2023",51,0
2023-11-07, -MJHhPKLX0E,Waste Hero - Free Zero Waste Lesson Plans,"Apr 24, 2023",51,0
2023-11-08, -MJHhPKLX0E,Waste Hero - Free Zero Waste Lesson Plans,"Apr 24, 2023",51,6
2023-11-09, -MJHhPKLX0E,Waste Hero - Free Zero Waste Lesson Plans,"Apr 24, 2023",51,4
2023-11-10, -MJHhPKLX0E,Waste Hero - Free Zero Waste Lesson Plans,"Apr 24, 2023",51,0
2023-11-11, -MJHhPKLX0E,Waste Hero - Free Zero Waste Lesson Plans,"Apr 24, 2023",51,0
2023-11-12, -MJHhPKLX0E,Waste Hero - Free Zero Waste Lesson Plans,"Apr 24, 2023",51,0
2023-11-13, -MJHhPKLX0E,Waste Hero - Free Zero Waste Lesson Plans,"Apr 24, 2023",51,7
2023-11-14, -MJHhPKLX0E,Waste Hero - Free Zero Waste Lesson Plans,"Apr 24, 2023",51,0
2023-11-15, -MJHhPKLX0E,Waste Hero - Free Zero Waste Lesson Plans,"Apr 24, 2023",51,0
2023-11-16, -MJHhPKLX0E,Waste Hero - Free Zero Waste Lesson Plans,"Apr 24, 2023",51,1
2023-11-17, -MJHhPKLX0E,Waste Hero - Free Zero Waste Lesson Plans,"Apr 24, 2023",51,0
2023-11-18, -MJHhPKLX0E,Waste Hero - Free Zero Waste Lesson Plans,"Apr 24, 2023",51,0
2023-11-19, -MJHhPKLX0E,Waste Hero - Free Zero Waste Lesson Plans,"Apr 24, 2023",51,2
2023-11-20, -MJHhPKLX0E,Waste Hero - Free Zero Waste Lesson Plans,"Apr 24, 2023",51,1
2023-11-21, -MJHhPKLX0E,Waste Hero - Free Zero Waste Lesson Plans,"Apr 24, 2023",51,2
2023-11-22, -MJHhPKLX0E,Waste Hero - Free Zero Waste Lesson Plans,"Apr 24, 2023",51,1
2023-11-23, -MJHhPKLX0E,Waste Hero - Free Zero Waste Lesson Plans,"Apr 24, 2023",51,0
2023-11-24, -MJHhPKLX0E,Waste Hero - Free Zero Waste Lesson Plans,"Apr 24, 2023",51,1
2023-11-25, -MJHhPKLX0E,Waste Hero - Free Zero Waste Lesson Plans,"Apr 24, 2023",51,0
2023-11-26, -MJHhPKLX0E,Waste Hero - Free Zero Waste Lesson Plans,"Apr 24, 2023",51,2
2023-11-27, -MJHhPKLX0E,Waste Hero - Free Zero Waste Lesson Plans,"Apr 24, 2023",51,3
2023-11-28, -MJHhPKLX0E,Waste Hero - Free Zero Waste Lesson Plans,"Apr 24, 2023",51,1
2023-11-29, -MJHhPKLX0E,Waste Hero - Free Zero Waste Lesson Plans,"Apr 24, 2023",51,0
2023-11-30, -MJHhPKLX0E,Waste Hero - Free Zero Waste Lesson Plans,"Apr 24, 2023",51,1
2023-12-01, -MJHhPKLX0E,Waste Hero - Free Zero Waste Lesson Plans,"Apr 24, 2023",51,2
2023-12-02, -MJHhPKLX0E,Waste Hero - Free Zero Waste Lesson Plans,"Apr 24, 2023",51,0
2023-12-03, -MJHhPKLX0E,Waste Hero - Free Zero Waste Lesson Plans,"Apr 24, 2023",51,0
2023-12-04, -MJHhPKLX0E,Waste Hero - Free Zero Waste Lesson Plans,"Apr 24, 2023",51,2
2023-12-05, -MJHhPKLX0E,Waste Hero - Free Zero Waste Lesson Plans,"Apr 24, 2023",51,0
2023-12-06, -MJHhPKLX0E,Waste Hero - Free Zero Waste Lesson Plans,"Apr 24, 2023",51,0
2023-12-07, -MJHhPKLX0E,Waste Hero - Free Zero Waste Lesson Plans,"Apr 24, 2023",51,0
2023-12-08, -MJHhPKLX0E,Waste Hero - Free Zero Waste Lesson Plans,"Apr 24, 2023",51,2
2023-12-09, -MJHhPKLX0E,Waste Hero - Free Zero Waste Lesson Plans,"Apr 24, 2023",51,0
2023-12-10, -MJHhPKLX0E,Waste Hero - Free Zero Waste Lesson Plans,"Apr 24, 2023",51,6
2023-12-11, -MJHhPKLX0E,Waste Hero - Free Zero Waste Lesson Plans,"Apr 24, 2023",51,2
2023-12-12, -MJHhPKLX0E,Waste Hero - Free Zero Waste Lesson Plans,"Apr 24, 2023",51,2
2023-12-13, -MJHhPKLX0E,Waste Hero - Free Zero Waste Lesson Plans,"Apr 24, 2023",51,2
2023-12-14, -MJHhPKLX0E,Waste Hero - Free Zero Waste Lesson Plans,"Apr 24, 2023",51,1
2023-12-15, -MJHhPKLX0E,Waste Hero - Free Zero Waste Lesson Plans,"Apr 24, 2023",51,0
2023-12-16, -MJHhPKLX0E,Waste Hero - Free Zero Waste Lesson Plans,"Apr 24, 2023",51,0
2023-12-17, -MJHhPKLX0E,Waste Hero - Free Zero Waste Lesson Plans,"Apr 24, 2023",51,0
2023-12-18, -MJHhPKLX0E,Waste Hero - Free Zero Waste Lesson Plans,"Apr 24, 2023",51,1
2023-12-19, -MJHhPKLX0E,Waste Hero - Free Zero Waste Lesson Plans,"Apr 24, 2023",51,1
2023-12-20, -MJHhPKLX0E,Waste Hero - Free Zero Waste Lesson Plans,"Apr 24, 2023",51,0
2023-12-21, -MJHhPKLX0E,Waste Hero - Free Zero Waste Lesson Plans,"Apr 24, 2023",51,0
2023-12-22, -MJHhPKLX0E,Waste Hero - Free Zero Waste Lesson Plans,"Apr 24, 2023",51,0
2023-12-23, -MJHhPKLX0E,Waste Hero - Free Zero Waste Lesson Plans,"Apr 24, 2023",51,0
2023-12-24, -MJHhPKLX0E,Waste Hero - Free Zero Waste Lesson Plans,"Apr 24, 2023",51,0
2023-12-25, -MJHhPKLX0E,Waste Hero - Free Zero Waste Lesson Plans,"Apr 24, 2023",51,2
2023-12-26, -MJHhPKLX0E,Waste Hero - Free Zero Waste Lesson Plans,"Apr 24, 2023",51,0
2023-12-27, -MJHhPKLX0E,Waste Hero - Free Zero Waste Lesson Plans,"Apr 24, 2023",51,1
2023-12-28, -MJHhPKLX0E,Waste Hero - Free Zero Waste Lesson Plans,"Apr 24, 2023",51,0
2023-12-29, -MJHhPKLX0E,Waste Hero - Free Zero Waste Lesson Plans,"Apr 24, 2023",51,0
2023-12-30, -MJHhPKLX0E,Waste Hero - Free Zero Waste Lesson Plans,"Apr 24, 2023",51,0
2023-12-31, -MJHhPKLX0E,Waste Hero - Free Zero Waste Lesson Plans,"Apr 24, 2023",51,1
2024-01-01, -MJHhPKLX0E,Waste Hero - Free Zero Waste Lesson Plans,"Apr 24, 2023",51,0
2024-01-02, -MJHhPKLX0E,Waste Hero - Free Zero Waste Lesson Plans,"Apr 24, 2023",51,6
2024-01-03, -MJHhPKLX0E,Waste Hero - Free Zero Waste Lesson Plans,"Apr 24, 2023",51,0
2024-01-04, -MJHhPKLX0E,Waste Hero - Free Zero Waste Lesson Plans,"Apr 24, 2023",51,0
2024-01-05, -MJHhPKLX0E,Waste Hero - Free Zero Waste Lesson Plans,"Apr 24, 2023",51,0
2024-01-06, -MJHhPKLX0E,Waste Hero - Free Zero Waste Lesson Plans,"Apr 24, 2023",51,0
2024-01-07, -MJHhPKLX0E,Waste Hero - Free Zero Waste Lesson Plans,"Apr 24, 2023",51,0
2024-01-08, -MJHhPKLX0E,Waste Hero - Free Zero Waste Lesson Plans,"Apr 24, 2023",51,0
2024-01-09, -MJHhPKLX0E,Waste Hero - Free Zero Waste Lesson Plans,"Apr 24, 2023",51,0
2024-01-10, -MJHhPKLX0E,Waste Hero - Free Zero Waste Lesson Plans,"Apr 24, 2023",51,1
2024-01-11, -MJHhPKLX0E,Waste Hero - Free Zero Waste Lesson Plans,"Apr 24, 2023",51,0
2024-01-12, -MJHhPKLX0E,Waste Hero - Free Zero Waste Lesson Plans,"Apr 24, 2023",51,0
2024-01-13, -MJHhPKLX0E,Waste Hero - Free Zero Waste Lesson Plans,"Apr 24, 2023",51,0
2024-01-14, -MJHhPKLX0E,Waste Hero - Free Zero Waste Lesson Plans,"Apr 24, 2023",51,0
2024-01-15, -MJHhPKLX0E,Waste Hero - Free Zero Waste Lesson Plans,"Apr 24, 2023",51,24575
2024-01-16, -MJHhPKLX0E,Waste Hero - Free Zero Waste Lesson Plans,"Apr 24, 2023",51,25693
2024-01-17, -MJHhPKLX0E,Waste Hero - Free Zero Waste Lesson Plans,"Apr 24, 2023",51,25982
2024-01-18, -MJHhPKLX0E,Waste Hero - Free Zero Waste Lesson Plans,"Apr 24, 2023",51,26260
2024-01-19, -MJHhPKLX0E,Waste Hero - Free Zero Waste Lesson Plans,"Apr 24, 2023",51,1
2024-01-20, -MJHhPKLX0E,Waste Hero - Free Zero Waste Lesson Plans,"Apr 24, 2023",51,0
2024-01-21, -MJHhPKLX0E,Waste Hero - Free Zero Waste Lesson Plans,"Apr 24, 2023",51,1
2024-01-22, -MJHhPKLX0E,Waste Hero - Free Zero Waste Lesson Plans,"Apr 24, 2023",51,2
2024-01-23, -MJHhPKLX0E,Waste Hero - Free Zero Waste Lesson Plans,"Apr 24, 2023",51,5518
2024-01-24, -MJHhPKLX0E,Waste Hero - Free Zero Waste Lesson Plans,"Apr 24, 2023",51,12732
2024-01-25, -MJHhPKLX0E,Waste Hero - Free Zero Waste Lesson Plans,"Apr 24, 2023",51,23807
2024-01-26, -MJHhPKLX0E,Waste Hero - Free Zero Waste Lesson Plans,"Apr 24, 2023",51,21009
2024-01-27, -MJHhPKLX0E,Waste Hero - Free Zero Waste Lesson Plans,"Apr 24, 2023",51,26471
2024-01-28, -MJHhPKLX0E,Waste Hero - Free Zero Waste Lesson Plans,"Apr 24, 2023",51,26678
2024-01-29, -MJHhPKLX0E,Waste Hero - Free Zero Waste Lesson Plans,"Apr 24, 2023",51,24966
2024-01-30, -MJHhPKLX0E,Waste Hero - Free Zero Waste Lesson Plans,"Apr 24, 2023",51,24500
2024-01-31, -MJHhPKLX0E,Waste Hero - Free Zero Waste Lesson Plans,"Apr 24, 2023",51,8
2024-02-01, -MJHhPKLX0E,Waste Hero - Free Zero Waste Lesson Plans,"Apr 24, 2023",51,1
2024-02-02, -MJHhPKLX0E,Waste Hero - Free Zero Waste Lesson Plans,"Apr 24, 2023",51,5
2024-02-03, -MJHhPKLX0E,Waste Hero - Free Zero Waste Lesson Plans,"Apr 24, 2023",51,0
2024-02-04, -MJHhPKLX0E,Waste Hero - Free Zero Waste Lesson Plans,"Apr 24, 2023",51,4
2024-02-05, -MJHhPKLX0E,Waste Hero - Free Zero Waste Lesson Plans,"Apr 24, 2023",51,4
2024-02-06, -MJHhPKLX0E,Waste Hero - Free Zero Waste Lesson Plans,"Apr 24, 2023",51,2
2024-02-07, -MJHhPKLX0E,Waste Hero - Free Zero Waste Lesson Plans,"Apr 24, 2023",51,1
2024-02-08, -MJHhPKLX0E,Waste Hero - Free Zero Waste Lesson Plans,"Apr 24, 2023",51,1
2024-02-09, -MJHhPKLX0E,Waste Hero - Free Zero Waste Lesson Plans,"Apr 24, 2023",51,1
2024-02-10, -MJHhPKLX0E,Waste Hero - Free Zero Waste Lesson Plans,"Apr 24, 2023",51,0
2024-02-11, -MJHhPKLX0E,Waste Hero - Free Zero Waste Lesson Plans,"Apr 24, 2023",51,0
2024-02-12, -MJHhPKLX0E,Waste Hero - Free Zero Waste Lesson Plans,"Apr 24, 2023",51,1
2024-02-13, -MJHhPKLX0E,Waste Hero - Free Zero Waste Lesson Plans,"Apr 24, 2023",51,1
2024-02-14, -MJHhPKLX0E,Waste Hero - Free Zero Waste Lesson Plans,"Apr 24, 2023",51,0
2024-02-15, -MJHhPKLX0E,Waste Hero - Free Zero Waste Lesson Plans,"Apr 24, 2023",51,2
2024-02-16, -MJHhPKLX0E,Waste Hero - Free Zero Waste Lesson Plans,"Apr 24, 2023",51,2
2024-02-17, -MJHhPKLX0E,Waste Hero - Free Zero Waste Lesson Plans,"Apr 24, 2023",51,1
2024-02-18, -MJHhPKLX0E,Waste Hero - Free Zero Waste Lesson Plans,"Apr 24, 2023",51,0
2024-02-19, -MJHhPKLX0E,Waste Hero - Free Zero Waste Lesson Plans,"Apr 24, 2023",51,0
2024-02-20, -MJHhPKLX0E,Waste Hero - Free Zero Waste Lesson Plans,"Apr 24, 2023",51,0
2024-02-21, -MJHhPKLX0E,Waste Hero - Free Zero Waste Lesson Plans,"Apr 24, 2023",51,0
2024-02-22, -MJHhPKLX0E,Waste Hero - Free Zero Waste Lesson Plans,"Apr 24, 2023",51,3
2024-02-23, -MJHhPKLX0E,Waste Hero - Free Zero Waste Lesson Plans,"Apr 24, 2023",51,0
2024-02-24, -MJHhPKLX0E,Waste Hero - Free Zero Waste Lesson Plans,"Apr 24, 2023",51,1
2024-02-25, -MJHhPKLX0E,Waste Hero - Free Zero Waste Lesson Plans,"Apr 24, 2023",51,0
2024-02-26, -MJHhPKLX0E,Waste Hero - Free Zero Waste Lesson Plans,"Apr 24, 2023",51,0
2024-02-27, -MJHhPKLX0E,Waste Hero - Free Zero Waste Lesson Plans,"Apr 24, 2023",51,2
2024-02-28, -MJHhPKLX0E,Waste Hero - Free Zero Waste Lesson Plans,"Apr 24, 2023",51,0
2024-02-29, -MJHhPKLX0E,Waste Hero - Free Zero Waste Lesson Plans,"Apr 24, 2023",51,0
2024-03-01, -MJHhPKLX0E,Waste Hero - Free Zero Waste Lesson Plans,"Apr 24, 2023",51,1
2024-03-02, -MJHhPKLX0E,Waste Hero - Free Zero Waste Lesson Plans,"Apr 24, 2023",51,1
2024-03-03, -MJHhPKLX0E,Waste Hero - Free Zero Waste Lesson Plans,"Apr 24, 2023",51,1
2024-03-04, -MJHhPKLX0E,Waste Hero - Free Zero Waste Lesson Plans,"Apr 24, 2023",51,1
2024-03-05, -MJHhPKLX0E,Waste Hero - Free Zero Waste Lesson Plans,"Apr 24, 2023",51,0
2024-03-06, -MJHhPKLX0E,Waste Hero - Free Zero Waste Lesson Plans,"Apr 24, 2023",51,1
2024-03-07, -MJHhPKLX0E,Waste Hero - Free Zero Waste Lesson Plans,"Apr 24, 2023",51,2
2024-03-08, -MJHhPKLX0E,Waste Hero - Free Zero Waste Lesson Plans,"Apr 24, 2023",51,0
2024-03-09, -MJHhPKLX0E,Waste Hero - Free Zero Waste Lesson Plans,"Apr 24, 2023",51,1
2024-03-10, -MJHhPKLX0E,Waste Hero - Free Zero Waste Lesson Plans,"Apr 24, 2023",51,1
2024-03-11, -MJHhPKLX0E,Waste Hero - Free Zero Waste Lesson Plans,"Apr 24, 2023",51,0
2024-03-12, -MJHhPKLX0E,Waste Hero - Free Zero Waste Lesson Plans,"Apr 24, 2023",51,0
2024-03-13, -MJHhPKLX0E,Waste Hero - Free Zero Waste Lesson Plans,"Apr 24, 2023",51,0
2024-03-14, -MJHhPKLX0E,Waste Hero - Free Zero Waste Lesson Plans,"Apr 24, 2023",51,0
2024-03-15, -MJHhPKLX0E,Waste Hero - Free Zero Waste Lesson Plans,"Apr 24, 2023",51,0
2024-03-16, -MJHhPKLX0E,Waste Hero - Free Zero Waste Lesson Plans,"Apr 24, 2023",51,1
2024-03-17, -MJHhPKLX0E,Waste Hero - Free Zero Waste Lesson Plans,"Apr 24, 2023",51,0
2024-03-18, -MJHhPKLX0E,Waste Hero - Free Zero Waste Lesson Plans,"Apr 24, 2023",51,1
2024-03-19, -MJHhPKLX0E,Waste Hero - Free Zero Waste Lesson Plans,"Apr 24, 2023",51,0
2024-03-20, -MJHhPKLX0E,Waste Hero - Free Zero Waste Lesson Plans,"Apr 24, 2023",51,1
2024-03-21, -MJHhPKLX0E,Waste Hero - Free Zero Waste Lesson Plans,"Apr 24, 2023",51,0
2024-03-22, -MJHhPKLX0E,Waste Hero - Free Zero Waste Lesson Plans,"Apr 24, 2023",51,0
2024-03-23, -MJHhPKLX0E,Waste Hero - Free Zero Waste Lesson Plans,"Apr 24, 2023",51,0
2024-03-24, -MJHhPKLX0E,Waste Hero - Free Zero Waste Lesson Plans,"Apr 24, 2023",51,1
2024-03-25, -MJHhPKLX0E,Waste Hero - Free Zero Waste Lesson Plans,"Apr 24, 2023",51,0
2024-03-26, -MJHhPKLX0E,Waste Hero - Free Zero Waste Lesson Plans,"Apr 24, 2023",51,0
2024-03-27, -MJHhPKLX0E,Waste Hero - Free Zero Waste Lesson Plans,"Apr 24, 2023",51,0
2024-03-28, -MJHhPKLX0E,Waste Hero - Free Zero Waste Lesson Plans,"Apr 24, 2023",51,6
2024-03-29, -MJHhPKLX0E,Waste Hero - Free Zero Waste Lesson Plans,"Apr 24, 2023",51,0
2024-03-30, -MJHhPKLX0E,Waste Hero - Free Zero Waste Lesson Plans,"Apr 24, 2023",51,1
2024-03-31, -MJHhPKLX0E,Waste Hero - Free Zero Waste Lesson Plans,"Apr 24, 2023",51,1
2024-04-01, -MJHhPKLX0E,Waste Hero - Free Zero Waste Lesson Plans,"Apr 24, 2023",51,3
2024-04-02, -MJHhPKLX0E,Waste Hero - Free Zero Waste Lesson Plans,"Apr 24, 2023",51,1
2024-04-03, -MJHhPKLX0E,Waste Hero - Free Zero Waste Lesson Plans,"Apr 24, 2023",51,0
2024-04-04, -MJHhPKLX0E,Waste Hero - Free Zero Waste Lesson Plans,"Apr 24, 2023",51,0
2024-04-05, -MJHhPKLX0E,Waste Hero - Free Zero Waste Lesson Plans,"Apr 24, 2023",51,0
2024-04-06, -MJHhPKLX0E,Waste Hero - Free Zero Waste Lesson Plans,"Apr 24, 2023",51,0
2024-04-07, -MJHhPKLX0E,Waste Hero - Free Zero Waste Lesson Plans,"Apr 24, 2023",51,1
2024-04-08, -MJHhPKLX0E,Waste Hero - Free Zero Waste Lesson Plans,"Apr 24, 2023",51,1
2024-04-09, -MJHhPKLX0E,Waste Hero - Free Zero Waste Lesson Plans,"Apr 24, 2023",51,0
2024-04-10, -MJHhPKLX0E,Waste Hero - Free Zero Waste Lesson Plans,"Apr 24, 2023",51,0
2024-04-11, -MJHhPKLX0E,Waste Hero - Free Zero Waste Lesson Plans,"Apr 24, 2023",51,0
2024-04-12, -MJHhPKLX0E,Waste Hero - Free Zero Waste Lesson Plans,"Apr 24, 2023",51,0
2024-04-13, -MJHhPKLX0E,Waste Hero - Free Zero Waste Lesson Plans,"Apr 24, 2023",51,0
2024-04-14, -MJHhPKLX0E,Waste Hero - Free Zero Waste Lesson Plans,"Apr 24, 2023",51,0
2024-04-15, -MJHhPKLX0E,Waste Hero - Free Zero Waste Lesson Plans,"Apr 24, 2023",51,0
2024-04-16, -MJHhPKLX0E,Waste Hero - Free Zero Waste Lesson Plans,"Apr 24, 2023",51,0
2024-04-17, -MJHhPKLX0E,Waste Hero - Free Zero Waste Lesson Plans,"Apr 24, 2023",51,1
2024-04-18, -MJHhPKLX0E,Waste Hero - Free Zero Waste Lesson Plans,"Apr 24, 2023",51,4
2024-04-19, -MJHhPKLX0E,Waste Hero - Free Zero Waste Lesson Plans,"Apr 24, 2023",51,0
2024-04-20, -MJHhPKLX0E,Waste Hero - Free Zero Waste Lesson Plans,"Apr 24, 2023",51,1
2024-04-21, -MJHhPKLX0E,Waste Hero - Free Zero Waste Lesson Plans,"Apr 24, 2023",51,0
2024-04-22, -MJHhPKLX0E,Waste Hero - Free Zero Waste Lesson Plans,"Apr 24, 2023",51,0
2024-04-23, -MJHhPKLX0E,Waste Hero - Free Zero Waste Lesson Plans,"Apr 24, 2023",51,0
2024-04-24, -MJHhPKLX0E,Waste Hero - Free Zero Waste Lesson Plans,"Apr 24, 2023",51,1
2024-04-25, -MJHhPKLX0E,Waste Hero - Free Zero Waste Lesson Plans,"Apr 24, 2023",51,0
2024-04-26, -MJHhPKLX0E,Waste Hero - Free Zero Waste Lesson Plans,"Apr 24, 2023",51,0
2024-04-27, -MJHhPKLX0E,Waste Hero - Free Zero Waste Lesson Plans,"Apr 24, 2023",51,0
2024-04-28, -MJHhPKLX0E,Waste Hero - Free Zero Waste Lesson Plans,"Apr 24, 2023",51,0
2024-04-29, -MJHhPKLX0E,Waste Hero - Free Zero Waste Lesson Plans,"Apr 24, 2023",51,1
2024-04-30, -MJHhPKLX0E,Waste Hero - Free Zero Waste Lesson Plans,"Apr 24, 2023",51,0
2024-05-01, -MJHhPKLX0E,Waste Hero - Free Zero Waste Lesson Plans,"Apr 24, 2023",51,0
2024-05-02, -MJHhPKLX0E,Waste Hero - Free Zero Waste Lesson Plans,"Apr 24, 2023",51,0
2024-05-03, -MJHhPKLX0E,Waste Hero - Free Zero Waste Lesson Plans,"Apr 24, 2023",51,1
2024-05-04, -MJHhPKLX0E,Waste Hero - Free Zero Waste Lesson Plans,"Apr 24, 2023",51,0
2024-05-05, -MJHhPKLX0E,Waste Hero - Free Zero Waste Lesson Plans,"Apr 24, 2023",51,0
2024-05-06, -MJHhPKLX0E,Waste Hero - Free Zero Waste Lesson Plans,"Apr 24, 2023",51,0
2024-05-07, -MJHhPKLX0E,Waste Hero - Free Zero Waste Lesson Plans,"Apr 24, 2023",51,2
2024-05-08, -MJHhPKLX0E,Waste Hero - Free Zero Waste Lesson Plans,"Apr 24, 2023",51,0
2024-05-09, -MJHhPKLX0E,Waste Hero - Free Zero Waste Lesson Plans,"Apr 24, 2023",51,0
2024-05-10, -MJHhPKLX0E,Waste Hero - Free Zero Waste Lesson Plans,"Apr 24, 2023",51,1
2024-05-11, -MJHhPKLX0E,Waste Hero - Free Zero Waste Lesson Plans,"Apr 24, 2023",51,0
2024-05-12, -MJHhPKLX0E,Waste Hero - Free Zero Waste Lesson Plans,"Apr 24, 2023",51,0
2024-05-13, -MJHhPKLX0E,Waste Hero - Free Zero Waste Lesson Plans,"Apr 24, 2023",51,0
2024-05-14, -MJHhPKLX0E,Waste Hero - Free Zero Waste Lesson Plans,"Apr 24, 2023",51,1
2024-05-15, -MJHhPKLX0E,Waste Hero - Free Zero Waste Lesson Plans,"Apr 24, 2023",51,3
2024-05-16, -MJHhPKLX0E,Waste Hero - Free Zero Waste Lesson Plans,"Apr 24, 2023",51,2
2024-05-17, -MJHhPKLX0E,Waste Hero - Free Zero Waste Lesson Plans,"Apr 24, 2023",51,0
2024-05-18, -MJHhPKLX0E,Waste Hero - Free Zero Waste Lesson Plans,"Apr 24, 2023",51,0
2024-05-19, -MJHhPKLX0E,Waste Hero - Free Zero Waste Lesson Plans,"Apr 24, 2023",51,0
2024-05-20, -MJHhPKLX0E,Waste Hero - Free Zero Waste Lesson Plans,"Apr 24, 2023",51,1
2024-05-21, -MJHhPKLX0E,Waste Hero - Free Zero Waste Lesson Plans,"Apr 24, 2023",51,0
2024-05-22, -MJHhPKLX0E,Waste Hero - Free Zero Waste Lesson Plans,"Apr 24, 2023",51,0
2024-05-23, -MJHhPKLX0E,Waste Hero - Free Zero Waste Lesson Plans,"Apr 24, 2023",51,0
2024-05-24, -MJHhPKLX0E,Waste Hero - Free Zero Waste Lesson Plans,"Apr 24, 2023",51,0
2024-05-25, -MJHhPKLX0E,Waste Hero - Free Zero Waste Lesson Plans,"Apr 24, 2023",51,0
2024-05-26, -MJHhPKLX0E,Waste Hero - Free Zero Waste Lesson Plans,"Apr 24, 2023",51,0
2024-05-27, -MJHhPKLX0E,Waste Hero - Free Zero Waste Lesson Plans,"Apr 24, 2023",51,0
2024-05-28, -MJHhPKLX0E,Waste Hero - Free Zero Waste Lesson Plans,"Apr 24, 2023",51,0
2024-05-29, -MJHhPKLX0E,Waste Hero - Free Zero Waste Lesson Plans,"Apr 24, 2023",51,0
2024-05-30, -MJHhPKLX0E,Waste Hero - Free Zero Waste Lesson Plans,"Apr 24, 2023",51,0
2024-05-31, -MJHhPKLX0E,Waste Hero - Free Zero Waste Lesson Plans,"Apr 24, 2023",51,0
2024-06-01, -MJHhPKLX0E,Waste Hero - Free Zero Waste Lesson Plans,"Apr 24, 2023",51,0
2024-06-02, -MJHhPKLX0E,Waste Hero - Free Zero Waste Lesson Plans,"Apr 24, 2023",51,1
2024-06-03, -MJHhPKLX0E,Waste Hero - Free Zero Waste Lesson Plans,"Apr 24, 2023",51,1
2024-06-04, -MJHhPKLX0E,Waste Hero - Free Zero Waste Lesson Plans,"Apr 24, 2023",51,0
2024-06-05, -MJHhPKLX0E,Waste Hero - Free Zero Waste Lesson Plans,"Apr 24, 2023",51,0
2024-06-06, -MJHhPKLX0E,Waste Hero - Free Zero Waste Lesson Plans,"Apr 24, 2023",51,2
2024-06-07, -MJHhPKLX0E,Waste Hero - Free Zero Waste Lesson Plans,"Apr 24, 2023",51,0
2024-06-08, -MJHhPKLX0E,Waste Hero - Free Zero Waste Lesson Plans,"Apr 24, 2023",51,0
2024-06-09, -MJHhPKLX0E,Waste Hero - Free Zero Waste Lesson Plans,"Apr 24, 2023",51,0
2024-06-10, -MJHhPKLX0E,Waste Hero - Free Zero Waste Lesson Plans,"Apr 24, 2023",51,0
2024-06-11, -MJHhPKLX0E,Waste Hero - Free Zero Waste Lesson Plans,"Apr 24, 2023",51,0
2024-06-12, -MJHhPKLX0E,Waste Hero - Free Zero Waste Lesson Plans,"Apr 24, 2023",51,0
2024-06-13, -MJHhPKLX0E,Waste Hero - Free Zero Waste Lesson Plans,"Apr 24, 2023",51,1
2024-06-14, -MJHhPKLX0E,Waste Hero - Free Zero Waste Lesson Plans,"Apr 24, 2023",51,0
2024-06-15, -MJHhPKLX0E,Waste Hero - Free Zero Waste Lesson Plans,"Apr 24, 2023",51,0
2024-06-16, -MJHhPKLX0E,Waste Hero - Free Zero Waste Lesson Plans,"Apr 24, 2023",51,0
2024-06-17, -MJHhPKLX0E,Waste Hero - Free Zero Waste Lesson Plans,"Apr 24, 2023",51,0
2024-06-18, -MJHhPKLX0E,Waste Hero - Free Zero Waste Lesson Plans,"Apr 24, 2023",51,0
2024-06-19, -MJHhPKLX0E,Waste Hero - Free Zero Waste Lesson Plans,"Apr 24, 2023",51,0
2024-06-20, -MJHhPKLX0E,Waste Hero - Free Zero Waste Lesson Plans,"Apr 24, 2023",51,0
2024-06-21, -MJHhPKLX0E,Waste Hero - Free Zero Waste Lesson Plans,"Apr 24, 2023",51,1
2024-06-22, -MJHhPKLX0E,Waste Hero - Free Zero Waste Lesson Plans,"Apr 24, 2023",51,0
2024-06-23, -MJHhPKLX0E,Waste Hero - Free Zero Waste Lesson Plans,"Apr 24, 2023",51,0
2024-06-24, -MJHhPKLX0E,Waste Hero - Free Zero Waste Lesson Plans,"Apr 24, 2023",51,0
2024-06-25, -MJHhPKLX0E,Waste Hero - Free Zero Waste Lesson Plans,"Apr 24, 2023",51,0
2024-06-26, -MJHhPKLX0E,Waste Hero - Free Zero Waste Lesson Plans,"Apr 24, 2023",51,0
2024-06-27, -MJHhPKLX0E,Waste Hero - Free Zero Waste Lesson Plans,"Apr 24, 2023",51,0
2024-06-28, -MJHhPKLX0E,Waste Hero - Free Zero Waste Lesson Plans,"Apr 24, 2023",51,0
2024-06-29, -MJHhPKLX0E,Waste Hero - Free Zero Waste Lesson Plans,"Apr 24, 2023",51,0
2024-06-30, -MJHhPKLX0E,Waste Hero - Free Zero Waste Lesson Plans,"Apr 24, 2023",51,0
2024-07-01, -MJHhPKLX0E,Waste Hero - Free Zero Waste Lesson Plans,"Apr 24, 2023",51,0
2024-07-02, -MJHhPKLX0E,Waste Hero - Free Zero Waste Lesson Plans,"Apr 24, 2023",51,0
2024-07-03, -MJHhPKLX0E,Waste Hero - Free Zero Waste Lesson Plans,"Apr 24, 2023",51,0
2024-07-04, -MJHhPKLX0E,Waste Hero - Free Zero Waste Lesson Plans,"Apr 24, 2023",51,3
2024-07-05, -MJHhPKLX0E,Waste Hero - Free Zero Waste Lesson Plans,"Apr 24, 2023",51,1
2024-07-06, -MJHhPKLX0E,Waste Hero - Free Zero Waste Lesson Plans,"Apr 24, 2023",51,0
2024-07-07, -MJHhPKLX0E,Waste Hero - Free Zero Waste Lesson Plans,"Apr 24, 2023",51,0
2024-07-08, -MJHhPKLX0E,Waste Hero - Free Zero Waste Lesson Plans,"Apr 24, 2023",51,0
2024-07-09, -MJHhPKLX0E,Waste Hero - Free Zero Waste Lesson Plans,"Apr 24, 2023",51,0
2024-07-10, -MJHhPKLX0E,Waste Hero - Free Zero Waste Lesson Plans,"Apr 24, 2023",51,0
2024-07-11, -MJHhPKLX0E,Waste Hero - Free Zero Waste Lesson Plans,"Apr 24, 2023",51,0
2024-07-12, -MJHhPKLX0E,Waste Hero - Free Zero Waste Lesson Plans,"Apr 24, 2023",51,0
2024-07-13, -MJHhPKLX0E,Waste Hero - Free Zero Waste Lesson Plans,"Apr 24, 2023",51,1
2024-07-14, -MJHhPKLX0E,Waste Hero - Free Zero Waste Lesson Plans,"Apr 24, 2023",51,0
2024-07-15, -MJHhPKLX0E,Waste Hero - Free Zero Waste Lesson Plans,"Apr 24, 2023",51,0
2024-07-16, -MJHhPKLX0E,Waste Hero - Free Zero Waste Lesson Plans,"Apr 24, 2023",51,0
2024-07-17, -MJHhPKLX0E,Waste Hero - Free Zero Waste Lesson Plans,"Apr 24, 2023",51,0
2024-07-18, -MJHhPKLX0E,Waste Hero - Free Zero Waste Lesson Plans,"Apr 24, 2023",51,0
2024-07-19, -MJHhPKLX0E,Waste Hero - Free Zero Waste Lesson Plans,"Apr 24, 2023",51,0
2024-07-20, -MJHhPKLX0E,Waste Hero - Free Zero Waste Lesson Plans,"Apr 24, 2023",51,0
2024-07-21, -MJHhPKLX0E,Waste Hero - Free Zero Waste Lesson Plans,"Apr 24, 2023",51,0
2024-07-22, -MJHhPKLX0E,Waste Hero - Free Zero Waste Lesson Plans,"Apr 24, 2023",51,0
2024-07-23, -MJHhPKLX0E,Waste Hero - Free Zero Waste Lesson Plans,"Apr 24, 2023",51,0
2024-07-24, -MJHhPKLX0E,Waste Hero - Free Zero Waste Lesson Plans,"Apr 24, 2023",51,0
2024-07-25, -MJHhPKLX0E,Waste Hero - Free Zero Waste Lesson Plans,"Apr 24, 2023",51,0
2024-07-26, -MJHhPKLX0E,Waste Hero - Free Zero Waste Lesson Plans,"Apr 24, 2023",51,0
2024-07-27, -MJHhPKLX0E,Waste Hero - Free Zero Waste Lesson Plans,"Apr 24, 2023",51,0
2024-07-28, -MJHhPKLX0E,Waste Hero - Free Zero Waste Lesson Plans,"Apr 24, 2023",51,0
2024-07-29, -MJHhPKLX0E,Waste Hero - Free Zero Waste Lesson Plans,"Apr 24, 2023",51,1
2024-07-30, -MJHhPKLX0E,Waste Hero - Free Zero Waste Lesson Plans,"Apr 24, 2023",51,0
2024-07-31, -MJHhPKLX0E,Waste Hero - Free Zero Waste Lesson Plans,"Apr 24, 2023",51,0
2024-08-01, -MJHhPKLX0E,Waste Hero - Free Zero Waste Lesson Plans,"Apr 24, 2023",51,0
2024-08-02, -MJHhPKLX0E,Waste Hero - Free Zero Waste Lesson Plans,"Apr 24, 2023",51,0
2024-08-03, -MJHhPKLX0E,Waste Hero - Free Zero Waste Lesson Plans,"Apr 24, 2023",51,0
2024-08-04, -MJHhPKLX0E,Waste Hero - Free Zero Waste Lesson Plans,"Apr 24, 2023",51,0
2024-08-05, -MJHhPKLX0E,Waste Hero - Free Zero Waste Lesson Plans,"Apr 24, 2023",51,0
2024-08-06, -MJHhPKLX0E,Waste Hero - Free Zero Waste Lesson Plans,"Apr 24, 2023",51,1
2024-08-07, -MJHhPKLX0E,Waste Hero - Free Zero Waste Lesson Plans,"Apr 24, 2023",51,1
2024-08-08, -MJHhPKLX0E,Waste Hero - Free Zero Waste Lesson Plans,"Apr 24, 2023",51,0
2024-08-09, -MJHhPKLX0E,Waste Hero - Free Zero Waste Lesson Plans,"Apr 24, 2023",51,0
2024-08-10, -MJHhPKLX0E,Waste Hero - Free Zero Waste Lesson Plans,"Apr 24, 2023",51,1
2024-08-11, -MJHhPKLX0E,Waste Hero - Free Zero Waste Lesson Plans,"Apr 24, 2023",51,0
2024-08-12, -MJHhPKLX0E,Waste Hero - Free Zero Waste Lesson Plans,"Apr 24, 2023",51,0
2024-08-13, -MJHhPKLX0E,Waste Hero - Free Zero Waste Lesson Plans,"Apr 24, 2023",51,0
2024-08-14, -MJHhPKLX0E,Waste Hero - Free Zero Waste Lesson Plans,"Apr 24, 2023",51,0
2024-08-15, -MJHhPKLX0E,Waste Hero - Free Zero Waste Lesson Plans,"Apr 24, 2023",51,0
2024-08-16, -MJHhPKLX0E,Waste Hero - Free Zero Waste Lesson Plans,"Apr 24, 2023",51,0
2024-08-17, -MJHhPKLX0E,Waste Hero - Free Zero Waste Lesson Plans,"Apr 24, 2023",51,0
2024-08-18, -MJHhPKLX0E,Waste Hero - Free Zero Waste Lesson Plans,"Apr 24, 2023",51,0
2024-08-19, -MJHhPKLX0E,Waste Hero - Free Zero Waste Lesson Plans,"Apr 24, 2023",51,0
2024-08-20, -MJHhPKLX0E,Waste Hero - Free Zero Waste Lesson Plans,"Apr 24, 2023",51,1
2024-08-21, -MJHhPKLX0E,Waste Hero - Free Zero Waste Lesson Plans,"Apr 24, 2023",51,2
2024-08-22, -MJHhPKLX0E,Waste Hero - Free Zero Waste Lesson Plans,"Apr 24, 2023",51,0
2024-08-23, -MJHhPKLX0E,Waste Hero - Free Zero Waste Lesson Plans,"Apr 24, 2023",51,0
2024-08-24, -MJHhPKLX0E,Waste Hero - Free Zero Waste Lesson Plans,"Apr 24, 2023",51,0
2024-08-25, -MJHhPKLX0E,Waste Hero - Free Zero Waste Lesson Plans,"Apr 24, 2023",51,0
2024-08-26, -MJHhPKLX0E,Waste Hero - Free Zero Waste Lesson Plans,"Apr 24, 2023",51,0
2024-08-27, -MJHhPKLX0E,Waste Hero - Free Zero Waste Lesson Plans,"Apr 24, 2023",51,2
2024-08-28, -MJHhPKLX0E,Waste Hero - Free Zero Waste Lesson Plans,"Apr 24, 2023",51,1
2024-08-29, -MJHhPKLX0E,Waste Hero - Free Zero Waste Lesson Plans,"Apr 24, 2023",51,0
2024-08-30, -MJHhPKLX0E,Waste Hero - Free Zero Waste Lesson Plans,"Apr 24, 2023",51,0
2024-08-31, -MJHhPKLX0E,Waste Hero - Free Zero Waste Lesson Plans,"Apr 24, 2023",51,0
2024-09-01, -MJHhPKLX0E,Waste Hero - Free Zero Waste Lesson Plans,"Apr 24, 2023",51,12
2024-09-02, -MJHhPKLX0E,Waste Hero - Free Zero Waste Lesson Plans,"Apr 24, 2023",51,0
2024-09-03, -MJHhPKLX0E,Waste Hero - Free Zero Waste Lesson Plans,"Apr 24, 2023",51,0
2024-09-04, -MJHhPKLX0E,Waste Hero - Free Zero Waste Lesson Plans,"Apr 24, 2023",51,0
2024-09-05, -MJHhPKLX0E,Waste Hero - Free Zero Waste Lesson Plans,"Apr 24, 2023",51,0
2024-09-06, -MJHhPKLX0E,Waste Hero - Free Zero Waste Lesson Plans,"Apr 24, 2023",51,0
2024-09-07, -MJHhPKLX0E,Waste Hero - Free Zero Waste Lesson Plans,"Apr 24, 2023",51,0
2024-09-08, -MJHhPKLX0E,Waste Hero - Free Zero Waste Lesson Plans,"Apr 24, 2023",51,0
2024-09-09, -MJHhPKLX0E,Waste Hero - Free Zero Waste Lesson Plans,"Apr 24, 2023",51,0
2024-09-10, -MJHhPKLX0E,Waste Hero - Free Zero Waste Lesson Plans,"Apr 24, 2023",51,0
2024-09-11, -MJHhPKLX0E,Waste Hero - Free Zero Waste Lesson Plans,"Apr 24, 2023",51,3
2024-09-12, -MJHhPKLX0E,Waste Hero - Free Zero Waste Lesson Plans,"Apr 24, 2023",51,1
2024-09-13, -MJHhPKLX0E,Waste Hero - Free Zero Waste Lesson Plans,"Apr 24, 2023",51,0
2024-09-14, -MJHhPKLX0E,Waste Hero - Free Zero Waste Lesson Plans,"Apr 24, 2023",51,1
2024-09-15, -MJHhPKLX0E,Waste Hero - Free Zero Waste Lesson Plans,"Apr 24, 2023",51,0
2024-09-16, -MJHhPKLX0E,Waste Hero - Free Zero Waste Lesson Plans,"Apr 24, 2023",51,3
2024-09-17, -MJHhPKLX0E,Waste Hero - Free Zero Waste Lesson Plans,"Apr 24, 2023",51,0
2024-09-18, -MJHhPKLX0E,Waste Hero - Free Zero Waste Lesson Plans,"Apr 24, 2023",51,0
2024-09-19, -MJHhPKLX0E,Waste Hero - Free Zero Waste Lesson Plans,"Apr 24, 2023",51,1
2024-09-20, -MJHhPKLX0E,Waste Hero - Free Zero Waste Lesson Plans,"Apr 24, 2023",51,0
2024-09-21, -MJHhPKLX0E,Waste Hero - Free Zero Waste Lesson Plans,"Apr 24, 2023",51,0
2024-09-22, -MJHhPKLX0E,Waste Hero - Free Zero Waste Lesson Plans,"Apr 24, 2023",51,0
2024-09-23, -MJHhPKLX0E,Waste Hero - Free Zero Waste Lesson Plans,"Apr 24, 2023",51,0
2024-09-24, -MJHhPKLX0E,Waste Hero - Free Zero Waste Lesson Plans,"Apr 24, 2023",51,0
2024-09-25, -MJHhPKLX0E,Waste Hero - Free Zero Waste Lesson Plans,"Apr 24, 2023",51,2
2024-09-26, -MJHhPKLX0E,Waste Hero - Free Zero Waste Lesson Plans,"Apr 24, 2023",51,2
2024-09-27, -MJHhPKLX0E,Waste Hero - Free Zero Waste Lesson Plans,"Apr 24, 2023",51,2
2024-09-28, -MJHhPKLX0E,Waste Hero - Free Zero Waste Lesson Plans,"Apr 24, 2023",51,0
2024-09-29, -MJHhPKLX0E,Waste Hero - Free Zero Waste Lesson Plans,"Apr 24, 2023",51,0
2024-09-30, -MJHhPKLX0E,Waste Hero - Free Zero Waste Lesson Plans,"Apr 24, 2023",51,2
2024-10-01, -MJHhPKLX0E,Waste Hero - Free Zero Waste Lesson Plans,"Apr 24, 2023",51,2
2024-10-02, -MJHhPKLX0E,Waste Hero - Free Zero Waste Lesson Plans,"Apr 24, 2023",51,1
2024-10-03, -MJHhPKLX0E,Waste Hero - Free Zero Waste Lesson Plans,"Apr 24, 2023",51,0
2024-10-04, -MJHhPKLX0E,Waste Hero - Free Zero Waste Lesson Plans,"Apr 24, 2023",51,0
2024-10-05, -MJHhPKLX0E,Waste Hero - Free Zero Waste Lesson Plans,"Apr 24, 2023",51,0
2024-10-06, -MJHhPKLX0E,Waste Hero - Free Zero Waste Lesson Plans,"Apr 24, 2023",51,1
2024-10-07, -MJHhPKLX0E,Waste Hero - Free Zero Waste Lesson Plans,"Apr 24, 2023",51,2
2024-10-08, -MJHhPKLX0E,Waste Hero - Free Zero Waste Lesson Plans,"Apr 24, 2023",51,2
2024-10-09, -MJHhPKLX0E,Waste Hero - Free Zero Waste Lesson Plans,"Apr 24, 2023",51,0
2024-10-10, -MJHhPKLX0E,Waste Hero - Free Zero Waste Lesson Plans,"Apr 24, 2023",51,0
2024-10-11, -MJHhPKLX0E,Waste Hero - Free Zero Waste Lesson Plans,"Apr 24, 2023",51,0
2024-10-12, -MJHhPKLX0E,Waste Hero - Free Zero Waste Lesson Plans,"Apr 24, 2023",51,0
2024-10-13, -MJHhPKLX0E,Waste Hero - Free Zero Waste Lesson Plans,"Apr 24, 2023",51,0
2024-10-14, -MJHhPKLX0E,Waste Hero - Free Zero Waste Lesson Plans,"Apr 24, 2023",51,0
2024-10-15, -MJHhPKLX0E,Waste Hero - Free Zero Waste Lesson Plans,"Apr 24, 2023",51,1
2024-10-16, -MJHhPKLX0E,Waste Hero - Free Zero Waste Lesson Plans,"Apr 24, 2023",51,1
2024-10-17, -MJHhPKLX0E,Waste Hero - Free Zero Waste Lesson Plans,"Apr 24, 2023",51,0
2024-10-18, -MJHhPKLX0E,Waste Hero - Free Zero Waste Lesson Plans,"Apr 24, 2023",51,0
2024-10-19, -MJHhPKLX0E,Waste Hero - Free Zero Waste Lesson Plans,"Apr 24, 2023",51,0
2024-10-20, -MJHhPKLX0E,Waste Hero - Free Zero Waste Lesson Plans,"Apr 24, 2023",51,1
2024-10-21, -MJHhPKLX0E,Waste Hero - Free Zero Waste Lesson Plans,"Apr 24, 2023",51,0
2024-10-22, -MJHhPKLX0E,Waste Hero - Free Zero Waste Lesson Plans,"Apr 24, 2023",51,0
2024-10-23, -MJHhPKLX0E,Waste Hero - Free Zero Waste Lesson Plans,"Apr 24, 2023",51,0
2024-10-24, -MJHhPKLX0E,Waste Hero - Free Zero Waste Lesson Plans,"Apr 24, 2023",51,0
2024-10-25, -MJHhPKLX0E,Waste Hero - Free Zero Waste Lesson Plans,"Apr 24, 2023",51,0
2024-10-26, -MJHhPKLX0E,Waste Hero - Free Zero Waste Lesson Plans,"Apr 24, 2023",51,1
2024-10-27, -MJHhPKLX0E,Waste Hero - Free Zero Waste Lesson Plans,"Apr 24, 2023",51,0
2024-10-28, -MJHhPKLX0E,Waste Hero - Free Zero Waste Lesson Plans,"Apr 24, 2023",51,0
2024-10-29, -MJHhPKLX0E,Waste Hero - Free Zero Waste Lesson Plans,"Apr 24, 2023",51,0
2024-10-30, -MJHhPKLX0E,Waste Hero - Free Zero Waste Lesson Plans,"Apr 24, 2023",51,0
2024-10-31, -MJHhPKLX0E,Waste Hero - Free Zero Waste Lesson Plans,"Apr 24, 2023",51,0
2024-11-01, -MJHhPKLX0E,Waste Hero - Free Zero Waste Lesson Plans,"Apr 24, 2023",51,0
2024-11-02, -MJHhPKLX0E,Waste Hero - Free Zero Waste Lesson Plans,"Apr 24, 2023",51,0
2024-11-03, -MJHhPKLX0E,Waste Hero - Free Zero Waste Lesson Plans,"Apr 24, 2023",51,0
2024-11-04, -MJHhPKLX0E,Waste Hero - Free Zero Waste Lesson Plans,"Apr 24, 2023",51,1
2024-11-05, -MJHhPKLX0E,Waste Hero - Free Zero Waste Lesson Plans,"Apr 24, 2023",51,0
2024-11-06, -MJHhPKLX0E,Waste Hero - Free Zero Waste Lesson Plans,"Apr 24, 2023",51,0
2024-11-07, -MJHhPKLX0E,Waste Hero - Free Zero Waste Lesson Plans,"Apr 24, 2023",51,1
2024-11-08, -MJHhPKLX0E,Waste Hero - Free Zero Waste Lesson Plans,"Apr 24, 2023",51,0
2024-11-09, -MJHhPKLX0E,Waste Hero - Free Zero Waste Lesson Plans,"Apr 24, 2023",51,0
2024-11-10, -MJHhPKLX0E,Waste Hero - Free Zero Waste Lesson Plans,"Apr 24, 2023",51,0
2024-11-11, -MJHhPKLX0E,Waste Hero - Free Zero Waste Lesson Plans,"Apr 24, 2023",51,0
2024-11-12, -MJHhPKLX0E,Waste Hero - Free Zero Waste Lesson Plans,"Apr 24, 2023",51,1
2024-11-13, -MJHhPKLX0E,Waste Hero - Free Zero Waste Lesson Plans,"Apr 24, 2023",51,0
2024-11-14, -MJHhPKLX0E,Waste Hero - Free Zero Waste Lesson Plans,"Apr 24, 2023",51,0
2024-11-15, -MJHhPKLX0E,Waste Hero - Free Zero Waste Lesson Plans,"Apr 24, 2023",51,0
2024-11-16, -MJHhPKLX0E,Waste Hero - Free Zero Waste Lesson Plans,"Apr 24, 2023",51,0
2024-11-17, -MJHhPKLX0E,Waste Hero - Free Zero Waste Lesson Plans,"Apr 24, 2023",51,2
2024-11-18, -MJHhPKLX0E,Waste Hero - Free Zero Waste Lesson Plans,"Apr 24, 2023",51,1
2024-11-19, -MJHhPKLX0E,Waste Hero - Free Zero Waste Lesson Plans,"Apr 24, 2023",51,0
2024-11-20, -MJHhPKLX0E,Waste Hero - Free Zero Waste Lesson Plans,"Apr 24, 2023",51,1
2024-11-21, -MJHhPKLX0E,Waste Hero - Free Zero Waste Lesson Plans,"Apr 24, 2023",51,0
2024-11-22, -MJHhPKLX0E,Waste Hero - Free Zero Waste Lesson Plans,"Apr 24, 2023",51,1
2024-11-23, -MJHhPKLX0E,Waste Hero - Free Zero Waste Lesson Plans,"Apr 24, 2023",51,0
2024-11-24, -MJHhPKLX0E,Waste Hero - Free Zero Waste Lesson Plans,"Apr 24, 2023",51,0
2024-11-25, -MJHhPKLX0E,Waste Hero - Free Zero Waste Lesson Plans,"Apr 24, 2023",51,1
2024-11-26, -MJHhPKLX0E,Waste Hero - Free Zero Waste Lesson Plans,"Apr 24, 2023",51,3
2024-11-27, -MJHhPKLX0E,Waste Hero - Free Zero Waste Lesson Plans,"Apr 24, 2023",51,0
2024-11-28, -MJHhPKLX0E,Waste Hero - Free Zero Waste Lesson Plans,"Apr 24, 2023",51,0
2024-11-29, -MJHhPKLX0E,Waste Hero - Free Zero Waste Lesson Plans,"Apr 24, 2023",51,0
2024-11-30, -MJHhPKLX0E,Waste Hero - Free Zero Waste Lesson Plans,"Apr 24, 2023",51,0
2024-12-01, -MJHhPKLX0E,Waste Hero - Free Zero Waste Lesson Plans,"Apr 24, 2023",51,0
2024-12-02, -MJHhPKLX0E,Waste Hero - Free Zero Waste Lesson Plans,"Apr 24, 2023",51,0
2024-12-03, -MJHhPKLX0E,Waste Hero - Free Zero Waste Lesson Plans,"Apr 24, 2023",51,0
2024-12-04, -MJHhPKLX0E,Waste Hero - Free Zero Waste Lesson Plans,"Apr 24, 2023",51,0
2024-12-05, -MJHhPKLX0E,Waste Hero - Free Zero Waste Lesson Plans,"Apr 24, 2023",51,0
2024-12-06, -MJHhPKLX0E,Waste Hero - Free Zero Waste Lesson Plans,"Apr 24, 2023",51,0
2024-12-07, -MJHhPKLX0E,Waste Hero - Free Zero Waste Lesson Plans,"Apr 24, 2023",51,0
2024-12-08, -MJHhPKLX0E,Waste Hero - Free Zero Waste Lesson Plans,"Apr 24, 2023",51,0
2024-12-09, -MJHhPKLX0E,Waste Hero - Free Zero Waste Lesson Plans,"Apr 24, 2023",51,0
2024-12-10, -MJHhPKLX0E,Waste Hero - Free Zero Waste Lesson Plans,"Apr 24, 2023",51,0
2024-12-11, -MJHhPKLX0E,Waste Hero - Free Zero Waste Lesson Plans,"Apr 24, 2023",51,0
2024-12-12, -MJHhPKLX0E,Waste Hero - Free Zero Waste Lesson Plans,"Apr 24, 2023",51,0
2024-12-13, -MJHhPKLX0E,Waste Hero - Free Zero Waste Lesson Plans,"Apr 24, 2023",51,0
2024-12-14, -MJHhPKLX0E,Waste Hero - Free Zero Waste Lesson Plans,"Apr 24, 2023",51,0
2024-12-15, -MJHhPKLX0E,Waste Hero - Free Zero Waste Lesson Plans,"Apr 24, 2023",51,0
2024-12-16, -MJHhPKLX0E,Waste Hero - Free Zero Waste Lesson Plans,"Apr 24, 2023",51,0
2024-12-17, -MJHhPKLX0E,Waste Hero - Free Zero Waste Lesson Plans,"Apr 24, 2023",51,0
2024-12-18, -MJHhPKLX0E,Waste Hero - Free Zero Waste Lesson Plans,"Apr 24, 2023",51,0
2024-12-19, -MJHhPKLX0E,Waste Hero - Free Zero Waste Lesson Plans,"Apr 24, 2023",51,0
2024-12-20, -MJHhPKLX0E,Waste Hero - Free Zero Waste Lesson Plans,"Apr 24, 2023",51,0
2024-12-21, -MJHhPKLX0E,Waste Hero - Free Zero Waste Lesson Plans,"Apr 24, 2023",51,0
2024-12-22, -MJHhPKLX0E,Waste Hero - Free Zero Waste Lesson Plans,"Apr 24, 2023",51,0
2024-12-23, -MJHhPKLX0E,Waste Hero - Free Zero Waste Lesson Plans,"Apr 24, 2023",51,0
2024-12-24, -MJHhPKLX0E,Waste Hero - Free Zero Waste Lesson Plans,"Apr 24, 2023",51,0
2024-12-25, -MJHhPKLX0E,Waste Hero - Free Zero Waste Lesson Plans,"Apr 24, 2023",51,0
2024-12-26, -MJHhPKLX0E,Waste Hero - Free Zero Waste Lesson Plans,"Apr 24, 2023",51,0
2024-12-27, -MJHhPKLX0E,Waste Hero - Free Zero Waste Lesson Plans,"Apr 24, 2023",51,0
2024-12-28, -MJHhPKLX0E,Waste Hero - Free Zero Waste Lesson Plans,"Apr 24, 2023",51,0
2024-12-29, -MJHhPKLX0E,Waste Hero - Free Zero Waste Lesson Plans,"Apr 24, 2023",51,0
2024-12-30, -MJHhPKLX0E,Waste Hero - Free Zero Waste Lesson Plans,"Apr 24, 2023",51,1
2024-12-31, -MJHhPKLX0E,Waste Hero - Free Zero Waste Lesson Plans,"Apr 24, 2023",51,0
2025-01-01, -MJHhPKLX0E,Waste Hero - Free Zero Waste Lesson Plans,"Apr 24, 2023",51,0
2025-01-02, -MJHhPKLX0E,Waste Hero - Free Zero Waste Lesson Plans,"Apr 24, 2023",51,0
2025-01-03, -MJHhPKLX0E,Waste Hero - Free Zero Waste Lesson Plans,"Apr 24, 2023",51,0
2025-01-04, -MJHhPKLX0E,Waste Hero - Free Zero Waste Lesson Plans,"Apr 24, 2023",51,0
2025-01-05, -MJHhPKLX0E,Waste Hero - Free Zero Waste Lesson Plans,"Apr 24, 2023",51,0
2025-01-06, -MJHhPKLX0E,Waste Hero - Free Zero Waste Lesson Plans,"Apr 24, 2023",51,0
2025-01-07, -MJHhPKLX0E,Waste Hero - Free Zero Waste Lesson Plans,"Apr 24, 2023",51,0
2025-01-08, -MJHhPKLX0E,Waste Hero - Free Zero Waste Lesson Plans,"Apr 24, 2023",51,1
2025-01-09, -MJHhPKLX0E,Waste Hero - Free Zero Waste Lesson Plans,"Apr 24, 2023",51,0
2025-01-10, -MJHhPKLX0E,Waste Hero - Free Zero Waste Lesson Plans,"Apr 24, 2023",51,0
2025-01-11, -MJHhPKLX0E,Waste Hero - Free Zero Waste Lesson Plans,"Apr 24, 2023",51,0
2025-01-12, -MJHhPKLX0E,Waste Hero - Free Zero Waste Lesson Plans,"Apr 24, 2023",51,1
2025-01-13, -MJHhPKLX0E,Waste Hero - Free Zero Waste Lesson Plans,"Apr 24, 2023",51,0
2025-01-14, -MJHhPKLX0E,Waste Hero - Free Zero Waste Lesson Plans,"Apr 24, 2023",51,0
2025-01-15, -MJHhPKLX0E,Waste Hero - Free Zero Waste Lesson Plans,"Apr 24, 2023",51,0
2025-01-16, -MJHhPKLX0E,Waste Hero - Free Zero Waste Lesson Plans,"Apr 24, 2023",51,1
2025-01-17, -MJHhPKLX0E,Waste Hero - Free Zero Waste Lesson Plans,"Apr 24, 2023",51,0
2025-01-18, -MJHhPKLX0E,Waste Hero - Free Zero Waste Lesson Plans,"Apr 24, 2023",51,0
2025-01-19, -MJHhPKLX0E,Waste Hero - Free Zero Waste Lesson Plans,"Apr 24, 2023",51,0
2025-01-20, -MJHhPKLX0E,Waste Hero - Free Zero Waste Lesson Plans,"Apr 24, 2023",51,0
2025-01-21, -MJHhPKLX0E,Waste Hero - Free Zero Waste Lesson Plans,"Apr 24, 2023",51,0
2025-01-22, -MJHhPKLX0E,Waste Hero - Free Zero Waste Lesson Plans,"Apr 24, 2023",51,0
2025-01-23, -MJHhPKLX0E,Waste Hero - Free Zero Waste Lesson Plans,"Apr 24, 2023",51,1
2025-01-24, -MJHhPKLX0E,Waste Hero - Free Zero Waste Lesson Plans,"Apr 24, 2023",51,0
2025-01-25, -MJHhPKLX0E,Waste Hero - Free Zero Waste Lesson Plans,"Apr 24, 2023",51,0
2025-01-26, -MJHhPKLX0E,Waste Hero - Free Zero Waste Lesson Plans,"Apr 24, 2023",51,0
2025-01-27, -MJHhPKLX0E,Waste Hero - Free Zero Waste Lesson Plans,"Apr 24, 2023",51,0
2025-01-28, -MJHhPKLX0E,Waste Hero - Free Zero Waste Lesson Plans,"Apr 24, 2023",51,3
2025-01-29, -MJHhPKLX0E,Waste Hero - Free Zero Waste Lesson Plans,"Apr 24, 2023",51,2
2025-01-30, -MJHhPKLX0E,Waste Hero - Free Zero Waste Lesson Plans,"Apr 24, 2023",51,1
2025-01-31, -MJHhPKLX0E,Waste Hero - Free Zero Waste Lesson Plans,"Apr 24, 2023",51,0
2025-02-01, -MJHhPKLX0E,Waste Hero - Free Zero Waste Lesson Plans,"Apr 24, 2023",51,0
2025-02-02, -MJHhPKLX0E,Waste Hero - Free Zero Waste Lesson Plans,"Apr 24, 2023",51,1
2025-02-03, -MJHhPKLX0E,Waste Hero - Free Zero Waste Lesson Plans,"Apr 24, 2023",51,0
2025-02-04, -MJHhPKLX0E,Waste Hero - Free Zero Waste Lesson Plans,"Apr 24, 2023",51,0
2025-02-05, -MJHhPKLX0E,Waste Hero - Free Zero Waste Lesson Plans,"Apr 24, 2023",51,1
2025-02-06, -MJHhPKLX0E,Waste Hero - Free Zero Waste Lesson Plans,"Apr 24, 2023",51,1
2025-02-07, -MJHhPKLX0E,Waste Hero - Free Zero Waste Lesson Plans,"Apr 24, 2023",51,0
2025-02-08, -MJHhPKLX0E,Waste Hero - Free Zero Waste Lesson Plans,"Apr 24, 2023",51,0
2025-02-09, -MJHhPKLX0E,Waste Hero - Free Zero Waste Lesson Plans,"Apr 24, 2023",51,0
2025-02-10, -MJHhPKLX0E,Waste Hero - Free Zero Waste Lesson Plans,"Apr 24, 2023",51,0
2025-02-11, -MJHhPKLX0E,Waste Hero - Free Zero Waste Lesson Plans,"Apr 24, 2023",51,0
2025-02-12, -MJHhPKLX0E,Waste Hero - Free Zero Waste Lesson Plans,"Apr 24, 2023",51,1
2025-02-13, -MJHhPKLX0E,Waste Hero - Free Zero Waste Lesson Plans,"Apr 24, 2023",51,0
2025-02-14, -MJHhPKLX0E,Waste Hero - Free Zero Waste Lesson Plans,"Apr 24, 2023",51,0
2025-02-15, -MJHhPKLX0E,Waste Hero - Free Zero Waste Lesson Plans,"Apr 24, 2023",51,0
2025-02-16, -MJHhPKLX0E,Waste Hero - Free Zero Waste Lesson Plans,"Apr 24, 2023",51,0
2025-02-17, -MJHhPKLX0E,Waste Hero - Free Zero Waste Lesson Plans,"Apr 24, 2023",51,0
2025-02-18, -MJHhPKLX0E,Waste Hero - Free Zero Waste Lesson Plans,"Apr 24, 2023",51,1
2025-02-19, -MJHhPKLX0E,Waste Hero - Free Zero Waste Lesson Plans,"Apr 24, 2023",51,0
2025-02-20, -MJHhPKLX0E,Waste Hero - Free Zero Waste Lesson Plans,"Apr 24, 2023",51,0
2025-02-21, -MJHhPKLX0E,Waste Hero - Free Zero Waste Lesson Plans,"Apr 24, 2023",51,1
2025-02-22, -MJHhPKLX0E,Waste Hero - Free Zero Waste Lesson Plans,"Apr 24, 2023",51,0
2025-02-23, -MJHhPKLX0E,Waste Hero - Free Zero Waste Lesson Plans,"Apr 24, 2023",51,0
2025-02-24, -MJHhPKLX0E,Waste Hero - Free Zero Waste Lesson Plans,"Apr 24, 2023",51,0
2025-02-25, -MJHhPKLX0E,Waste Hero - Free Zero Waste Lesson Plans,"Apr 24, 2023",51,0
2025-02-26, -MJHhPKLX0E,Waste Hero - Free Zero Waste Lesson Plans,"Apr 24, 2023",51,0
2025-02-27, -MJHhPKLX0E,Waste Hero - Free Zero Waste Lesson Plans,"Apr 24, 2023",51,0
2025-02-28, -MJHhPKLX0E,Waste Hero - Free Zero Waste Lesson Plans,"Apr 24, 2023",51,0
2025-03-01, -MJHhPKLX0E,Waste Hero - Free Zero Waste Lesson Plans,"Apr 24, 2023",51,0
2025-03-02, -MJHhPKLX0E,Waste Hero - Free Zero Waste Lesson Plans,"Apr 24, 2023",51,0
2025-03-03, -MJHhPKLX0E,Waste Hero - Free Zero Waste Lesson Plans,"Apr 24, 2023",51,0
2025-03-04, -MJHhPKLX0E,Waste Hero - Free Zero Waste Lesson Plans,"Apr 24, 2023",51,117
2025-03-05, -MJHhPKLX0E,Waste Hero - Free Zero Waste Lesson Plans,"Apr 24, 2023",51,2222
2025-03-06, -MJHhPKLX0E,Waste Hero - Free Zero Waste Lesson Plans,"Apr 24, 2023",51,1715
2025-03-07, -MJHhPKLX0E,Waste Hero - Free Zero Waste Lesson Plans,"Apr 24, 2023",51,678
2025-03-08, -MJHhPKLX0E,Waste Hero - Free Zero Waste Lesson Plans,"Apr 24, 2023",51,989
2025-03-09, -MJHhPKLX0E,Waste Hero - Free Zero Waste Lesson Plans,"Apr 24, 2023",51,851
2025-03-10, -MJHhPKLX0E,Waste Hero - Free Zero Waste Lesson Plans,"Apr 24, 2023",51,896
2025-03-11, -MJHhPKLX0E,Waste Hero - Free Zero Waste Lesson Plans,"Apr 24, 2023",51,1896
2025-03-12, -MJHhPKLX0E,Waste Hero - Free Zero Waste Lesson Plans,"Apr 24, 2023",51,984
2025-03-13, -MJHhPKLX0E,Waste Hero - Free Zero Waste Lesson Plans,"Apr 24, 2023",51,786
2025-03-14, -MJHhPKLX0E,Waste Hero - Free Zero Waste Lesson Plans,"Apr 24, 2023",51,1434
2025-03-15, -MJHhPKLX0E,Waste Hero - Free Zero Waste Lesson Plans,"Apr 24, 2023",51,1428
2025-03-16, -MJHhPKLX0E,Waste Hero - Free Zero Waste Lesson Plans,"Apr 24, 2023",51,855
2025-03-17, -MJHhPKLX0E,Waste Hero - Free Zero Waste Lesson Plans,"Apr 24, 2023",51,0
2025-03-18, -MJHhPKLX0E,Waste Hero - Free Zero Waste Lesson Plans,"Apr 24, 2023",51,2
2025-03-19, -MJHhPKLX0E,Waste Hero - Free Zero Waste Lesson Plans,"Apr 24, 2023",51,0
2025-03-20, -MJHhPKLX0E,Waste Hero - Free Zero Waste Lesson Plans,"Apr 24, 2023",51,1
2025-03-21, -MJHhPKLX0E,Waste Hero - Free Zero Waste Lesson Plans,"Apr 24, 2023",51,0
2025-03-22, -MJHhPKLX0E,Waste Hero - Free Zero Waste Lesson Plans,"Apr 24, 2023",51,0
2025-03-23, -MJHhPKLX0E,Waste Hero - Free Zero Waste Lesson Plans,"Apr 24, 2023",51,1
2025-03-24, -MJHhPKLX0E,Waste Hero - Free Zero Waste Lesson Plans,"Apr 24, 2023",51,1
2025-03-25, -MJHhPKLX0E,Waste Hero - Free Zero Waste Lesson Plans,"Apr 24, 2023",51,1
2025-03-26, -MJHhPKLX0E,Waste Hero - Free Zero Waste Lesson Plans,"Apr 24, 2023",51,3
2025-03-27, -MJHhPKLX0E,Waste Hero - Free Zero Waste Lesson Plans,"Apr 24, 2023",51,0
2025-03-28, -MJHhPKLX0E,Waste Hero - Free Zero Waste Lesson Plans,"Apr 24, 2023",51,0
2025-03-29, -MJHhPKLX0E,Waste Hero - Free Zero Waste Lesson Plans,"Apr 24, 2023",51,0
2025-03-30, -MJHhPKLX0E,Waste Hero - Free Zero Waste Lesson Plans,"Apr 24, 2023",51,0
2025-03-31, -MJHhPKLX0E,Waste Hero - Free Zero Waste Lesson Plans,"Apr 24, 2023",51,1
2025-04-01, -MJHhPKLX0E,Waste Hero - Free Zero Waste Lesson Plans,"Apr 24, 2023",51,0
2025-04-02, -MJHhPKLX0E,Waste Hero - Free Zero Waste Lesson Plans,"Apr 24, 2023",51,1
2025-04-03, -MJHhPKLX0E,Waste Hero - Free Zero Waste Lesson Plans,"Apr 24, 2023",51,0
2025-04-04, -MJHhPKLX0E,Waste Hero - Free Zero Waste Lesson Plans,"Apr 24, 2023",51,0
2025-04-05, -MJHhPKLX0E,Waste Hero - Free Zero Waste Lesson Plans,"Apr 24, 2023",51,0
2025-04-06, -MJHhPKLX0E,Waste Hero - Free Zero Waste Lesson Plans,"Apr 24, 2023",51,1
2025-04-07, -MJHhPKLX0E,Waste Hero - Free Zero Waste Lesson Plans,"Apr 24, 2023",51,0
2025-04-08, -MJHhPKLX0E,Waste Hero - Free Zero Waste Lesson Plans,"Apr 24, 2023",51,1
2025-04-09, -MJHhPKLX0E,Waste Hero - Free Zero Waste Lesson Plans,"Apr 24, 2023",51,0
2025-04-10, -MJHhPKLX0E,Waste Hero - Free Zero Waste Lesson Plans,"Apr 24, 2023",51,1
2025-04-11, -MJHhPKLX0E,Waste Hero - Free Zero Waste Lesson Plans,"Apr 24, 2023",51,0
2025-04-12, -MJHhPKLX0E,Waste Hero - Free Zero Waste Lesson Plans,"Apr 24, 2023",51,0
2025-04-13, -MJHhPKLX0E,Waste Hero - Free Zero Waste Lesson Plans,"Apr 24, 2023",51,0
2025-04-14, -MJHhPKLX0E,Waste Hero - Free Zero Waste Lesson Plans,"Apr 24, 2023",51,1
2025-04-15, -MJHhPKLX0E,Waste Hero - Free Zero Waste Lesson Plans,"Apr 24, 2023",51,0
2025-04-16, -MJHhPKLX0E,Waste Hero - Free Zero Waste Lesson Plans,"Apr 24, 2023",51,0
2025-04-17, -MJHhPKLX0E,Waste Hero - Free Zero Waste Lesson Plans,"Apr 24, 2023",51,0
2025-04-18, -MJHhPKLX0E,Waste Hero - Free Zero Waste Lesson Plans,"Apr 24, 2023",51,1
2025-04-19, -MJHhPKLX0E,Waste Hero - Free Zero Waste Lesson Plans,"Apr 24, 2023",51,0
2025-04-20, -MJHhPKLX0E,Waste Hero - Free Zero Waste Lesson Plans,"Apr 24, 2023",51,1
2025-04-21, -MJHhPKLX0E,Waste Hero - Free Zero Waste Lesson Plans,"Apr 24, 2023",51,0
2025-04-22, -MJHhPKLX0E,Waste Hero - Free Zero Waste Lesson Plans,"Apr 24, 2023",51,0
2025-04-23, -MJHhPKLX0E,Waste Hero - Free Zero Waste Lesson Plans,"Apr 24, 2023",51,2
2025-04-24, -MJHhPKLX0E,Waste Hero - Free Zero Waste Lesson Plans,"Apr 24, 2023",51,0
2025-04-25, -MJHhPKLX0E,Waste Hero - Free Zero Waste Lesson Plans,"Apr 24, 2023",51,0
2025-04-26, -MJHhPKLX0E,Waste Hero - Free Zero Waste Lesson Plans,"Apr 24, 2023",51,0
2025-04-27, -MJHhPKLX0E,Waste Hero - Free Zero Waste Lesson Plans,"Apr 24, 2023",51,0
2025-04-28, -MJHhPKLX0E,Waste Hero - Free Zero Waste Lesson Plans,"Apr 24, 2023",51,0
2025-04-29, -MJHhPKLX0E,Waste Hero - Free Zero Waste Lesson Plans,"Apr 24, 2023",51,2
2025-04-30, -MJHhPKLX0E,Waste Hero - Free Zero Waste Lesson Plans,"Apr 24, 2023",51,0
2025-05-01, -MJHhPKLX0E,Waste Hero - Free Zero Waste Lesson Plans,"Apr 24, 2023",51,0
2025-05-02, -MJHhPKLX0E,Waste Hero - Free Zero Waste Lesson Plans,"Apr 24, 2023",51,0
2025-05-03, -MJHhPKLX0E,Waste Hero - Free Zero Waste Lesson Plans,"Apr 24, 2023",51,0
2025-05-04, -MJHhPKLX0E,Waste Hero - Free Zero Waste Lesson Plans,"Apr 24, 2023",51,11
2025-05-05, -MJHhPKLX0E,Waste Hero - Free Zero Waste Lesson Plans,"Apr 24, 2023",51,41
2025-05-06, -MJHhPKLX0E,Waste Hero - Free Zero Waste Lesson Plans,"Apr 24, 2023",51,16
2025-05-07, -MJHhPKLX0E,Waste Hero - Free Zero Waste Lesson Plans,"Apr 24, 2023",51,56
2025-05-08, -MJHhPKLX0E,Waste Hero - Free Zero Waste Lesson Plans,"Apr 24, 2023",51,0
2025-05-09, -MJHhPKLX0E,Waste Hero - Free Zero Waste Lesson Plans,"Apr 24, 2023",51,0
2025-05-10, -MJHhPKLX0E,Waste Hero - Free Zero Waste Lesson Plans,"Apr 24, 2023",51,0
2025-05-11, -MJHhPKLX0E,Waste Hero - Free Zero Waste Lesson Plans,"Apr 24, 2023",51,0
2025-05-12, -MJHhPKLX0E,Waste Hero - Free Zero Waste Lesson Plans,"Apr 24, 2023",51,1
2025-05-13, -MJHhPKLX0E,Waste Hero - Free Zero Waste Lesson Plans,"Apr 24, 2023",51,0
2025-05-14, -MJHhPKLX0E,Waste Hero - Free Zero Waste Lesson Plans,"Apr 24, 2023",51,0
2025-05-15, -MJHhPKLX0E,Waste Hero - Free Zero Waste Lesson Plans,"Apr 24, 2023",51,1
2025-05-16, -MJHhPKLX0E,Waste Hero - Free Zero Waste Lesson Plans,"Apr 24, 2023",51,1
2025-05-17, -MJHhPKLX0E,Waste Hero - Free Zero Waste Lesson Plans,"Apr 24, 2023",51,1
2025-05-18, -MJHhPKLX0E,Waste Hero - Free Zero Waste Lesson Plans,"Apr 24, 2023",51,0
2025-05-19, -MJHhPKLX0E,Waste Hero - Free Zero Waste Lesson Plans,"Apr 24, 2023",51,0
2025-05-20, -MJHhPKLX0E,Waste Hero - Free Zero Waste Lesson Plans,"Apr 24, 2023",51,0
2025-05-21, -MJHhPKLX0E,Waste Hero - Free Zero Waste Lesson Plans,"Apr 24, 2023",51,1
2025-05-22, -MJHhPKLX0E,Waste Hero - Free Zero Waste Lesson Plans,"Apr 24, 2023",51,0
2025-05-23, -MJHhPKLX0E,Waste Hero - Free Zero Waste Lesson Plans,"Apr 24, 2023",51,0
2025-05-24, -MJHhPKLX0E,Waste Hero - Free Zero Waste Lesson Plans,"Apr 24, 2023",51,2
2025-05-25, -MJHhPKLX0E,Waste Hero - Free Zero Waste Lesson Plans,"Apr 24, 2023",51,6
2025-05-26, -MJHhPKLX0E,Waste Hero - Free Zero Waste Lesson Plans,"Apr 24, 2023",51,1
2025-05-27, -MJHhPKLX0E,Waste Hero - Free Zero Waste Lesson Plans,"Apr 24, 2023",51,0
2025-05-28, -MJHhPKLX0E,Waste Hero - Free Zero Waste Lesson Plans,"Apr 24, 2023",51,0
2025-05-29, -MJHhPKLX0E,Waste Hero - Free Zero Waste Lesson Plans,"Apr 24, 2023",51,1
2025-05-30, -MJHhPKLX0E,Waste Hero - Free Zero Waste Lesson Plans,"Apr 24, 2023",51,1
2025-05-31, -MJHhPKLX0E,Waste Hero - Free Zero Waste Lesson Plans,"Apr 24, 2023",51,0
2025-06-01, -MJHhPKLX0E,Waste Hero - Free Zero Waste Lesson Plans,"Apr 24, 2023",51,0
2025-06-02, -MJHhPKLX0E,Waste Hero - Free Zero Waste Lesson Plans,"Apr 24, 2023",51,2
2025-06-03, -MJHhPKLX0E,Waste Hero - Free Zero Waste Lesson Plans,"Apr 24, 2023",51,3
2025-06-04, -MJHhPKLX0E,Waste Hero - Free Zero Waste Lesson Plans,"Apr 24, 2023",51,2
2025-06-05, -MJHhPKLX0E,Waste Hero - Free Zero Waste Lesson Plans,"Apr 24, 2023",51,4
2025-06-06, -MJHhPKLX0E,Waste Hero - Free Zero Waste Lesson Plans,"Apr 24, 2023",51,4
2025-06-07, -MJHhPKLX0E,Waste Hero - Free Zero Waste Lesson Plans,"Apr 24, 2023",51,0
2025-06-08, -MJHhPKLX0E,Waste Hero - Free Zero Waste Lesson Plans,"Apr 24, 2023",51,4
2025-06-09, -MJHhPKLX0E,Waste Hero - Free Zero Waste Lesson Plans,"Apr 24, 2023",51,10
2025-06-10, -MJHhPKLX0E,Waste Hero - Free Zero Waste Lesson Plans,"Apr 24, 2023",51,4
2025-06-11, -MJHhPKLX0E,Waste Hero - Free Zero Waste Lesson Plans,"Apr 24, 2023",51,2
2025-06-12, -MJHhPKLX0E,Waste Hero - Free Zero Waste Lesson Plans,"Apr 24, 2023",51,508
2025-06-13, -MJHhPKLX0E,Waste Hero - Free Zero Waste Lesson Plans,"Apr 24, 2023",51,7
2025-06-14, -MJHhPKLX0E,Waste Hero - Free Zero Waste Lesson Plans,"Apr 24, 2023",51,0
2025-06-15, -MJHhPKLX0E,Waste Hero - Free Zero Waste Lesson Plans,"Apr 24, 2023",51,0
2025-06-16, -MJHhPKLX0E,Waste Hero - Free Zero Waste Lesson Plans,"Apr 24, 2023",51,0
2025-06-17, -MJHhPKLX0E,Waste Hero - Free Zero Waste Lesson Plans,"Apr 24, 2023",51,2
2025-06-18, -MJHhPKLX0E,Waste Hero - Free Zero Waste Lesson Plans,"Apr 24, 2023",51,2
2025-06-19, -MJHhPKLX0E,Waste Hero - Free Zero Waste Lesson Plans,"Apr 24, 2023",51,2
2025-06-20, -MJHhPKLX0E,Waste Hero - Free Zero Waste Lesson Plans,"Apr 24, 2023",51,1
2025-06-21, -MJHhPKLX0E,Waste Hero - Free Zero Waste Lesson Plans,"Apr 24, 2023",51,0
2025-06-22, -MJHhPKLX0E,Waste Hero - Free Zero Waste Lesson Plans,"Apr 24, 2023",51,0
2025-06-23, -MJHhPKLX0E,Waste Hero - Free Zero Waste Lesson Plans,"Apr 24, 2023",51,0
2025-06-24, -MJHhPKLX0E,Waste Hero - Free Zero Waste Lesson Plans,"Apr 24, 2023",51,0
2025-06-25, -MJHhPKLX0E,Waste Hero - Free Zero Waste Lesson Plans,"Apr 24, 2023",51,0
2025-06-26, -MJHhPKLX0E,Waste Hero - Free Zero Waste Lesson Plans,"Apr 24, 2023",51,1
2025-06-27, -MJHhPKLX0E,Waste Hero - Free Zero Waste Lesson Plans,"Apr 24, 2023",51,1
2025-06-28, -MJHhPKLX0E,Waste Hero - Free Zero Waste Lesson Plans,"Apr 24, 2023",51,0
2025-06-29, -MJHhPKLX0E,Waste Hero - Free Zero Waste Lesson Plans,"Apr 24, 2023",51,0
2025-06-30, -MJHhPKLX0E,Waste Hero - Free Zero Waste Lesson Plans,"Apr 24, 2023",51,0
2025-07-01, -MJHhPKLX0E,Waste Hero - Free Zero Waste Lesson Plans,"Apr 24, 2023",51,0
2025-07-02, -MJHhPKLX0E,Waste Hero - Free Zero Waste Lesson Plans,"Apr 24, 2023",51,0
2025-07-03, -MJHhPKLX0E,Waste Hero - Free Zero Waste Lesson Plans,"Apr 24, 2023",51,2
2025-07-04, -MJHhPKLX0E,Waste Hero - Free Zero Waste Lesson Plans,"Apr 24, 2023",51,0
2025-07-05, -MJHhPKLX0E,Waste Hero - Free Zero Waste Lesson Plans,"Apr 24, 2023",51,0
2025-07-06, -MJHhPKLX0E,Waste Hero - Free Zero Waste Lesson Plans,"Apr 24, 2023",51,0
2025-07-07, -MJHhPKLX0E,Waste Hero - Free Zero Waste Lesson Plans,"Apr 24, 2023",51,1
2025-07-08, -MJHhPKLX0E,Waste Hero - Free Zero Waste Lesson Plans,"Apr 24, 2023",51,0
2025-07-09, -MJHhPKLX0E,Waste Hero - Free Zero Waste Lesson Plans,"Apr 24, 2023",51,0
2025-07-10, -MJHhPKLX0E,Waste Hero - Free Zero Waste Lesson Plans,"Apr 24, 2023",51,0
2025-07-11, -MJHhPKLX0E,Waste Hero - Free Zero Waste Lesson Plans,"Apr 24, 2023",51,0
2025-07-12, -MJHhPKLX0E,Waste Hero - Free Zero Waste Lesson Plans,"Apr 24, 2023",51,0
2025-07-13, -MJHhPKLX0E,Waste Hero - Free Zero Waste Lesson Plans,"Apr 24, 2023",51,1
2025-07-14, -MJHhPKLX0E,Waste Hero - Free Zero Waste Lesson Plans,"Apr 24, 2023",51,1
2025-07-15, -MJHhPKLX0E,Waste Hero - Free Zero Waste Lesson Plans,"Apr 24, 2023",51,1
2025-07-16, -MJHhPKLX0E,Waste Hero - Free Zero Waste Lesson Plans,"Apr 24, 2023",51,0
2025-07-17, -MJHhPKLX0E,Waste Hero - Free Zero Waste Lesson Plans,"Apr 24, 2023",51,5
2025-07-18, -MJHhPKLX0E,Waste Hero - Free Zero Waste Lesson Plans,"Apr 24, 2023",51,1
2025-07-19, -MJHhPKLX0E,Waste Hero - Free Zero Waste Lesson Plans,"Apr 24, 2023",51,1
2025-07-20, -MJHhPKLX0E,Waste Hero - Free Zero Waste Lesson Plans,"Apr 24, 2023",51,0
2025-07-21, -MJHhPKLX0E,Waste Hero - Free Zero Waste Lesson Plans,"Apr 24, 2023",51,0
2025-07-22, -MJHhPKLX0E,Waste Hero - Free Zero Waste Lesson Plans,"Apr 24, 2023",51,1
2025-07-23, -MJHhPKLX0E,Waste Hero - Free Zero Waste Lesson Plans,"Apr 24, 2023",51,4
2025-07-24, -MJHhPKLX0E,Waste Hero - Free Zero Waste Lesson Plans,"Apr 24, 2023",51,4
2025-07-25, -MJHhPKLX0E,Waste Hero - Free Zero Waste Lesson Plans,"Apr 24, 2023",51,2
2025-07-26, -MJHhPKLX0E,Waste Hero - Free Zero Waste Lesson Plans,"Apr 24, 2023",51,3
2025-07-27, -MJHhPKLX0E,Waste Hero - Free Zero Waste Lesson Plans,"Apr 24, 2023",51,1
2025-07-28, -MJHhPKLX0E,Waste Hero - Free Zero Waste Lesson Plans,"Apr 24, 2023",51,5
2025-07-29, -MJHhPKLX0E,Waste Hero - Free Zero Waste Lesson Plans,"Apr 24, 2023",51,0
2025-07-30, -MJHhPKLX0E,Waste Hero - Free Zero Waste Lesson Plans,"Apr 24, 2023",51,0
2025-07-31, -MJHhPKLX0E,Waste Hero - Free Zero Waste Lesson Plans,"Apr 24, 2023",51,2
2025-08-01, -MJHhPKLX0E,Waste Hero - Free Zero Waste Lesson Plans,"Apr 24, 2023",51,3
2025-08-02, -MJHhPKLX0E,Waste Hero - Free Zero Waste Lesson Plans,"Apr 24, 2023",51,0
2025-08-03, -MJHhPKLX0E,Waste Hero - Free Zero Waste Lesson Plans,"Apr 24, 2023",51,0
2025-08-04, -MJHhPKLX0E,Waste Hero - Free Zero Waste Lesson Plans,"Apr 24, 2023",51,1
2025-08-05, -MJHhPKLX0E,Waste Hero - Free Zero Waste Lesson Plans,"Apr 24, 2023",51,6
2025-08-06, -MJHhPKLX0E,Waste Hero - Free Zero Waste Lesson Plans,"Apr 24, 2023",51,0
2025-08-07, -MJHhPKLX0E,Waste Hero - Free Zero Waste Lesson Plans,"Apr 24, 2023",51,0
2025-08-08, -MJHhPKLX0E,Waste Hero - Free Zero Waste Lesson Plans,"Apr 24, 2023",51,0
2025-08-09, -MJHhPKLX0E,Waste Hero - Free Zero Waste Lesson Plans,"Apr 24, 2023",51,0
2025-08-10, -MJHhPKLX0E,Waste Hero - Free Zero Waste Lesson Plans,"Apr 24, 2023",51,0
2025-08-11, -MJHhPKLX0E,Waste Hero - Free Zero Waste Lesson Plans,"Apr 24, 2023",51,0
2025-08-12, -MJHhPKLX0E,Waste Hero - Free Zero Waste Lesson Plans,"Apr 24, 2023",51,0
2025-08-13, -MJHhPKLX0E,Waste Hero - Free Zero Waste Lesson Plans,"Apr 24, 2023",51,0
2025-08-14, -MJHhPKLX0E,Waste Hero - Free Zero Waste Lesson Plans,"Apr 24, 2023",51,0
2025-08-15, -MJHhPKLX0E,Waste Hero - Free Zero Waste Lesson Plans,"Apr 24, 2023",51,0
2025-08-16, -MJHhPKLX0E,Waste Hero - Free Zero Waste Lesson Plans,"Apr 24, 2023",51,0
2025-08-17, -MJHhPKLX0E,Waste Hero - Free Zero Waste Lesson Plans,"Apr 24, 2023",51,0
2025-08-18, -MJHhPKLX0E,Waste Hero - Free Zero Waste Lesson Plans,"Apr 24, 2023",51,0
2025-08-19, -MJHhPKLX0E,Waste Hero - Free Zero Waste Lesson Plans,"Apr 24, 2023",51,0
2025-08-20, -MJHhPKLX0E,Waste Hero - Free Zero Waste Lesson Plans,"Apr 24, 2023",51,0
2025-08-21, -MJHhPKLX0E,Waste Hero - Free Zero Waste Lesson Plans,"Apr 24, 2023",51,0
2025-08-22, -MJHhPKLX0E,Waste Hero - Free Zero Waste Lesson Plans,"Apr 24, 2023",51,0
2025-08-23, -MJHhPKLX0E,Waste Hero - Free Zero Waste Lesson Plans,"Apr 24, 2023",51,0
2025-08-24, -MJHhPKLX0E,Waste Hero - Free Zero Waste Lesson Plans,"Apr 24, 2023",51,0
2025-08-25, -MJHhPKLX0E,Waste Hero - Free Zero Waste Lesson Plans,"Apr 24, 2023",51,0
2025-08-26, -MJHhPKLX0E,Waste Hero - Free Zero Waste Lesson Plans,"Apr 24, 2023",51,0
2025-08-27, -MJHhPKLX0E,Waste Hero - Free Zero Waste Lesson Plans,"Apr 24, 2023",51,0
2025-08-28, -MJHhPKLX0E,Waste Hero - Free Zero Waste Lesson Plans,"Apr 24, 2023",51,0
2025-08-29, -MJHhPKLX0E,Waste Hero - Free Zero Waste Lesson Plans,"Apr 24, 2023",51,0
2025-08-30, -MJHhPKLX0E,Waste Hero - Free Zero Waste Lesson Plans,"Apr 24, 2023",51,0
2025-08-31, -MJHhPKLX0E,Waste Hero - Free Zero Waste Lesson Plans,"Apr 24, 2023",51,0
2025-09-01, -MJHhPKLX0E,Waste Hero - Free Zero Waste Lesson Plans,"Apr 24, 2023",51,0
2025-09-02, -MJHhPKLX0E,Waste Hero - Free Zero Waste Lesson Plans,"Apr 24, 2023",51,0
2025-09-03, -MJHhPKLX0E,Waste Hero - Free Zero Waste Lesson Plans,"Apr 24, 2023",51,0
2025-09-04, -MJHhPKLX0E,Waste Hero - Free Zero Waste Lesson Plans,"Apr 24, 2023",51,0
2025-09-05, -MJHhPKLX0E,Waste Hero - Free Zero Waste Lesson Plans,"Apr 24, 2023",51,0
2025-09-06, -MJHhPKLX0E,Waste Hero - Free Zero Waste Lesson Plans,"Apr 24, 2023",51,0
2025-09-07, -MJHhPKLX0E,Waste Hero - Free Zero Waste Lesson Plans,"Apr 24, 2023",51,0
2025-09-08, -MJHhPKLX0E,Waste Hero - Free Zero Waste Lesson Plans,"Apr 24, 2023",51,0
2025-09-09, -MJHhPKLX0E,Waste Hero - Free Zero Waste Lesson Plans,"Apr 24, 2023",51,0
2025-09-10, -MJHhPKLX0E,Waste Hero - Free Zero Waste Lesson Plans,"Apr 24, 2023",51,0
2025-09-11, -MJHhPKLX0E,Waste Hero - Free Zero Waste Lesson Plans,"Apr 24, 2023",51,0
2025-09-12, -MJHhPKLX0E,Waste Hero - Free Zero Waste Lesson Plans,"Apr 24, 2023",51,0
2025-09-13, -MJHhPKLX0E,Waste Hero - Free Zero Waste Lesson Plans,"Apr 24, 2023",51,0
2025-09-14, -MJHhPKLX0E,Waste Hero - Free Zero Waste Lesson Plans,"Apr 24, 2023",51,0
2025-09-15, -MJHhPKLX0E,Waste Hero - Free Zero Waste Lesson Plans,"Apr 24, 2023",51,0
2025-09-16, -MJHhPKLX0E,Waste Hero - Free Zero Waste Lesson Plans,"Apr 24, 2023",51,0
2025-09-17, -MJHhPKLX0E,Waste Hero - Free Zero Waste Lesson Plans,"Apr 24, 2023",51,0
2025-09-18, -MJHhPKLX0E,Waste Hero - Free Zero Waste Lesson Plans,"Apr 24, 2023",51,0
2025-09-19, -MJHhPKLX0E,Waste Hero - Free Zero Waste Lesson Plans,"Apr 24, 2023",51,0
2025-09-20, -MJHhPKLX0E,Waste Hero - Free Zero Waste Lesson Plans,"Apr 24, 2023",51,0
2025-09-21, -MJHhPKLX0E,Waste Hero - Free Zero Waste Lesson Plans,"Apr 24, 2023",51,0
2025-09-22, -MJHhPKLX0E,Waste Hero - Free Zero Waste Lesson Plans,"Apr 24, 2023",51,0
2025-09-23, -MJHhPKLX0E,Waste Hero - Free Zero Waste Lesson Plans,"Apr 24, 2023",51,0
2025-09-24, -MJHhPKLX0E,Waste Hero - Free Zero Waste Lesson Plans,"Apr 24, 2023",51,0
2025-09-25, -MJHhPKLX0E,Waste Hero - Free Zero Waste Lesson Plans,"Apr 24, 2023",51,0
2025-09-26, -MJHhPKLX0E,Waste Hero - Free Zero Waste Lesson Plans,"Apr 24, 2023",51,0
2025-09-27, -MJHhPKLX0E,Waste Hero - Free Zero Waste Lesson Plans,"Apr 24, 2023",51,0
2025-09-28, -MJHhPKLX0E,Waste Hero - Free Zero Waste Lesson Plans,"Apr 24, 2023",51,0
2025-09-29, -MJHhPKLX0E,Waste Hero - Free Zero Waste Lesson Plans,"Apr 24, 2023",51,0
2025-09-30, -MJHhPKLX0E,Waste Hero - Free Zero Waste Lesson Plans,"Apr 24, 2023",51,0
2025-10-01, -MJHhPKLX0E,Waste Hero - Free Zero Waste Lesson Plans,"Apr 24, 2023",51,0
2025-10-02, -MJHhPKLX0E,Waste Hero - Free Zero Waste Lesson Plans,"Apr 24, 2023",51,0
2025-10-03, -MJHhPKLX0E,Waste Hero - Free Zero Waste Lesson Plans,"Apr 24, 2023",51,0
2025-10-04, -MJHhPKLX0E,Waste Hero - Free Zero Waste Lesson Plans,"Apr 24, 2023",51,0
2025-10-05, -MJHhPKLX0E,Waste Hero - Free Zero Waste Lesson Plans,"Apr 24, 2023",51,0
2025-10-06, -MJHhPKLX0E,Waste Hero - Free Zero Waste Lesson Plans,"Apr 24, 2023",51,0
2025-10-07, -MJHhPKLX0E,Waste Hero - Free Zero Waste Lesson Plans,"Apr 24, 2023",51,0
2025-10-08, -MJHhPKLX0E,Waste Hero - Free Zero Waste Lesson Plans,"Apr 24, 2023",51,0
2025-10-09, -MJHhPKLX0E,Waste Hero - Free Zero Waste Lesson Plans,"Apr 24, 2023",51,0
2025-10-10, -MJHhPKLX0E,Waste Hero - Free Zero Waste Lesson Plans,"Apr 24, 2023",51,0
2025-10-11, -MJHhPKLX0E,Waste Hero - Free Zero Waste Lesson Plans,"Apr 24, 2023",51,0
2025-10-12, -MJHhPKLX0E,Waste Hero - Free Zero Waste Lesson Plans,"Apr 24, 2023",51,0
2025-10-13, -MJHhPKLX0E,Waste Hero - Free Zero Waste Lesson Plans,"Apr 24, 2023",51,0
2025-10-14, -MJHhPKLX0E,Waste Hero - Free Zero Waste Lesson Plans,"Apr 24, 2023",51,0
2025-10-15, -MJHhPKLX0E,Waste Hero - Free Zero Waste Lesson Plans,"Apr 24, 2023",51,0
2025-10-16, -MJHhPKLX0E,Waste Hero - Free Zero Waste Lesson Plans,"Apr 24, 2023",51,0
2025-10-17, -MJHhPKLX0E,Waste Hero - Free Zero Waste Lesson Plans,"Apr 24, 2023",51,0
2025-10-18, -MJHhPKLX0E,Waste Hero - Free Zero Waste Lesson Plans,"Apr 24, 2023",51,0
2025-10-19, -MJHhPKLX0E,Waste Hero - Free Zero Waste Lesson Plans,"Apr 24, 2023",51,0
2025-10-20, -MJHhPKLX0E,Waste Hero - Free Zero Waste Lesson Plans,"Apr 24, 2023",51,0
2025-10-21, -MJHhPKLX0E,Waste Hero - Free Zero Waste Lesson Plans,"Apr 24, 2023",51,0
2025-10-22, -MJHhPKLX0E,Waste Hero - Free Zero Waste Lesson Plans,"Apr 24, 2023",51,0
2025-10-23, -MJHhPKLX0E,Waste Hero - Free Zero Waste Lesson Plans,"Apr 24, 2023",51,0
2025-10-24, -MJHhPKLX0E,Waste Hero - Free Zero Waste Lesson Plans,"Apr 24, 2023",51,0
2025-10-25, -MJHhPKLX0E,Waste Hero - Free Zero Waste Lesson Plans,"Apr 24, 2023",51,0
2025-10-26, -MJHhPKLX0E,Waste Hero - Free Zero Waste Lesson Plans,"Apr 24, 2023",51,0
2025-10-27, -MJHhPKLX0E,Waste Hero - Free Zero Waste Lesson Plans,"Apr 24, 2023",51,0
2025-10-28, -MJHhPKLX0E,Waste Hero - Free Zero Waste Lesson Plans,"Apr 24, 2023",51,0
2025-10-29, -MJHhPKLX0E,Waste Hero - Free Zero Waste Lesson Plans,"Apr 24, 2023",51,0
2025-10-30, -MJHhPKLX0E,Waste Hero - Free Zero Waste Lesson Plans,"Apr 24, 2023",51,0
2025-10-31, -MJHhPKLX0E,Waste Hero - Free Zero Waste Lesson Plans,"Apr 24, 2023",51,0
2025-11-01, -MJHhPKLX0E,Waste Hero - Free Zero Waste Lesson Plans,"Apr 24, 2023",51,0
2025-11-02, -MJHhPKLX0E,Waste Hero - Free Zero Waste Lesson Plans,"Apr 24, 2023",51,0
2025-11-03, -MJHhPKLX0E,Waste Hero - Free Zero Waste Lesson Plans,"Apr 24, 2023",51,0
2025-11-04, -MJHhPKLX0E,Waste Hero - Free Zero Waste Lesson Plans,"Apr 24, 2023",51,0
2025-11-05, -MJHhPKLX0E,Waste Hero - Free Zero Waste Lesson Plans,"Apr 24, 2023",51,0
2025-11-06, -MJHhPKLX0E,Waste Hero - Free Zero Waste Lesson Plans,"Apr 24, 2023",51,0
2025-11-07, -MJHhPKLX0E,Waste Hero - Free Zero Waste Lesson Plans,"Apr 24, 2023",51,0
2025-11-08, -MJHhPKLX0E,Waste Hero - Free Zero Waste Lesson Plans,"Apr 24, 2023",51,0
2025-11-09, -MJHhPKLX0E,Waste Hero - Free Zero Waste Lesson Plans,"Apr 24, 2023",51,0
2025-11-10, -MJHhPKLX0E,Waste Hero - Free Zero Waste Lesson Plans,"Apr 24, 2023",51,0
2025-11-11, -MJHhPKLX0E,Waste Hero - Free Zero Waste Lesson Plans,"Apr 24, 2023",51,0
2025-11-12, -MJHhPKLX0E,Waste Hero - Free Zero Waste Lesson Plans,"Apr 24, 2023",51,0
2025-11-13, -MJHhPKLX0E,Waste Hero - Free Zero Waste Lesson Plans,"Apr 24, 2023",51,0
2025-11-14, -MJHhPKLX0E,Waste Hero - Free Zero Waste Lesson Plans,"Apr 24, 2023",51,0
2025-11-15, -MJHhPKLX0E,Waste Hero - Free Zero Waste Lesson Plans,"Apr 24, 2023",51,0
2025-11-16, -MJHhPKLX0E,Waste Hero - Free Zero Waste Lesson Plans,"Apr 24, 2023",51,0
2025-11-17, -MJHhPKLX0E,Waste Hero - Free Zero Waste Lesson Plans,"Apr 24, 2023",51,0
2025-11-18, -MJHhPKLX0E,Waste Hero - Free Zero Waste Lesson Plans,"Apr 24, 2023",51,0
2025-11-19, -MJHhPKLX0E,Waste Hero - Free Zero Waste Lesson Plans,"Apr 24, 2023",51,0
2025-11-20, -MJHhPKLX0E,Waste Hero - Free Zero Waste Lesson Plans,"Apr 24, 2023",51,0
2025-11-21, -MJHhPKLX0E,Waste Hero - Free Zero Waste Lesson Plans,"Apr 24, 2023",51,0
2025-11-22, -MJHhPKLX0E,Waste Hero - Free Zero Waste Lesson Plans,"Apr 24, 2023",51,0
2025-11-23, -MJHhPKLX0E,Waste Hero - Free Zero Waste Lesson Plans,"Apr 24, 2023",51,0
2025-11-24, -MJHhPKLX0E,Waste Hero - Free Zero Waste Lesson Plans,"Apr 24, 2023",51,0
2025-11-25, -MJHhPKLX0E,Waste Hero - Free Zero Waste Lesson Plans,"Apr 24, 2023",51,0
2025-11-26, -MJHhPKLX0E,Waste Hero - Free Zero Waste Lesson Plans,"Apr 24, 2023",51,0
2025-11-27, -MJHhPKLX0E,Waste Hero - Free Zero Waste Lesson Plans,"Apr 24, 2023",51,0
2025-11-28, -MJHhPKLX0E,Waste Hero - Free Zero Waste Lesson Plans,"Apr 24, 2023",51,0
2025-11-29, -MJHhPKLX0E,Waste Hero - Free Zero Waste Lesson Plans,"Apr 24, 2023",51,0
2025-11-30, -MJHhPKLX0E,Waste Hero - Free Zero Waste Lesson Plans,"Apr 24, 2023",51,0
2025-12-01, -MJHhPKLX0E,Waste Hero - Free Zero Waste Lesson Plans,"Apr 24, 2023",51,0
2025-12-02, -MJHhPKLX0E,Waste Hero - Free Zero Waste Lesson Plans,"Apr 24, 2023",51,0
2025-12-03, -MJHhPKLX0E,Waste Hero - Free Zero Waste Lesson Plans,"Apr 24, 2023",51,0
2025-12-04, -MJHhPKLX0E,Waste Hero - Free Zero Waste Lesson Plans,"Apr 24, 2023",51,0
2025-12-05, -MJHhPKLX0E,Waste Hero - Free Zero Waste Lesson Plans,"Apr 24, 2023",51,0
2025-12-06, -MJHhPKLX0E,Waste Hero - Free Zero Waste Lesson Plans,"Apr 24, 2023",51,0
2025-12-07, -MJHhPKLX0E,Waste Hero - Free Zero Waste Lesson Plans,"Apr 24, 2023",51,0
2025-12-08, -MJHhPKLX0E,Waste Hero - Free Zero Waste Lesson Plans,"Apr 24, 2023",51,0
2025-12-09, -MJHhPKLX0E,Waste Hero - Free Zero Waste Lesson Plans,"Apr 24, 2023",51,0
2025-12-10, -MJHhPKLX0E,Waste Hero - Free Zero Waste Lesson Plans,"Apr 24, 2023",51,0
2025-12-11, -MJHhPKLX0E,Waste Hero - Free Zero Waste Lesson Plans,"Apr 24, 2023",51,0
2025-12-12, -MJHhPKLX0E,Waste Hero - Free Zero Waste Lesson Plans,"Apr 24, 2023",51,0
2025-12-13, -MJHhPKLX0E,Waste Hero - Free Zero Waste Lesson Plans,"Apr 24, 2023",51,0
2025-12-14, -MJHhPKLX0E,Waste Hero - Free Zero Waste Lesson Plans,"Apr 24, 2023",51,0
2025-12-15, -MJHhPKLX0E,Waste Hero - Free Zero Waste Lesson Plans,"Apr 24, 2023",51,0
2025-12-16, -MJHhPKLX0E,Waste Hero - Free Zero Waste Lesson Plans,"Apr 24, 2023",51,0
2025-12-17, -MJHhPKLX0E,Waste Hero - Free Zero Waste Lesson Plans,"Apr 24, 2023",51,0
2025-12-18, -MJHhPKLX0E,Waste Hero - Free Zero Waste Lesson Plans,"Apr 24, 2023",51,0
2025-12-19, -MJHhPKLX0E,Waste Hero - Free Zero Waste Lesson Plans,"Apr 24, 2023",51,0
2025-12-20, -MJHhPKLX0E,Waste Hero - Free Zero Waste Lesson Plans,"Apr 24, 2023",51,0
2025-12-21, -MJHhPKLX0E,Waste Hero - Free Zero Waste Lesson Plans,"Apr 24, 2023",51,0
2025-12-22, -MJHhPKLX0E,Waste Hero - Free Zero Waste Lesson Plans,"Apr 24, 2023",51,0
2025-12-23, -MJHhPKLX0E,Waste Hero - Free Zero Waste Lesson Plans,"Apr 24, 2023",51,0
2025-12-24, -MJHhPKLX0E,Waste Hero - Free Zero Waste Lesson Plans,"Apr 24, 2023",51,0
2025-12-25, -MJHhPKLX0E,Waste Hero - Free Zero Waste Lesson Plans,"Apr 24, 2023",51,0
2025-12-26, -MJHhPKLX0E,Waste Hero - Free Zero Waste Lesson Plans,"Apr 24, 2023",51,0
2025-12-27, -MJHhPKLX0E,Waste Hero - Free Zero Waste Lesson Plans,"Apr 24, 2023",51,0
2025-12-28, -MJHhPKLX0E,Waste Hero - Free Zero Waste Lesson Plans,"Apr 24, 2023",51,0
2025-12-29, -MJHhPKLX0E,Waste Hero - Free Zero Waste Lesson Plans,"Apr 24, 2023",51,0
2025-12-30, -MJHhPKLX0E,Waste Hero - Free Zero Waste Lesson Plans,"Apr 24, 2023",51,0
2025-12-31, -MJHhPKLX0E,Waste Hero - Free Zero Waste Lesson Plans,"Apr 24, 2023",51,0
2026-01-01, -MJHhPKLX0E,Waste Hero - Free Zero Waste Lesson Plans,"Apr 24, 2023",51,0
2026-01-02, -MJHhPKLX0E,Waste Hero - Free Zero Waste Lesson Plans,"Apr 24, 2023",51,0
2026-01-03, -MJHhPKLX0E,Waste Hero - Free Zero Waste Lesson Plans,"Apr 24, 2023",51,0
2026-01-04, -MJHhPKLX0E,Waste Hero - Free Zero Waste Lesson Plans,"Apr 24, 2023",51,0
2026-01-05, -MJHhPKLX0E,Waste Hero - Free Zero Waste Lesson Plans,"Apr 24, 2023",51,0
2026-01-06, -MJHhPKLX0E,Waste Hero - Free Zero Waste Lesson Plans,"Apr 24, 2023",51,0
2026-01-07, -MJHhPKLX0E,Waste Hero - Free Zero Waste Lesson Plans,"Apr 24, 2023",51,0
2026-01-08, -MJHhPKLX0E,Waste Hero - Free Zero Waste Lesson Plans,"Apr 24, 2023",51,0
2026-01-09, -MJHhPKLX0E,Waste Hero - Free Zero Waste Lesson Plans,"Apr 24, 2023",51,0
2026-01-10, -MJHhPKLX0E,Waste Hero - Free Zero Waste Lesson Plans,"Apr 24, 2023",51,0
2026-01-11, -MJHhPKLX0E,Waste Hero - Free Zero Waste Lesson Plans,"Apr 24, 2023",51,0
2026-01-12, -MJHhPKLX0E,Waste Hero - Free Zero Waste Lesson Plans,"Apr 24, 2023",51,0
2026-01-13, -MJHhPKLX0E,Waste Hero - Free Zero Waste Lesson Plans,"Apr 24, 2023",51,0
2026-01-14, -MJHhPKLX0E,Waste Hero - Free Zero Waste Lesson Plans,"Apr 24, 2023",51,0
2026-01-15, -MJHhPKLX0E,Waste Hero - Free Zero Waste Lesson Plans,"Apr 24, 2023",51,0
2026-01-16, -MJHhPKLX0E,Waste Hero - Free Zero Waste Lesson Plans,"Apr 24, 2023",51,0
2026-01-17, -MJHhPKLX0E,Waste Hero - Free Zero Waste Lesson Plans,"Apr 24, 2023",51,0
2026-01-18, -MJHhPKLX0E,Waste Hero - Free Zero Waste Lesson Plans,"Apr 24, 2023",51,0
2026-01-19, -MJHhPKLX0E,Waste Hero - Free Zero Waste Lesson Plans,"Apr 24, 2023",51,0
2026-01-20, -MJHhPKLX0E,Waste Hero - Free Zero Waste Lesson Plans,"Apr 24, 2023",51,0
2026-01-21, -MJHhPKLX0E,Waste Hero - Free Zero Waste Lesson Plans,"Apr 24, 2023",51,0
2026-01-22, -MJHhPKLX0E,Waste Hero - Free Zero Waste Lesson Plans,"Apr 24, 2023",51,0
2026-01-23, -MJHhPKLX0E,Waste Hero - Free Zero Waste Lesson Plans,"Apr 24, 2023",51,0
2026-01-24, -MJHhPKLX0E,Waste Hero - Free Zero Waste Lesson Plans,"Apr 24, 2023",51,0
2026-01-25, -MJHhPKLX0E,Waste Hero - Free Zero Waste Lesson Plans,"Apr 24, 2023",51,0
2026-01-26, -MJHhPKLX0E,Waste Hero - Free Zero Waste Lesson Plans,"Apr 24, 2023",51,0
2026-01-27, -MJHhPKLX0E,Waste Hero - Free Zero Waste Lesson Plans,"Apr 24, 2023",51,0
2026-01-28, -MJHhPKLX0E,Waste Hero - Free Zero Waste Lesson Plans,"Apr 24, 2023",51,0
2026-01-29, -MJHhPKLX0E,Waste Hero - Free Zero Waste Lesson Plans,"Apr 24, 2023",51,0
2026-01-30, -MJHhPKLX0E,Waste Hero - Free Zero Waste Lesson Plans,"Apr 24, 2023",51,0
2026-01-31, -MJHhPKLX0E,Waste Hero - Free Zero Waste Lesson Plans,"Apr 24, 2023",51,0
2026-02-01, -MJHhPKLX0E,Waste Hero - Free Zero Waste Lesson Plans,"Apr 24, 2023",51,0
2026-02-02, -MJHhPKLX0E,Waste Hero - Free Zero Waste Lesson Plans,"Apr 24, 2023",51,0
2026-02-03, -MJHhPKLX0E,Waste Hero - Free Zero Waste Lesson Plans,"Apr 24, 2023",51,0
2026-02-04, -MJHhPKLX0E,Waste Hero - Free Zero Waste Lesson Plans,"Apr 24, 2023",51,0
2026-02-05, -MJHhPKLX0E,Waste Hero - Free Zero Waste Lesson Plans,"Apr 24, 2023",51,0
2026-02-06, -MJHhPKLX0E,Waste Hero - Free Zero Waste Lesson Plans,"Apr 24, 2023",51,0
2026-02-07, -MJHhPKLX0E,Waste Hero - Free Zero Waste Lesson Plans,"Apr 24, 2023",51,0
2026-02-08, -MJHhPKLX0E,Waste Hero - Free Zero Waste Lesson Plans,"Apr 24, 2023",51,0
2026-02-09, -MJHhPKLX0E,Waste Hero - Free Zero Waste Lesson Plans,"Apr 24, 2023",51,0
2026-02-10, -MJHhPKLX0E,Waste Hero - Free Zero Waste Lesson Plans,"Apr 24, 2023",51,0
2026-02-11, -MJHhPKLX0E,Waste Hero - Free Zero Waste Lesson Plans,"Apr 24, 2023",51,0
2026-02-12, -MJHhPKLX0E,Waste Hero - Free Zero Waste Lesson Plans,"Apr 24, 2023",51,0
2026-02-13, -MJHhPKLX0E,Waste Hero - Free Zero Waste Lesson Plans,"Apr 24, 2023",51,0
2026-02-14, -MJHhPKLX0E,Waste Hero - Free Zero Waste Lesson Plans,"Apr 24, 2023",51,0
2026-02-15, -MJHhPKLX0E,Waste Hero - Free Zero Waste Lesson Plans,"Apr 24, 2023",51,0
2026-02-16, -MJHhPKLX0E,Waste Hero - Free Zero Waste Lesson Plans,"Apr 24, 2023",51,0
2026-02-17, -MJHhPKLX0E,Waste Hero - Free Zero Waste Lesson Plans,"Apr 24, 2023",51,0
2026-02-18, -MJHhPKLX0E,Waste Hero - Free Zero Waste Lesson Plans,"Apr 24, 2023",51,0
2026-02-19, -MJHhPKLX0E,Waste Hero - Free Zero Waste Lesson Plans,"Apr 24, 2023",51,0
2026-02-20, -MJHhPKLX0E,Waste Hero - Free Zero Waste Lesson Plans,"Apr 24, 2023",51,0
2026-02-21, -MJHhPKLX0E,Waste Hero - Free Zero Waste Lesson Plans,"Apr 24, 2023",51,0
2026-02-22, -MJHhPKLX0E,Waste Hero - Free Zero Waste Lesson Plans,"Apr 24, 2023",51,0
2026-02-23, -MJHhPKLX0E,Waste Hero - Free Zero Waste Lesson Plans,"Apr 24, 2023",51,0
2026-02-24, -MJHhPKLX0E,Waste Hero - Free Zero Waste Lesson Plans,"Apr 24, 2023",51,0
2026-02-25, -MJHhPKLX0E,Waste Hero - Free Zero Waste Lesson Plans,"Apr 24, 2023",51,0
2026-02-26, -MJHhPKLX0E,Waste Hero - Free Zero Waste Lesson Plans,"Apr 24, 2023",51,0
2026-02-27, -MJHhPKLX0E,Waste Hero - Free Zero Waste Lesson Plans,"Apr 24, 2023",51,0
2026-02-28, -MJHhPKLX0E,Waste Hero - Free Zero Waste Lesson Plans,"Apr 24, 2023",51,0
2026-03-01, -MJHhPKLX0E,Waste Hero - Free Zero Waste Lesson Plans,"Apr 24, 2023",51,0
2026-03-02, -MJHhPKLX0E,Waste Hero - Free Zero Waste Lesson Plans,"Apr 24, 2023",51,0
2026-03-03, -MJHhPKLX0E,Waste Hero - Free Zero Waste Lesson Plans,"Apr 24, 2023",51,0
2026-03-04, -MJHhPKLX0E,Waste Hero - Free Zero Waste Lesson Plans,"Apr 24, 2023",51,0
2023-03-08,4uD5WaQoDac,Waste Hero Education : Why we should Recycle?,"Aug 7, 2025",608,0
2023-03-09,4uD5WaQoDac,Waste Hero Education : Why we should Recycle?,"Aug 7, 2025",608,0
2023-03-10,4uD5WaQoDac,Waste Hero Education : Why we should Recycle?,"Aug 7, 2025",608,0
2023-03-11,4uD5WaQoDac,Waste Hero Education : Why we should Recycle?,"Aug 7, 2025",608,0
2023-03-12,4uD5WaQoDac,Waste Hero Education : Why we should Recycle?,"Aug 7, 2025",608,0
2023-03-13,4uD5WaQoDac,Waste Hero Education : Why we should Recycle?,"Aug 7, 2025",608,0
2023-03-14,4uD5WaQoDac,Waste Hero Education : Why we should Recycle?,"Aug 7, 2025",608,0
2023-03-15,4uD5WaQoDac,Waste Hero Education : Why we should Recycle?,"Aug 7, 2025",608,0
2023-03-16,4uD5WaQoDac,Waste Hero Education : Why we should Recycle?,"Aug 7, 2025",608,0
2023-03-17,4uD5WaQoDac,Waste Hero Education : Why we should Recycle?,"Aug 7, 2025",608,0
2023-03-18,4uD5WaQoDac,Waste Hero Education : Why we should Recycle?,"Aug 7, 2025",608,0
2023-03-19,4uD5WaQoDac,Waste Hero Education : Why we should Recycle?,"Aug 7, 2025",608,0
2023-03-20,4uD5WaQoDac,Waste Hero Education : Why we should Recycle?,"Aug 7, 2025",608,0
2023-03-21,4uD5WaQoDac,Waste Hero Education : Why we should Recycle?,"Aug 7, 2025",608,0
2023-03-22,4uD5WaQoDac,Waste Hero Education : Why we should Recycle?,"Aug 7, 2025",608,0
2023-03-23,4uD5WaQoDac,Waste Hero Education : Why we should Recycle?,"Aug 7, 2025",608,0
2023-03-24,4uD5WaQoDac,Waste Hero Education : Why we should Recycle?,"Aug 7, 2025",608,0
2023-03-25,4uD5WaQoDac,Waste Hero Education : Why we should Recycle?,"Aug 7, 2025",608,0
2023-03-26,4uD5WaQoDac,Waste Hero Education : Why we should Recycle?,"Aug 7, 2025",608,0
2023-03-27,4uD5WaQoDac,Waste Hero Education : Why we should Recycle?,"Aug 7, 2025",608,0
2023-03-28,4uD5WaQoDac,Waste Hero Education : Why we should Recycle?,"Aug 7, 2025",608,0
2023-03-29,4uD5WaQoDac,Waste Hero Education : Why we should Recycle?,"Aug 7, 2025",608,0
2023-03-30,4uD5WaQoDac,Waste Hero Education : Why we should Recycle?,"Aug 7, 2025",608,0
2023-03-31,4uD5WaQoDac,Waste Hero Education : Why we should Recycle?,"Aug 7, 2025",608,0
2023-04-01,4uD5WaQoDac,Waste Hero Education : Why we should Recycle?,"Aug 7, 2025",608,0
2023-04-02,4uD5WaQoDac,Waste Hero Education : Why we should Recycle?,"Aug 7, 2025",608,0
2023-04-03,4uD5WaQoDac,Waste Hero Education : Why we should Recycle?,"Aug 7, 2025",608,0
2023-04-04,4uD5WaQoDac,Waste Hero Education : Why we should Recycle?,"Aug 7, 2025",608,0
2023-04-05,4uD5WaQoDac,Waste Hero Education : Why we should Recycle?,"Aug 7, 2025",608,0
2023-04-06,4uD5WaQoDac,Waste Hero Education : Why we should Recycle?,"Aug 7, 2025",608,0
2023-04-07,4uD5WaQoDac,Waste Hero Education : Why we should Recycle?,"Aug 7, 2025",608,0
2023-04-08,4uD5WaQoDac,Waste Hero Education : Why we should Recycle?,"Aug 7, 2025",608,0
2023-04-09,4uD5WaQoDac,Waste Hero Education : Why we should Recycle?,"Aug 7, 2025",608,0
2023-04-10,4uD5WaQoDac,Waste Hero Education : Why we should Recycle?,"Aug 7, 2025",608,0
2023-04-11,4uD5WaQoDac,Waste Hero Education : Why we should Recycle?,"Aug 7, 2025",608,0
2023-04-12,4uD5WaQoDac,Waste Hero Education : Why we should Recycle?,"Aug 7, 2025",608,0
2023-04-13,4uD5WaQoDac,Waste Hero Education : Why we should Recycle?,"Aug 7, 2025",608,0
2023-04-14,4uD5WaQoDac,Waste Hero Education : Why we should Recycle?,"Aug 7, 2025",608,0
2023-04-15,4uD5WaQoDac,Waste Hero Education : Why we should Recycle?,"Aug 7, 2025",608,0
2023-04-16,4uD5WaQoDac,Waste Hero Education : Why we should Recycle?,"Aug 7, 2025",608,0
2023-04-17,4uD5WaQoDac,Waste Hero Education : Why we should Recycle?,"Aug 7, 2025",608,0
2023-04-18,4uD5WaQoDac,Waste Hero Education : Why we should Recycle?,"Aug 7, 2025",608,0
2023-04-19,4uD5WaQoDac,Waste Hero Education : Why we should Recycle?,"Aug 7, 2025",608,0
2023-04-20,4uD5WaQoDac,Waste Hero Education : Why we should Recycle?,"Aug 7, 2025",608,0
2023-04-21,4uD5WaQoDac,Waste Hero Education : Why we should Recycle?,"Aug 7, 2025",608,0
2023-04-22,4uD5WaQoDac,Waste Hero Education : Why we should Recycle?,"Aug 7, 2025",608,0
2023-04-23,4uD5WaQoDac,Waste Hero Education : Why we should Recycle?,"Aug 7, 2025",608,0
2023-04-24,4uD5WaQoDac,Waste Hero Education : Why we should Recycle?,"Aug 7, 2025",608,0
2023-04-25,4uD5WaQoDac,Waste Hero Education : Why we should Recycle?,"Aug 7, 2025",608,0
2023-04-26,4uD5WaQoDac,Waste Hero Education : Why we should Recycle?,"Aug 7, 2025",608,0
2023-04-27,4uD5WaQoDac,Waste Hero Education : Why we should Recycle?,"Aug 7, 2025",608,0
2023-04-28,4uD5WaQoDac,Waste Hero Education : Why we should Recycle?,"Aug 7, 2025",608,0
2023-04-29,4uD5WaQoDac,Waste Hero Education : Why we should Recycle?,"Aug 7, 2025",608,0
2023-04-30,4uD5WaQoDac,Waste Hero Education : Why we should Recycle?,"Aug 7, 2025",608,0
2023-05-01,4uD5WaQoDac,Waste Hero Education : Why we should Recycle?,"Aug 7, 2025",608,0
2023-05-02,4uD5WaQoDac,Waste Hero Education : Why we should Recycle?,"Aug 7, 2025",608,0
2023-05-03,4uD5WaQoDac,Waste Hero Education : Why we should Recycle?,"Aug 7, 2025",608,0
2023-05-04,4uD5WaQoDac,Waste Hero Education : Why we should Recycle?,"Aug 7, 2025",608,0
2023-05-05,4uD5WaQoDac,Waste Hero Education : Why we should Recycle?,"Aug 7, 2025",608,0
2023-05-06,4uD5WaQoDac,Waste Hero Education : Why we should Recycle?,"Aug 7, 2025",608,0
2023-05-07,4uD5WaQoDac,Waste Hero Education : Why we should Recycle?,"Aug 7, 2025",608,0
2023-05-08,4uD5WaQoDac,Waste Hero Education : Why we should Recycle?,"Aug 7, 2025",608,0
2023-05-09,4uD5WaQoDac,Waste Hero Education : Why we should Recycle?,"Aug 7, 2025",608,0
2023-05-10,4uD5WaQoDac,Waste Hero Education : Why we should Recycle?,"Aug 7, 2025",608,0
2023-05-11,4uD5WaQoDac,Waste Hero Education : Why we should Recycle?,"Aug 7, 2025",608,0
2023-05-12,4uD5WaQoDac,Waste Hero Education : Why we should Recycle?,"Aug 7, 2025",608,0
2023-05-13,4uD5WaQoDac,Waste Hero Education : Why we should Recycle?,"Aug 7, 2025",608,0
2023-05-14,4uD5WaQoDac,Waste Hero Education : Why we should Recycle?,"Aug 7, 2025",608,0
2023-05-15,4uD5WaQoDac,Waste Hero Education : Why we should Recycle?,"Aug 7, 2025",608,0
2023-05-16,4uD5WaQoDac,Waste Hero Education : Why we should Recycle?,"Aug 7, 2025",608,0
2023-05-17,4uD5WaQoDac,Waste Hero Education : Why we should Recycle?,"Aug 7, 2025",608,0
2023-05-18,4uD5WaQoDac,Waste Hero Education : Why we should Recycle?,"Aug 7, 2025",608,0
2023-05-19,4uD5WaQoDac,Waste Hero Education : Why we should Recycle?,"Aug 7, 2025",608,0
2023-05-20,4uD5WaQoDac,Waste Hero Education : Why we should Recycle?,"Aug 7, 2025",608,0
2023-05-21,4uD5WaQoDac,Waste Hero Education : Why we should Recycle?,"Aug 7, 2025",608,0
2023-05-22,4uD5WaQoDac,Waste Hero Education : Why we should Recycle?,"Aug 7, 2025",608,0
2023-05-23,4uD5WaQoDac,Waste Hero Education : Why we should Recycle?,"Aug 7, 2025",608,0
2023-05-24,4uD5WaQoDac,Waste Hero Education : Why we should Recycle?,"Aug 7, 2025",608,0
2023-05-25,4uD5WaQoDac,Waste Hero Education : Why we should Recycle?,"Aug 7, 2025",608,0
2023-05-26,4uD5WaQoDac,Waste Hero Education : Why we should Recycle?,"Aug 7, 2025",608,0
2023-05-27,4uD5WaQoDac,Waste Hero Education : Why we should Recycle?,"Aug 7, 2025",608,0
2023-05-28,4uD5WaQoDac,Waste Hero Education : Why we should Recycle?,"Aug 7, 2025",608,0
2023-05-29,4uD5WaQoDac,Waste Hero Education : Why we should Recycle?,"Aug 7, 2025",608,0
2023-05-30,4uD5WaQoDac,Waste Hero Education : Why we should Recycle?,"Aug 7, 2025",608,0
2023-05-31,4uD5WaQoDac,Waste Hero Education : Why we should Recycle?,"Aug 7, 2025",608,0
2023-06-01,4uD5WaQoDac,Waste Hero Education : Why we should Recycle?,"Aug 7, 2025",608,0
2023-06-02,4uD5WaQoDac,Waste Hero Education : Why we should Recycle?,"Aug 7, 2025",608,0
2023-06-03,4uD5WaQoDac,Waste Hero Education : Why we should Recycle?,"Aug 7, 2025",608,0
2023-06-04,4uD5WaQoDac,Waste Hero Education : Why we should Recycle?,"Aug 7, 2025",608,0
2023-06-05,4uD5WaQoDac,Waste Hero Education : Why we should Recycle?,"Aug 7, 2025",608,0
2023-06-06,4uD5WaQoDac,Waste Hero Education : Why we should Recycle?,"Aug 7, 2025",608,0
2023-06-07,4uD5WaQoDac,Waste Hero Education : Why we should Recycle?,"Aug 7, 2025",608,0
2023-06-08,4uD5WaQoDac,Waste Hero Education : Why we should Recycle?,"Aug 7, 2025",608,0
2023-06-09,4uD5WaQoDac,Waste Hero Education : Why we should Recycle?,"Aug 7, 2025",608,0
2023-06-10,4uD5WaQoDac,Waste Hero Education : Why we should Recycle?,"Aug 7, 2025",608,0
2023-06-11,4uD5WaQoDac,Waste Hero Education : Why we should Recycle?,"Aug 7, 2025",608,0
2023-06-12,4uD5WaQoDac,Waste Hero Education : Why we should Recycle?,"Aug 7, 2025",608,0
2023-06-13,4uD5WaQoDac,Waste Hero Education : Why we should Recycle?,"Aug 7, 2025",608,0
2023-06-14,4uD5WaQoDac,Waste Hero Education : Why we should Recycle?,"Aug 7, 2025",608,0
2023-06-15,4uD5WaQoDac,Waste Hero Education : Why we should Recycle?,"Aug 7, 2025",608,0
2023-06-16,4uD5WaQoDac,Waste Hero Education : Why we should Recycle?,"Aug 7, 2025",608,0
2023-06-17,4uD5WaQoDac,Waste Hero Education : Why we should Recycle?,"Aug 7, 2025",608,0
2023-06-18,4uD5WaQoDac,Waste Hero Education : Why we should Recycle?,"Aug 7, 2025",608,0
2023-06-19,4uD5WaQoDac,Waste Hero Education : Why we should Recycle?,"Aug 7, 2025",608,0
2023-06-20,4uD5WaQoDac,Waste Hero Education : Why we should Recycle?,"Aug 7, 2025",608,0
2023-06-21,4uD5WaQoDac,Waste Hero Education : Why we should Recycle?,"Aug 7, 2025",608,0
2023-06-22,4uD5WaQoDac,Waste Hero Education : Why we should Recycle?,"Aug 7, 2025",608,0
2023-06-23,4uD5WaQoDac,Waste Hero Education : Why we should Recycle?,"Aug 7, 2025",608,0
2023-06-24,4uD5WaQoDac,Waste Hero Education : Why we should Recycle?,"Aug 7, 2025",608,0
2023-06-25,4uD5WaQoDac,Waste Hero Education : Why we should Recycle?,"Aug 7, 2025",608,0
2023-06-26,4uD5WaQoDac,Waste Hero Education : Why we should Recycle?,"Aug 7, 2025",608,0
2023-06-27,4uD5WaQoDac,Waste Hero Education : Why we should Recycle?,"Aug 7, 2025",608,0
2023-06-28,4uD5WaQoDac,Waste Hero Education : Why we should Recycle?,"Aug 7, 2025",608,0
2023-06-29,4uD5WaQoDac,Waste Hero Education : Why we should Recycle?,"Aug 7, 2025",608,0
2023-06-30,4uD5WaQoDac,Waste Hero Education : Why we should Recycle?,"Aug 7, 2025",608,0
2023-07-01,4uD5WaQoDac,Waste Hero Education : Why we should Recycle?,"Aug 7, 2025",608,0
2023-07-02,4uD5WaQoDac,Waste Hero Education : Why we should Recycle?,"Aug 7, 2025",608,0
2023-07-03,4uD5WaQoDac,Waste Hero Education : Why we should Recycle?,"Aug 7, 2025",608,0
2023-07-04,4uD5WaQoDac,Waste Hero Education : Why we should Recycle?,"Aug 7, 2025",608,0
2023-07-05,4uD5WaQoDac,Waste Hero Education : Why we should Recycle?,"Aug 7, 2025",608,0
2023-07-06,4uD5WaQoDac,Waste Hero Education : Why we should Recycle?,"Aug 7, 2025",608,0
2023-07-07,4uD5WaQoDac,Waste Hero Education : Why we should Recycle?,"Aug 7, 2025",608,0
2023-07-08,4uD5WaQoDac,Waste Hero Education : Why we should Recycle?,"Aug 7, 2025",608,0
2023-07-09,4uD5WaQoDac,Waste Hero Education : Why we should Recycle?,"Aug 7, 2025",608,0
2023-07-10,4uD5WaQoDac,Waste Hero Education : Why we should Recycle?,"Aug 7, 2025",608,0
2023-07-11,4uD5WaQoDac,Waste Hero Education : Why we should Recycle?,"Aug 7, 2025",608,0
2023-07-12,4uD5WaQoDac,Waste Hero Education : Why we should Recycle?,"Aug 7, 2025",608,0
2023-07-13,4uD5WaQoDac,Waste Hero Education : Why we should Recycle?,"Aug 7, 2025",608,0
2023-07-14,4uD5WaQoDac,Waste Hero Education : Why we should Recycle?,"Aug 7, 2025",608,0
2023-07-15,4uD5WaQoDac,Waste Hero Education : Why we should Recycle?,"Aug 7, 2025",608,0
2023-07-16,4uD5WaQoDac,Waste Hero Education : Why we should Recycle?,"Aug 7, 2025",608,0
2023-07-17,4uD5WaQoDac,Waste Hero Education : Why we should Recycle?,"Aug 7, 2025",608,0
2023-07-18,4uD5WaQoDac,Waste Hero Education : Why we should Recycle?,"Aug 7, 2025",608,0
2023-07-19,4uD5WaQoDac,Waste Hero Education : Why we should Recycle?,"Aug 7, 2025",608,0
2023-07-20,4uD5WaQoDac,Waste Hero Education : Why we should Recycle?,"Aug 7, 2025",608,0
2023-07-21,4uD5WaQoDac,Waste Hero Education : Why we should Recycle?,"Aug 7, 2025",608,0
2023-07-22,4uD5WaQoDac,Waste Hero Education : Why we should Recycle?,"Aug 7, 2025",608,0
2023-07-23,4uD5WaQoDac,Waste Hero Education : Why we should Recycle?,"Aug 7, 2025",608,0
2023-07-24,4uD5WaQoDac,Waste Hero Education : Why we should Recycle?,"Aug 7, 2025",608,0
2023-07-25,4uD5WaQoDac,Waste Hero Education : Why we should Recycle?,"Aug 7, 2025",608,0
2023-07-26,4uD5WaQoDac,Waste Hero Education : Why we should Recycle?,"Aug 7, 2025",608,0
2023-07-27,4uD5WaQoDac,Waste Hero Education : Why we should Recycle?,"Aug 7, 2025",608,0
2023-07-28,4uD5WaQoDac,Waste Hero Education : Why we should Recycle?,"Aug 7, 2025",608,0
2023-07-29,4uD5WaQoDac,Waste Hero Education : Why we should Recycle?,"Aug 7, 2025",608,0
2023-07-30,4uD5WaQoDac,Waste Hero Education : Why we should Recycle?,"Aug 7, 2025",608,0
2023-07-31,4uD5WaQoDac,Waste Hero Education : Why we should Recycle?,"Aug 7, 2025",608,0
2023-08-01,4uD5WaQoDac,Waste Hero Education : Why we should Recycle?,"Aug 7, 2025",608,0
2023-08-02,4uD5WaQoDac,Waste Hero Education : Why we should Recycle?,"Aug 7, 2025",608,0
2023-08-03,4uD5WaQoDac,Waste Hero Education : Why we should Recycle?,"Aug 7, 2025",608,0
2023-08-04,4uD5WaQoDac,Waste Hero Education : Why we should Recycle?,"Aug 7, 2025",608,0
2023-08-05,4uD5WaQoDac,Waste Hero Education : Why we should Recycle?,"Aug 7, 2025",608,0
2023-08-06,4uD5WaQoDac,Waste Hero Education : Why we should Recycle?,"Aug 7, 2025",608,0
2023-08-07,4uD5WaQoDac,Waste Hero Education : Why we should Recycle?,"Aug 7, 2025",608,0
2023-08-08,4uD5WaQoDac,Waste Hero Education : Why we should Recycle?,"Aug 7, 2025",608,0
2023-08-09,4uD5WaQoDac,Waste Hero Education : Why we should Recycle?,"Aug 7, 2025",608,0
2023-08-10,4uD5WaQoDac,Waste Hero Education : Why we should Recycle?,"Aug 7, 2025",608,0
2023-08-11,4uD5WaQoDac,Waste Hero Education : Why we should Recycle?,"Aug 7, 2025",608,0
2023-08-12,4uD5WaQoDac,Waste Hero Education : Why we should Recycle?,"Aug 7, 2025",608,0
2023-08-13,4uD5WaQoDac,Waste Hero Education : Why we should Recycle?,"Aug 7, 2025",608,0
2023-08-14,4uD5WaQoDac,Waste Hero Education : Why we should Recycle?,"Aug 7, 2025",608,0
2023-08-15,4uD5WaQoDac,Waste Hero Education : Why we should Recycle?,"Aug 7, 2025",608,0
2023-08-16,4uD5WaQoDac,Waste Hero Education : Why we should Recycle?,"Aug 7, 2025",608,0
2023-08-17,4uD5WaQoDac,Waste Hero Education : Why we should Recycle?,"Aug 7, 2025",608,0
2023-08-18,4uD5WaQoDac,Waste Hero Education : Why we should Recycle?,"Aug 7, 2025",608,0
2023-08-19,4uD5WaQoDac,Waste Hero Education : Why we should Recycle?,"Aug 7, 2025",608,0
2023-08-20,4uD5WaQoDac,Waste Hero Education : Why we should Recycle?,"Aug 7, 2025",608,0
2023-08-21,4uD5WaQoDac,Waste Hero Education : Why we should Recycle?,"Aug 7, 2025",608,0
2023-08-22,4uD5WaQoDac,Waste Hero Education : Why we should Recycle?,"Aug 7, 2025",608,0
2023-08-23,4uD5WaQoDac,Waste Hero Education : Why we should Recycle?,"Aug 7, 2025",608,0
2023-08-24,4uD5WaQoDac,Waste Hero Education : Why we should Recycle?,"Aug 7, 2025",608,0
2023-08-25,4uD5WaQoDac,Waste Hero Education : Why we should Recycle?,"Aug 7, 2025",608,0
2023-08-26,4uD5WaQoDac,Waste Hero Education : Why we should Recycle?,"Aug 7, 2025",608,0
2023-08-27,4uD5WaQoDac,Waste Hero Education : Why we should Recycle?,"Aug 7, 2025",608,0
2023-08-28,4uD5WaQoDac,Waste Hero Education : Why we should Recycle?,"Aug 7, 2025",608,0
2023-08-29,4uD5WaQoDac,Waste Hero Education : Why we should Recycle?,"Aug 7, 2025",608,0
2023-08-30,4uD5WaQoDac,Waste Hero Education : Why we should Recycle?,"Aug 7, 2025",608,0
2023-08-31,4uD5WaQoDac,Waste Hero Education : Why we should Recycle?,"Aug 7, 2025",608,0
2023-09-01,4uD5WaQoDac,Waste Hero Education : Why we should Recycle?,"Aug 7, 2025",608,0
2023-09-02,4uD5WaQoDac,Waste Hero Education : Why we should Recycle?,"Aug 7, 2025",608,0
2023-09-03,4uD5WaQoDac,Waste Hero Education : Why we should Recycle?,"Aug 7, 2025",608,0
2023-09-04,4uD5WaQoDac,Waste Hero Education : Why we should Recycle?,"Aug 7, 2025",608,0
2023-09-05,4uD5WaQoDac,Waste Hero Education : Why we should Recycle?,"Aug 7, 2025",608,0
2023-09-06,4uD5WaQoDac,Waste Hero Education : Why we should Recycle?,"Aug 7, 2025",608,0
2023-09-07,4uD5WaQoDac,Waste Hero Education : Why we should Recycle?,"Aug 7, 2025",608,0
2023-09-08,4uD5WaQoDac,Waste Hero Education : Why we should Recycle?,"Aug 7, 2025",608,0
2023-09-09,4uD5WaQoDac,Waste Hero Education : Why we should Recycle?,"Aug 7, 2025",608,0
2023-09-10,4uD5WaQoDac,Waste Hero Education : Why we should Recycle?,"Aug 7, 2025",608,0
2023-09-11,4uD5WaQoDac,Waste Hero Education : Why we should Recycle?,"Aug 7, 2025",608,0
2023-09-12,4uD5WaQoDac,Waste Hero Education : Why we should Recycle?,"Aug 7, 2025",608,0
2023-09-13,4uD5WaQoDac,Waste Hero Education : Why we should Recycle?,"Aug 7, 2025",608,0
2023-09-14,4uD5WaQoDac,Waste Hero Education : Why we should Recycle?,"Aug 7, 2025",608,0
2023-09-15,4uD5WaQoDac,Waste Hero Education : Why we should Recycle?,"Aug 7, 2025",608,0
2023-09-16,4uD5WaQoDac,Waste Hero Education : Why we should Recycle?,"Aug 7, 2025",608,0
2023-09-17,4uD5WaQoDac,Waste Hero Education : Why we should Recycle?,"Aug 7, 2025",608,0
2023-09-18,4uD5WaQoDac,Waste Hero Education : Why we should Recycle?,"Aug 7, 2025",608,0
2023-09-19,4uD5WaQoDac,Waste Hero Education : Why we should Recycle?,"Aug 7, 2025",608,0
2023-09-20,4uD5WaQoDac,Waste Hero Education : Why we should Recycle?,"Aug 7, 2025",608,0
2023-09-21,4uD5WaQoDac,Waste Hero Education : Why we should Recycle?,"Aug 7, 2025",608,0
2023-09-22,4uD5WaQoDac,Waste Hero Education : Why we should Recycle?,"Aug 7, 2025",608,0
2023-09-23,4uD5WaQoDac,Waste Hero Education : Why we should Recycle?,"Aug 7, 2025",608,0
2023-09-24,4uD5WaQoDac,Waste Hero Education : Why we should Recycle?,"Aug 7, 2025",608,0
2023-09-25,4uD5WaQoDac,Waste Hero Education : Why we should Recycle?,"Aug 7, 2025",608,0
2023-09-26,4uD5WaQoDac,Waste Hero Education : Why we should Recycle?,"Aug 7, 2025",608,0
2023-09-27,4uD5WaQoDac,Waste Hero Education : Why we should Recycle?,"Aug 7, 2025",608,0
2023-09-28,4uD5WaQoDac,Waste Hero Education : Why we should Recycle?,"Aug 7, 2025",608,0
2023-09-29,4uD5WaQoDac,Waste Hero Education : Why we should Recycle?,"Aug 7, 2025",608,0
2023-09-30,4uD5WaQoDac,Waste Hero Education : Why we should Recycle?,"Aug 7, 2025",608,0
2023-10-01,4uD5WaQoDac,Waste Hero Education : Why we should Recycle?,"Aug 7, 2025",608,0
2023-10-02,4uD5WaQoDac,Waste Hero Education : Why we should Recycle?,"Aug 7, 2025",608,0
2023-10-03,4uD5WaQoDac,Waste Hero Education : Why we should Recycle?,"Aug 7, 2025",608,0
2023-10-04,4uD5WaQoDac,Waste Hero Education : Why we should Recycle?,"Aug 7, 2025",608,0
2023-10-05,4uD5WaQoDac,Waste Hero Education : Why we should Recycle?,"Aug 7, 2025",608,0
2023-10-06,4uD5WaQoDac,Waste Hero Education : Why we should Recycle?,"Aug 7, 2025",608,0
2023-10-07,4uD5WaQoDac,Waste Hero Education : Why we should Recycle?,"Aug 7, 2025",608,0
2023-10-08,4uD5WaQoDac,Waste Hero Education : Why we should Recycle?,"Aug 7, 2025",608,0
2023-10-09,4uD5WaQoDac,Waste Hero Education : Why we should Recycle?,"Aug 7, 2025",608,0
2023-10-10,4uD5WaQoDac,Waste Hero Education : Why we should Recycle?,"Aug 7, 2025",608,0
2023-10-11,4uD5WaQoDac,Waste Hero Education : Why we should Recycle?,"Aug 7, 2025",608,0
2023-10-12,4uD5WaQoDac,Waste Hero Education : Why we should Recycle?,"Aug 7, 2025",608,0
2023-10-13,4uD5WaQoDac,Waste Hero Education : Why we should Recycle?,"Aug 7, 2025",608,0
2023-10-14,4uD5WaQoDac,Waste Hero Education : Why we should Recycle?,"Aug 7, 2025",608,0
2023-10-15,4uD5WaQoDac,Waste Hero Education : Why we should Recycle?,"Aug 7, 2025",608,0
2023-10-16,4uD5WaQoDac,Waste Hero Education : Why we should Recycle?,"Aug 7, 2025",608,0
2023-10-17,4uD5WaQoDac,Waste Hero Education : Why we should Recycle?,"Aug 7, 2025",608,0
2023-10-18,4uD5WaQoDac,Waste Hero Education : Why we should Recycle?,"Aug 7, 2025",608,0
2023-10-19,4uD5WaQoDac,Waste Hero Education : Why we should Recycle?,"Aug 7, 2025",608,0
2023-10-20,4uD5WaQoDac,Waste Hero Education : Why we should Recycle?,"Aug 7, 2025",608,0
2023-10-21,4uD5WaQoDac,Waste Hero Education : Why we should Recycle?,"Aug 7, 2025",608,0
2023-10-22,4uD5WaQoDac,Waste Hero Education : Why we should Recycle?,"Aug 7, 2025",608,0
2023-10-23,4uD5WaQoDac,Waste Hero Education : Why we should Recycle?,"Aug 7, 2025",608,0
2023-10-24,4uD5WaQoDac,Waste Hero Education : Why we should Recycle?,"Aug 7, 2025",608,0
2023-10-25,4uD5WaQoDac,Waste Hero Education : Why we should Recycle?,"Aug 7, 2025",608,0
2023-10-26,4uD5WaQoDac,Waste Hero Education : Why we should Recycle?,"Aug 7, 2025",608,0
2023-10-27,4uD5WaQoDac,Waste Hero Education : Why we should Recycle?,"Aug 7, 2025",608,0
2023-10-28,4uD5WaQoDac,Waste Hero Education : Why we should Recycle?,"Aug 7, 2025",608,0
2023-10-29,4uD5WaQoDac,Waste Hero Education : Why we should Recycle?,"Aug 7, 2025",608,0
2023-10-30,4uD5WaQoDac,Waste Hero Education : Why we should Recycle?,"Aug 7, 2025",608,0
2023-10-31,4uD5WaQoDac,Waste Hero Education : Why we should Recycle?,"Aug 7, 2025",608,0
2023-11-01,4uD5WaQoDac,Waste Hero Education : Why we should Recycle?,"Aug 7, 2025",608,0
2023-11-02,4uD5WaQoDac,Waste Hero Education : Why we should Recycle?,"Aug 7, 2025",608,0
2023-11-03,4uD5WaQoDac,Waste Hero Education : Why we should Recycle?,"Aug 7, 2025",608,0
2023-11-04,4uD5WaQoDac,Waste Hero Education : Why we should Recycle?,"Aug 7, 2025",608,0
2023-11-05,4uD5WaQoDac,Waste Hero Education : Why we should Recycle?,"Aug 7, 2025",608,0
2023-11-06,4uD5WaQoDac,Waste Hero Education : Why we should Recycle?,"Aug 7, 2025",608,0
2023-11-07,4uD5WaQoDac,Waste Hero Education : Why we should Recycle?,"Aug 7, 2025",608,0
2023-11-08,4uD5WaQoDac,Waste Hero Education : Why we should Recycle?,"Aug 7, 2025",608,0
2023-11-09,4uD5WaQoDac,Waste Hero Education : Why we should Recycle?,"Aug 7, 2025",608,0
2023-11-10,4uD5WaQoDac,Waste Hero Education : Why we should Recycle?,"Aug 7, 2025",608,0
2023-11-11,4uD5WaQoDac,Waste Hero Education : Why we should Recycle?,"Aug 7, 2025",608,0
2023-11-12,4uD5WaQoDac,Waste Hero Education : Why we should Recycle?,"Aug 7, 2025",608,0
2023-11-13,4uD5WaQoDac,Waste Hero Education : Why we should Recycle?,"Aug 7, 2025",608,0
2023-11-14,4uD5WaQoDac,Waste Hero Education : Why we should Recycle?,"Aug 7, 2025",608,0
2023-11-15,4uD5WaQoDac,Waste Hero Education : Why we should Recycle?,"Aug 7, 2025",608,0
2023-11-16,4uD5WaQoDac,Waste Hero Education : Why we should Recycle?,"Aug 7, 2025",608,0
2023-11-17,4uD5WaQoDac,Waste Hero Education : Why we should Recycle?,"Aug 7, 2025",608,0
2023-11-18,4uD5WaQoDac,Waste Hero Education : Why we should Recycle?,"Aug 7, 2025",608,0
2023-11-19,4uD5WaQoDac,Waste Hero Education : Why we should Recycle?,"Aug 7, 2025",608,0
2023-11-20,4uD5WaQoDac,Waste Hero Education : Why we should Recycle?,"Aug 7, 2025",608,0
2023-11-21,4uD5WaQoDac,Waste Hero Education : Why we should Recycle?,"Aug 7, 2025",608,0
2023-11-22,4uD5WaQoDac,Waste Hero Education : Why we should Recycle?,"Aug 7, 2025",608,0
2023-11-23,4uD5WaQoDac,Waste Hero Education : Why we should Recycle?,"Aug 7, 2025",608,0
2023-11-24,4uD5WaQoDac,Waste Hero Education : Why we should Recycle?,"Aug 7, 2025",608,0
2023-11-25,4uD5WaQoDac,Waste Hero Education : Why we should Recycle?,"Aug 7, 2025",608,0
2023-11-26,4uD5WaQoDac,Waste Hero Education : Why we should Recycle?,"Aug 7, 2025",608,0
2023-11-27,4uD5WaQoDac,Waste Hero Education : Why we should Recycle?,"Aug 7, 2025",608,0
2023-11-28,4uD5WaQoDac,Waste Hero Education : Why we should Recycle?,"Aug 7, 2025",608,0
2023-11-29,4uD5WaQoDac,Waste Hero Education : Why we should Recycle?,"Aug 7, 2025",608,0
2023-11-30,4uD5WaQoDac,Waste Hero Education : Why we should Recycle?,"Aug 7, 2025",608,0
2023-12-01,4uD5WaQoDac,Waste Hero Education : Why we should Recycle?,"Aug 7, 2025",608,0
2023-12-02,4uD5WaQoDac,Waste Hero Education : Why we should Recycle?,"Aug 7, 2025",608,0
2023-12-03,4uD5WaQoDac,Waste Hero Education : Why we should Recycle?,"Aug 7, 2025",608,0
2023-12-04,4uD5WaQoDac,Waste Hero Education : Why we should Recycle?,"Aug 7, 2025",608,0
2023-12-05,4uD5WaQoDac,Waste Hero Education : Why we should Recycle?,"Aug 7, 2025",608,0
2023-12-06,4uD5WaQoDac,Waste Hero Education : Why we should Recycle?,"Aug 7, 2025",608,0
2023-12-07,4uD5WaQoDac,Waste Hero Education : Why we should Recycle?,"Aug 7, 2025",608,0
2023-12-08,4uD5WaQoDac,Waste Hero Education : Why we should Recycle?,"Aug 7, 2025",608,0
2023-12-09,4uD5WaQoDac,Waste Hero Education : Why we should Recycle?,"Aug 7, 2025",608,0
2023-12-10,4uD5WaQoDac,Waste Hero Education : Why we should Recycle?,"Aug 7, 2025",608,0
2023-12-11,4uD5WaQoDac,Waste Hero Education : Why we should Recycle?,"Aug 7, 2025",608,0
2023-12-12,4uD5WaQoDac,Waste Hero Education : Why we should Recycle?,"Aug 7, 2025",608,0
2023-12-13,4uD5WaQoDac,Waste Hero Education : Why we should Recycle?,"Aug 7, 2025",608,0
2023-12-14,4uD5WaQoDac,Waste Hero Education : Why we should Recycle?,"Aug 7, 2025",608,0
2023-12-15,4uD5WaQoDac,Waste Hero Education : Why we should Recycle?,"Aug 7, 2025",608,0
2023-12-16,4uD5WaQoDac,Waste Hero Education : Why we should Recycle?,"Aug 7, 2025",608,0
2023-12-17,4uD5WaQoDac,Waste Hero Education : Why we should Recycle?,"Aug 7, 2025",608,0
2023-12-18,4uD5WaQoDac,Waste Hero Education : Why we should Recycle?,"Aug 7, 2025",608,0
2023-12-19,4uD5WaQoDac,Waste Hero Education : Why we should Recycle?,"Aug 7, 2025",608,0
2023-12-20,4uD5WaQoDac,Waste Hero Education : Why we should Recycle?,"Aug 7, 2025",608,0
2023-12-21,4uD5WaQoDac,Waste Hero Education : Why we should Recycle?,"Aug 7, 2025",608,0
2023-12-22,4uD5WaQoDac,Waste Hero Education : Why we should Recycle?,"Aug 7, 2025",608,0
2023-12-23,4uD5WaQoDac,Waste Hero Education : Why we should Recycle?,"Aug 7, 2025",608,0
2023-12-24,4uD5WaQoDac,Waste Hero Education : Why we should Recycle?,"Aug 7, 2025",608,0
2023-12-25,4uD5WaQoDac,Waste Hero Education : Why we should Recycle?,"Aug 7, 2025",608,0
2023-12-26,4uD5WaQoDac,Waste Hero Education : Why we should Recycle?,"Aug 7, 2025",608,0
2023-12-27,4uD5WaQoDac,Waste Hero Education : Why we should Recycle?,"Aug 7, 2025",608,0
2023-12-28,4uD5WaQoDac,Waste Hero Education : Why we should Recycle?,"Aug 7, 2025",608,0
2023-12-29,4uD5WaQoDac,Waste Hero Education : Why we should Recycle?,"Aug 7, 2025",608,0
2023-12-30,4uD5WaQoDac,Waste Hero Education : Why we should Recycle?,"Aug 7, 2025",608,0
2023-12-31,4uD5WaQoDac,Waste Hero Education : Why we should Recycle?,"Aug 7, 2025",608,0
2024-01-01,4uD5WaQoDac,Waste Hero Education : Why we should Recycle?,"Aug 7, 2025",608,0
2024-01-02,4uD5WaQoDac,Waste Hero Education : Why we should Recycle?,"Aug 7, 2025",608,0
2024-01-03,4uD5WaQoDac,Waste Hero Education : Why we should Recycle?,"Aug 7, 2025",608,0
2024-01-04,4uD5WaQoDac,Waste Hero Education : Why we should Recycle?,"Aug 7, 2025",608,0
2024-01-05,4uD5WaQoDac,Waste Hero Education : Why we should Recycle?,"Aug 7, 2025",608,0
2024-01-06,4uD5WaQoDac,Waste Hero Education : Why we should Recycle?,"Aug 7, 2025",608,0
2024-01-07,4uD5WaQoDac,Waste Hero Education : Why we should Recycle?,"Aug 7, 2025",608,0
2024-01-08,4uD5WaQoDac,Waste Hero Education : Why we should Recycle?,"Aug 7, 2025",608,0
2024-01-09,4uD5WaQoDac,Waste Hero Education : Why we should Recycle?,"Aug 7, 2025",608,0
2024-01-10,4uD5WaQoDac,Waste Hero Education : Why we should Recycle?,"Aug 7, 2025",608,0
2024-01-11,4uD5WaQoDac,Waste Hero Education : Why we should Recycle?,"Aug 7, 2025",608,0
2024-01-12,4uD5WaQoDac,Waste Hero Education : Why we should Recycle?,"Aug 7, 2025",608,0
2024-01-13,4uD5WaQoDac,Waste Hero Education : Why we should Recycle?,"Aug 7, 2025",608,0
2024-01-14,4uD5WaQoDac,Waste Hero Education : Why we should Recycle?,"Aug 7, 2025",608,0
2024-01-15,4uD5WaQoDac,Waste Hero Education : Why we should Recycle?,"Aug 7, 2025",608,0
2024-01-16,4uD5WaQoDac,Waste Hero Education : Why we should Recycle?,"Aug 7, 2025",608,0
2024-01-17,4uD5WaQoDac,Waste Hero Education : Why we should Recycle?,"Aug 7, 2025",608,0
2024-01-18,4uD5WaQoDac,Waste Hero Education : Why we should Recycle?,"Aug 7, 2025",608,0
2024-01-19,4uD5WaQoDac,Waste Hero Education : Why we should Recycle?,"Aug 7, 2025",608,0
2024-01-20,4uD5WaQoDac,Waste Hero Education : Why we should Recycle?,"Aug 7, 2025",608,0
2024-01-21,4uD5WaQoDac,Waste Hero Education : Why we should Recycle?,"Aug 7, 2025",608,0
2024-01-22,4uD5WaQoDac,Waste Hero Education : Why we should Recycle?,"Aug 7, 2025",608,0
2024-01-23,4uD5WaQoDac,Waste Hero Education : Why we should Recycle?,"Aug 7, 2025",608,0
2024-01-24,4uD5WaQoDac,Waste Hero Education : Why we should Recycle?,"Aug 7, 2025",608,0
2024-01-25,4uD5WaQoDac,Waste Hero Education : Why we should Recycle?,"Aug 7, 2025",608,0
2024-01-26,4uD5WaQoDac,Waste Hero Education : Why we should Recycle?,"Aug 7, 2025",608,0
2024-01-27,4uD5WaQoDac,Waste Hero Education : Why we should Recycle?,"Aug 7, 2025",608,0
2024-01-28,4uD5WaQoDac,Waste Hero Education : Why we should Recycle?,"Aug 7, 2025",608,0
2024-01-29,4uD5WaQoDac,Waste Hero Education : Why we should Recycle?,"Aug 7, 2025",608,0
2024-01-30,4uD5WaQoDac,Waste Hero Education : Why we should Recycle?,"Aug 7, 2025",608,0
2024-01-31,4uD5WaQoDac,Waste Hero Education : Why we should Recycle?,"Aug 7, 2025",608,0
2024-02-01,4uD5WaQoDac,Waste Hero Education : Why we should Recycle?,"Aug 7, 2025",608,0
2024-02-02,4uD5WaQoDac,Waste Hero Education : Why we should Recycle?,"Aug 7, 2025",608,0
2024-02-03,4uD5WaQoDac,Waste Hero Education : Why we should Recycle?,"Aug 7, 2025",608,0
2024-02-04,4uD5WaQoDac,Waste Hero Education : Why we should Recycle?,"Aug 7, 2025",608,0
2024-02-05,4uD5WaQoDac,Waste Hero Education : Why we should Recycle?,"Aug 7, 2025",608,0
2024-02-06,4uD5WaQoDac,Waste Hero Education : Why we should Recycle?,"Aug 7, 2025",608,0
2024-02-07,4uD5WaQoDac,Waste Hero Education : Why we should Recycle?,"Aug 7, 2025",608,0
2024-02-08,4uD5WaQoDac,Waste Hero Education : Why we should Recycle?,"Aug 7, 2025",608,0
2024-02-09,4uD5WaQoDac,Waste Hero Education : Why we should Recycle?,"Aug 7, 2025",608,0
2024-02-10,4uD5WaQoDac,Waste Hero Education : Why we should Recycle?,"Aug 7, 2025",608,0
2024-02-11,4uD5WaQoDac,Waste Hero Education : Why we should Recycle?,"Aug 7, 2025",608,0
2024-02-12,4uD5WaQoDac,Waste Hero Education : Why we should Recycle?,"Aug 7, 2025",608,0
2024-02-13,4uD5WaQoDac,Waste Hero Education : Why we should Recycle?,"Aug 7, 2025",608,0
2024-02-14,4uD5WaQoDac,Waste Hero Education : Why we should Recycle?,"Aug 7, 2025",608,0
2024-02-15,4uD5WaQoDac,Waste Hero Education : Why we should Recycle?,"Aug 7, 2025",608,0
2024-02-16,4uD5WaQoDac,Waste Hero Education : Why we should Recycle?,"Aug 7, 2025",608,0
2024-02-17,4uD5WaQoDac,Waste Hero Education : Why we should Recycle?,"Aug 7, 2025",608,0
2024-02-18,4uD5WaQoDac,Waste Hero Education : Why we should Recycle?,"Aug 7, 2025",608,0
2024-02-19,4uD5WaQoDac,Waste Hero Education : Why we should Recycle?,"Aug 7, 2025",608,0
2024-02-20,4uD5WaQoDac,Waste Hero Education : Why we should Recycle?,"Aug 7, 2025",608,0
2024-02-21,4uD5WaQoDac,Waste Hero Education : Why we should Recycle?,"Aug 7, 2025",608,0
2024-02-22,4uD5WaQoDac,Waste Hero Education : Why we should Recycle?,"Aug 7, 2025",608,0
2024-02-23,4uD5WaQoDac,Waste Hero Education : Why we should Recycle?,"Aug 7, 2025",608,0
2024-02-24,4uD5WaQoDac,Waste Hero Education : Why we should Recycle?,"Aug 7, 2025",608,0
2024-02-25,4uD5WaQoDac,Waste Hero Education : Why we should Recycle?,"Aug 7, 2025",608,0
2024-02-26,4uD5WaQoDac,Waste Hero Education : Why we should Recycle?,"Aug 7, 2025",608,0
2024-02-27,4uD5WaQoDac,Waste Hero Education : Why we should Recycle?,"Aug 7, 2025",608,0
2024-02-28,4uD5WaQoDac,Waste Hero Education : Why we should Recycle?,"Aug 7, 2025",608,0
2024-02-29,4uD5WaQoDac,Waste Hero Education : Why we should Recycle?,"Aug 7, 2025",608,0
2024-03-01,4uD5WaQoDac,Waste Hero Education : Why we should Recycle?,"Aug 7, 2025",608,0
2024-03-02,4uD5WaQoDac,Waste Hero Education : Why we should Recycle?,"Aug 7, 2025",608,0
2024-03-03,4uD5WaQoDac,Waste Hero Education : Why we should Recycle?,"Aug 7, 2025",608,0
2024-03-04,4uD5WaQoDac,Waste Hero Education : Why we should Recycle?,"Aug 7, 2025",608,0
2024-03-05,4uD5WaQoDac,Waste Hero Education : Why we should Recycle?,"Aug 7, 2025",608,0
2024-03-06,4uD5WaQoDac,Waste Hero Education : Why we should Recycle?,"Aug 7, 2025",608,0
2024-03-07,4uD5WaQoDac,Waste Hero Education : Why we should Recycle?,"Aug 7, 2025",608,0
2024-03-08,4uD5WaQoDac,Waste Hero Education : Why we should Recycle?,"Aug 7, 2025",608,0
2024-03-09,4uD5WaQoDac,Waste Hero Education : Why we should Recycle?,"Aug 7, 2025",608,0
2024-03-10,4uD5WaQoDac,Waste Hero Education : Why we should Recycle?,"Aug 7, 2025",608,0
2024-03-11,4uD5WaQoDac,Waste Hero Education : Why we should Recycle?,"Aug 7, 2025",608,0
2024-03-12,4uD5WaQoDac,Waste Hero Education : Why we should Recycle?,"Aug 7, 2025",608,0
2024-03-13,4uD5WaQoDac,Waste Hero Education : Why we should Recycle?,"Aug 7, 2025",608,0
2024-03-14,4uD5WaQoDac,Waste Hero Education : Why we should Recycle?,"Aug 7, 2025",608,0
2024-03-15,4uD5WaQoDac,Waste Hero Education : Why we should Recycle?,"Aug 7, 2025",608,0
2024-03-16,4uD5WaQoDac,Waste Hero Education : Why we should Recycle?,"Aug 7, 2025",608,0
2024-03-17,4uD5WaQoDac,Waste Hero Education : Why we should Recycle?,"Aug 7, 2025",608,0
2024-03-18,4uD5WaQoDac,Waste Hero Education : Why we should Recycle?,"Aug 7, 2025",608,0
2024-03-19,4uD5WaQoDac,Waste Hero Education : Why we should Recycle?,"Aug 7, 2025",608,0
2024-03-20,4uD5WaQoDac,Waste Hero Education : Why we should Recycle?,"Aug 7, 2025",608,0
2024-03-21,4uD5WaQoDac,Waste Hero Education : Why we should Recycle?,"Aug 7, 2025",608,0
2024-03-22,4uD5WaQoDac,Waste Hero Education : Why we should Recycle?,"Aug 7, 2025",608,0
2024-03-23,4uD5WaQoDac,Waste Hero Education : Why we should Recycle?,"Aug 7, 2025",608,0
2024-03-24,4uD5WaQoDac,Waste Hero Education : Why we should Recycle?,"Aug 7, 2025",608,0
2024-03-25,4uD5WaQoDac,Waste Hero Education : Why we should Recycle?,"Aug 7, 2025",608,0
2024-03-26,4uD5WaQoDac,Waste Hero Education : Why we should Recycle?,"Aug 7, 2025",608,0
2024-03-27,4uD5WaQoDac,Waste Hero Education : Why we should Recycle?,"Aug 7, 2025",608,0
2024-03-28,4uD5WaQoDac,Waste Hero Education : Why we should Recycle?,"Aug 7, 2025",608,0
2024-03-29,4uD5WaQoDac,Waste Hero Education : Why we should Recycle?,"Aug 7, 2025",608,0
2024-03-30,4uD5WaQoDac,Waste Hero Education : Why we should Recycle?,"Aug 7, 2025",608,0
2024-03-31,4uD5WaQoDac,Waste Hero Education : Why we should Recycle?,"Aug 7, 2025",608,0
2024-04-01,4uD5WaQoDac,Waste Hero Education : Why we should Recycle?,"Aug 7, 2025",608,0
2024-04-02,4uD5WaQoDac,Waste Hero Education : Why we should Recycle?,"Aug 7, 2025",608,0
2024-04-03,4uD5WaQoDac,Waste Hero Education : Why we should Recycle?,"Aug 7, 2025",608,0
2024-04-04,4uD5WaQoDac,Waste Hero Education : Why we should Recycle?,"Aug 7, 2025",608,0
2024-04-05,4uD5WaQoDac,Waste Hero Education : Why we should Recycle?,"Aug 7, 2025",608,0
2024-04-06,4uD5WaQoDac,Waste Hero Education : Why we should Recycle?,"Aug 7, 2025",608,0
2024-04-07,4uD5WaQoDac,Waste Hero Education : Why we should Recycle?,"Aug 7, 2025",608,0
2024-04-08,4uD5WaQoDac,Waste Hero Education : Why we should Recycle?,"Aug 7, 2025",608,0
2024-04-09,4uD5WaQoDac,Waste Hero Education : Why we should Recycle?,"Aug 7, 2025",608,0
2024-04-10,4uD5WaQoDac,Waste Hero Education : Why we should Recycle?,"Aug 7, 2025",608,0
2024-04-11,4uD5WaQoDac,Waste Hero Education : Why we should Recycle?,"Aug 7, 2025",608,0
2024-04-12,4uD5WaQoDac,Waste Hero Education : Why we should Recycle?,"Aug 7, 2025",608,0
2024-04-13,4uD5WaQoDac,Waste Hero Education : Why we should Recycle?,"Aug 7, 2025",608,0
2024-04-14,4uD5WaQoDac,Waste Hero Education : Why we should Recycle?,"Aug 7, 2025",608,0
2024-04-15,4uD5WaQoDac,Waste Hero Education : Why we should Recycle?,"Aug 7, 2025",608,0
2024-04-16,4uD5WaQoDac,Waste Hero Education : Why we should Recycle?,"Aug 7, 2025",608,0
2024-04-17,4uD5WaQoDac,Waste Hero Education : Why we should Recycle?,"Aug 7, 2025",608,0
2024-04-18,4uD5WaQoDac,Waste Hero Education : Why we should Recycle?,"Aug 7, 2025",608,0
2024-04-19,4uD5WaQoDac,Waste Hero Education : Why we should Recycle?,"Aug 7, 2025",608,0
2024-04-20,4uD5WaQoDac,Waste Hero Education : Why we should Recycle?,"Aug 7, 2025",608,0
2024-04-21,4uD5WaQoDac,Waste Hero Education : Why we should Recycle?,"Aug 7, 2025",608,0
2024-04-22,4uD5WaQoDac,Waste Hero Education : Why we should Recycle?,"Aug 7, 2025",608,0
2024-04-23,4uD5WaQoDac,Waste Hero Education : Why we should Recycle?,"Aug 7, 2025",608,0
2024-04-24,4uD5WaQoDac,Waste Hero Education : Why we should Recycle?,"Aug 7, 2025",608,0
2024-04-25,4uD5WaQoDac,Waste Hero Education : Why we should Recycle?,"Aug 7, 2025",608,0
2024-04-26,4uD5WaQoDac,Waste Hero Education : Why we should Recycle?,"Aug 7, 2025",608,0
2024-04-27,4uD5WaQoDac,Waste Hero Education : Why we should Recycle?,"Aug 7, 2025",608,0
2024-04-28,4uD5WaQoDac,Waste Hero Education : Why we should Recycle?,"Aug 7, 2025",608,0
2024-04-29,4uD5WaQoDac,Waste Hero Education : Why we should Recycle?,"Aug 7, 2025",608,0
2024-04-30,4uD5WaQoDac,Waste Hero Education : Why we should Recycle?,"Aug 7, 2025",608,0
2024-05-01,4uD5WaQoDac,Waste Hero Education : Why we should Recycle?,"Aug 7, 2025",608,0
2024-05-02,4uD5WaQoDac,Waste Hero Education : Why we should Recycle?,"Aug 7, 2025",608,0
2024-05-03,4uD5WaQoDac,Waste Hero Education : Why we should Recycle?,"Aug 7, 2025",608,0
2024-05-04,4uD5WaQoDac,Waste Hero Education : Why we should Recycle?,"Aug 7, 2025",608,0
2024-05-05,4uD5WaQoDac,Waste Hero Education : Why we should Recycle?,"Aug 7, 2025",608,0
2024-05-06,4uD5WaQoDac,Waste Hero Education : Why we should Recycle?,"Aug 7, 2025",608,0
2024-05-07,4uD5WaQoDac,Waste Hero Education : Why we should Recycle?,"Aug 7, 2025",608,0
2024-05-08,4uD5WaQoDac,Waste Hero Education : Why we should Recycle?,"Aug 7, 2025",608,0
2024-05-09,4uD5WaQoDac,Waste Hero Education : Why we should Recycle?,"Aug 7, 2025",608,0
2024-05-10,4uD5WaQoDac,Waste Hero Education : Why we should Recycle?,"Aug 7, 2025",608,0
2024-05-11,4uD5WaQoDac,Waste Hero Education : Why we should Recycle?,"Aug 7, 2025",608,0
2024-05-12,4uD5WaQoDac,Waste Hero Education : Why we should Recycle?,"Aug 7, 2025",608,0
2024-05-13,4uD5WaQoDac,Waste Hero Education : Why we should Recycle?,"Aug 7, 2025",608,0
2024-05-14,4uD5WaQoDac,Waste Hero Education : Why we should Recycle?,"Aug 7, 2025",608,0
2024-05-15,4uD5WaQoDac,Waste Hero Education : Why we should Recycle?,"Aug 7, 2025",608,0
2024-05-16,4uD5WaQoDac,Waste Hero Education : Why we should Recycle?,"Aug 7, 2025",608,0
2024-05-17,4uD5WaQoDac,Waste Hero Education : Why we should Recycle?,"Aug 7, 2025",608,0
2024-05-18,4uD5WaQoDac,Waste Hero Education : Why we should Recycle?,"Aug 7, 2025",608,0
2024-05-19,4uD5WaQoDac,Waste Hero Education : Why we should Recycle?,"Aug 7, 2025",608,0
2024-05-20,4uD5WaQoDac,Waste Hero Education : Why we should Recycle?,"Aug 7, 2025",608,0
2024-05-21,4uD5WaQoDac,Waste Hero Education : Why we should Recycle?,"Aug 7, 2025",608,0
2024-05-22,4uD5WaQoDac,Waste Hero Education : Why we should Recycle?,"Aug 7, 2025",608,0
2024-05-23,4uD5WaQoDac,Waste Hero Education : Why we should Recycle?,"Aug 7, 2025",608,0
2024-05-24,4uD5WaQoDac,Waste Hero Education : Why we should Recycle?,"Aug 7, 2025",608,0
2024-05-25,4uD5WaQoDac,Waste Hero Education : Why we should Recycle?,"Aug 7, 2025",608,0
2024-05-26,4uD5WaQoDac,Waste Hero Education : Why we should Recycle?,"Aug 7, 2025",608,0
2024-05-27,4uD5WaQoDac,Waste Hero Education : Why we should Recycle?,"Aug 7, 2025",608,0
2024-05-28,4uD5WaQoDac,Waste Hero Education : Why we should Recycle?,"Aug 7, 2025",608,0
2024-05-29,4uD5WaQoDac,Waste Hero Education : Why we should Recycle?,"Aug 7, 2025",608,0
2024-05-30,4uD5WaQoDac,Waste Hero Education : Why we should Recycle?,"Aug 7, 2025",608,0
2024-05-31,4uD5WaQoDac,Waste Hero Education : Why we should Recycle?,"Aug 7, 2025",608,0
2024-06-01,4uD5WaQoDac,Waste Hero Education : Why we should Recycle?,"Aug 7, 2025",608,0
2024-06-02,4uD5WaQoDac,Waste Hero Education : Why we should Recycle?,"Aug 7, 2025",608,0
2024-06-03,4uD5WaQoDac,Waste Hero Education : Why we should Recycle?,"Aug 7, 2025",608,0
2024-06-04,4uD5WaQoDac,Waste Hero Education : Why we should Recycle?,"Aug 7, 2025",608,0
2024-06-05,4uD5WaQoDac,Waste Hero Education : Why we should Recycle?,"Aug 7, 2025",608,0
2024-06-06,4uD5WaQoDac,Waste Hero Education : Why we should Recycle?,"Aug 7, 2025",608,0
2024-06-07,4uD5WaQoDac,Waste Hero Education : Why we should Recycle?,"Aug 7, 2025",608,0
2024-06-08,4uD5WaQoDac,Waste Hero Education : Why we should Recycle?,"Aug 7, 2025",608,0
2024-06-09,4uD5WaQoDac,Waste Hero Education : Why we should Recycle?,"Aug 7, 2025",608,0
2024-06-10,4uD5WaQoDac,Waste Hero Education : Why we should Recycle?,"Aug 7, 2025",608,0
2024-06-11,4uD5WaQoDac,Waste Hero Education : Why we should Recycle?,"Aug 7, 2025",608,0
2024-06-12,4uD5WaQoDac,Waste Hero Education : Why we should Recycle?,"Aug 7, 2025",608,0
2024-06-13,4uD5WaQoDac,Waste Hero Education : Why we should Recycle?,"Aug 7, 2025",608,0
2024-06-14,4uD5WaQoDac,Waste Hero Education : Why we should Recycle?,"Aug 7, 2025",608,0
2024-06-15,4uD5WaQoDac,Waste Hero Education : Why we should Recycle?,"Aug 7, 2025",608,0
2024-06-16,4uD5WaQoDac,Waste Hero Education : Why we should Recycle?,"Aug 7, 2025",608,0
2024-06-17,4uD5WaQoDac,Waste Hero Education : Why we should Recycle?,"Aug 7, 2025",608,0
2024-06-18,4uD5WaQoDac,Waste Hero Education : Why we should Recycle?,"Aug 7, 2025",608,0
2024-06-19,4uD5WaQoDac,Waste Hero Education : Why we should Recycle?,"Aug 7, 2025",608,0
2024-06-20,4uD5WaQoDac,Waste Hero Education : Why we should Recycle?,"Aug 7, 2025",608,0
2024-06-21,4uD5WaQoDac,Waste Hero Education : Why we should Recycle?,"Aug 7, 2025",608,0
2024-06-22,4uD5WaQoDac,Waste Hero Education : Why we should Recycle?,"Aug 7, 2025",608,0
2024-06-23,4uD5WaQoDac,Waste Hero Education : Why we should Recycle?,"Aug 7, 2025",608,0
2024-06-24,4uD5WaQoDac,Waste Hero Education : Why we should Recycle?,"Aug 7, 2025",608,0
2024-06-25,4uD5WaQoDac,Waste Hero Education : Why we should Recycle?,"Aug 7, 2025",608,0
2024-06-26,4uD5WaQoDac,Waste Hero Education : Why we should Recycle?,"Aug 7, 2025",608,0
2024-06-27,4uD5WaQoDac,Waste Hero Education : Why we should Recycle?,"Aug 7, 2025",608,0
2024-06-28,4uD5WaQoDac,Waste Hero Education : Why we should Recycle?,"Aug 7, 2025",608,0
2024-06-29,4uD5WaQoDac,Waste Hero Education : Why we should Recycle?,"Aug 7, 2025",608,0
2024-06-30,4uD5WaQoDac,Waste Hero Education : Why we should Recycle?,"Aug 7, 2025",608,0
2024-07-01,4uD5WaQoDac,Waste Hero Education : Why we should Recycle?,"Aug 7, 2025",608,0
2024-07-02,4uD5WaQoDac,Waste Hero Education : Why we should Recycle?,"Aug 7, 2025",608,0
2024-07-03,4uD5WaQoDac,Waste Hero Education : Why we should Recycle?,"Aug 7, 2025",608,0
2024-07-04,4uD5WaQoDac,Waste Hero Education : Why we should Recycle?,"Aug 7, 2025",608,0
2024-07-05,4uD5WaQoDac,Waste Hero Education : Why we should Recycle?,"Aug 7, 2025",608,0
2024-07-06,4uD5WaQoDac,Waste Hero Education : Why we should Recycle?,"Aug 7, 2025",608,0
2024-07-07,4uD5WaQoDac,Waste Hero Education : Why we should Recycle?,"Aug 7, 2025",608,0
2024-07-08,4uD5WaQoDac,Waste Hero Education : Why we should Recycle?,"Aug 7, 2025",608,0
2024-07-09,4uD5WaQoDac,Waste Hero Education : Why we should Recycle?,"Aug 7, 2025",608,0
2024-07-10,4uD5WaQoDac,Waste Hero Education : Why we should Recycle?,"Aug 7, 2025",608,0
2024-07-11,4uD5WaQoDac,Waste Hero Education : Why we should Recycle?,"Aug 7, 2025",608,0
2024-07-12,4uD5WaQoDac,Waste Hero Education : Why we should Recycle?,"Aug 7, 2025",608,0
2024-07-13,4uD5WaQoDac,Waste Hero Education : Why we should Recycle?,"Aug 7, 2025",608,0
2024-07-14,4uD5WaQoDac,Waste Hero Education : Why we should Recycle?,"Aug 7, 2025",608,0
2024-07-15,4uD5WaQoDac,Waste Hero Education : Why we should Recycle?,"Aug 7, 2025",608,0
2024-07-16,4uD5WaQoDac,Waste Hero Education : Why we should Recycle?,"Aug 7, 2025",608,0
2024-07-17,4uD5WaQoDac,Waste Hero Education : Why we should Recycle?,"Aug 7, 2025",608,0
2024-07-18,4uD5WaQoDac,Waste Hero Education : Why we should Recycle?,"Aug 7, 2025",608,0
2024-07-19,4uD5WaQoDac,Waste Hero Education : Why we should Recycle?,"Aug 7, 2025",608,0
2024-07-20,4uD5WaQoDac,Waste Hero Education : Why we should Recycle?,"Aug 7, 2025",608,0
2024-07-21,4uD5WaQoDac,Waste Hero Education : Why we should Recycle?,"Aug 7, 2025",608,0
2024-07-22,4uD5WaQoDac,Waste Hero Education : Why we should Recycle?,"Aug 7, 2025",608,0
2024-07-23,4uD5WaQoDac,Waste Hero Education : Why we should Recycle?,"Aug 7, 2025",608,0
2024-07-24,4uD5WaQoDac,Waste Hero Education : Why we should Recycle?,"Aug 7, 2025",608,0
2024-07-25,4uD5WaQoDac,Waste Hero Education : Why we should Recycle?,"Aug 7, 2025",608,0
2024-07-26,4uD5WaQoDac,Waste Hero Education : Why we should Recycle?,"Aug 7, 2025",608,0
2024-07-27,4uD5WaQoDac,Waste Hero Education : Why we should Recycle?,"Aug 7, 2025",608,0
2024-07-28,4uD5WaQoDac,Waste Hero Education : Why we should Recycle?,"Aug 7, 2025",608,0
2024-07-29,4uD5WaQoDac,Waste Hero Education : Why we should Recycle?,"Aug 7, 2025",608,0
2024-07-30,4uD5WaQoDac,Waste Hero Education : Why we should Recycle?,"Aug 7, 2025",608,0
2024-07-31,4uD5WaQoDac,Waste Hero Education : Why we should Recycle?,"Aug 7, 2025",608,0
2024-08-01,4uD5WaQoDac,Waste Hero Education : Why we should Recycle?,"Aug 7, 2025",608,0
2024-08-02,4uD5WaQoDac,Waste Hero Education : Why we should Recycle?,"Aug 7, 2025",608,0
2024-08-03,4uD5WaQoDac,Waste Hero Education : Why we should Recycle?,"Aug 7, 2025",608,0
2024-08-04,4uD5WaQoDac,Waste Hero Education : Why we should Recycle?,"Aug 7, 2025",608,0
2024-08-05,4uD5WaQoDac,Waste Hero Education : Why we should Recycle?,"Aug 7, 2025",608,0
2024-08-06,4uD5WaQoDac,Waste Hero Education : Why we should Recycle?,"Aug 7, 2025",608,0
2024-08-07,4uD5WaQoDac,Waste Hero Education : Why we should Recycle?,"Aug 7, 2025",608,0
2024-08-08,4uD5WaQoDac,Waste Hero Education : Why we should Recycle?,"Aug 7, 2025",608,0
2024-08-09,4uD5WaQoDac,Waste Hero Education : Why we should Recycle?,"Aug 7, 2025",608,0
2024-08-10,4uD5WaQoDac,Waste Hero Education : Why we should Recycle?,"Aug 7, 2025",608,0
2024-08-11,4uD5WaQoDac,Waste Hero Education : Why we should Recycle?,"Aug 7, 2025",608,0
2024-08-12,4uD5WaQoDac,Waste Hero Education : Why we should Recycle?,"Aug 7, 2025",608,0
2024-08-13,4uD5WaQoDac,Waste Hero Education : Why we should Recycle?,"Aug 7, 2025",608,0
2024-08-14,4uD5WaQoDac,Waste Hero Education : Why we should Recycle?,"Aug 7, 2025",608,0
2024-08-15,4uD5WaQoDac,Waste Hero Education : Why we should Recycle?,"Aug 7, 2025",608,0
2024-08-16,4uD5WaQoDac,Waste Hero Education : Why we should Recycle?,"Aug 7, 2025",608,0
2024-08-17,4uD5WaQoDac,Waste Hero Education : Why we should Recycle?,"Aug 7, 2025",608,0
2024-08-18,4uD5WaQoDac,Waste Hero Education : Why we should Recycle?,"Aug 7, 2025",608,0
2024-08-19,4uD5WaQoDac,Waste Hero Education : Why we should Recycle?,"Aug 7, 2025",608,0
2024-08-20,4uD5WaQoDac,Waste Hero Education : Why we should Recycle?,"Aug 7, 2025",608,0
2024-08-21,4uD5WaQoDac,Waste Hero Education : Why we should Recycle?,"Aug 7, 2025",608,0
2024-08-22,4uD5WaQoDac,Waste Hero Education : Why we should Recycle?,"Aug 7, 2025",608,0
2024-08-23,4uD5WaQoDac,Waste Hero Education : Why we should Recycle?,"Aug 7, 2025",608,0
2024-08-24,4uD5WaQoDac,Waste Hero Education : Why we should Recycle?,"Aug 7, 2025",608,0
2024-08-25,4uD5WaQoDac,Waste Hero Education : Why we should Recycle?,"Aug 7, 2025",608,0
2024-08-26,4uD5WaQoDac,Waste Hero Education : Why we should Recycle?,"Aug 7, 2025",608,0
2024-08-27,4uD5WaQoDac,Waste Hero Education : Why we should Recycle?,"Aug 7, 2025",608,0
2024-08-28,4uD5WaQoDac,Waste Hero Education : Why we should Recycle?,"Aug 7, 2025",608,0
2024-08-29,4uD5WaQoDac,Waste Hero Education : Why we should Recycle?,"Aug 7, 2025",608,0
2024-08-30,4uD5WaQoDac,Waste Hero Education : Why we should Recycle?,"Aug 7, 2025",608,0
2024-08-31,4uD5WaQoDac,Waste Hero Education : Why we should Recycle?,"Aug 7, 2025",608,0
2024-09-01,4uD5WaQoDac,Waste Hero Education : Why we should Recycle?,"Aug 7, 2025",608,0
2024-09-02,4uD5WaQoDac,Waste Hero Education : Why we should Recycle?,"Aug 7, 2025",608,0
2024-09-03,4uD5WaQoDac,Waste Hero Education : Why we should Recycle?,"Aug 7, 2025",608,0
2024-09-04,4uD5WaQoDac,Waste Hero Education : Why we should Recycle?,"Aug 7, 2025",608,0
2024-09-05,4uD5WaQoDac,Waste Hero Education : Why we should Recycle?,"Aug 7, 2025",608,0
2024-09-06,4uD5WaQoDac,Waste Hero Education : Why we should Recycle?,"Aug 7, 2025",608,0
2024-09-07,4uD5WaQoDac,Waste Hero Education : Why we should Recycle?,"Aug 7, 2025",608,0
2024-09-08,4uD5WaQoDac,Waste Hero Education : Why we should Recycle?,"Aug 7, 2025",608,0
2024-09-09,4uD5WaQoDac,Waste Hero Education : Why we should Recycle?,"Aug 7, 2025",608,0
2024-09-10,4uD5WaQoDac,Waste Hero Education : Why we should Recycle?,"Aug 7, 2025",608,0
2024-09-11,4uD5WaQoDac,Waste Hero Education : Why we should Recycle?,"Aug 7, 2025",608,0
2024-09-12,4uD5WaQoDac,Waste Hero Education : Why we should Recycle?,"Aug 7, 2025",608,0
2024-09-13,4uD5WaQoDac,Waste Hero Education : Why we should Recycle?,"Aug 7, 2025",608,0
2024-09-14,4uD5WaQoDac,Waste Hero Education : Why we should Recycle?,"Aug 7, 2025",608,0
2024-09-15,4uD5WaQoDac,Waste Hero Education : Why we should Recycle?,"Aug 7, 2025",608,0
2024-09-16,4uD5WaQoDac,Waste Hero Education : Why we should Recycle?,"Aug 7, 2025",608,0
2024-09-17,4uD5WaQoDac,Waste Hero Education : Why we should Recycle?,"Aug 7, 2025",608,0
2024-09-18,4uD5WaQoDac,Waste Hero Education : Why we should Recycle?,"Aug 7, 2025",608,0
2024-09-19,4uD5WaQoDac,Waste Hero Education : Why we should Recycle?,"Aug 7, 2025",608,0
2024-09-20,4uD5WaQoDac,Waste Hero Education : Why we should Recycle?,"Aug 7, 2025",608,0
2024-09-21,4uD5WaQoDac,Waste Hero Education : Why we should Recycle?,"Aug 7, 2025",608,0
2024-09-22,4uD5WaQoDac,Waste Hero Education : Why we should Recycle?,"Aug 7, 2025",608,0
2024-09-23,4uD5WaQoDac,Waste Hero Education : Why we should Recycle?,"Aug 7, 2025",608,0
2024-09-24,4uD5WaQoDac,Waste Hero Education : Why we should Recycle?,"Aug 7, 2025",608,0
2024-09-25,4uD5WaQoDac,Waste Hero Education : Why we should Recycle?,"Aug 7, 2025",608,0
2024-09-26,4uD5WaQoDac,Waste Hero Education : Why we should Recycle?,"Aug 7, 2025",608,0
2024-09-27,4uD5WaQoDac,Waste Hero Education : Why we should Recycle?,"Aug 7, 2025",608,0
2024-09-28,4uD5WaQoDac,Waste Hero Education : Why we should Recycle?,"Aug 7, 2025",608,0
2024-09-29,4uD5WaQoDac,Waste Hero Education : Why we should Recycle?,"Aug 7, 2025",608,0
2024-09-30,4uD5WaQoDac,Waste Hero Education : Why we should Recycle?,"Aug 7, 2025",608,0
2024-10-01,4uD5WaQoDac,Waste Hero Education : Why we should Recycle?,"Aug 7, 2025",608,0
2024-10-02,4uD5WaQoDac,Waste Hero Education : Why we should Recycle?,"Aug 7, 2025",608,0
2024-10-03,4uD5WaQoDac,Waste Hero Education : Why we should Recycle?,"Aug 7, 2025",608,0
2024-10-04,4uD5WaQoDac,Waste Hero Education : Why we should Recycle?,"Aug 7, 2025",608,0
2024-10-05,4uD5WaQoDac,Waste Hero Education : Why we should Recycle?,"Aug 7, 2025",608,0
2024-10-06,4uD5WaQoDac,Waste Hero Education : Why we should Recycle?,"Aug 7, 2025",608,0
2024-10-07,4uD5WaQoDac,Waste Hero Education : Why we should Recycle?,"Aug 7, 2025",608,0
2024-10-08,4uD5WaQoDac,Waste Hero Education : Why we should Recycle?,"Aug 7, 2025",608,0
2024-10-09,4uD5WaQoDac,Waste Hero Education : Why we should Recycle?,"Aug 7, 2025",608,0
2024-10-10,4uD5WaQoDac,Waste Hero Education : Why we should Recycle?,"Aug 7, 2025",608,0
2024-10-11,4uD5WaQoDac,Waste Hero Education : Why we should Recycle?,"Aug 7, 2025",608,0
2024-10-12,4uD5WaQoDac,Waste Hero Education : Why we should Recycle?,"Aug 7, 2025",608,0
2024-10-13,4uD5WaQoDac,Waste Hero Education : Why we should Recycle?,"Aug 7, 2025",608,0
2024-10-14,4uD5WaQoDac,Waste Hero Education : Why we should Recycle?,"Aug 7, 2025",608,0
2024-10-15,4uD5WaQoDac,Waste Hero Education : Why we should Recycle?,"Aug 7, 2025",608,0
2024-10-16,4uD5WaQoDac,Waste Hero Education : Why we should Recycle?,"Aug 7, 2025",608,0
2024-10-17,4uD5WaQoDac,Waste Hero Education : Why we should Recycle?,"Aug 7, 2025",608,0
2024-10-18,4uD5WaQoDac,Waste Hero Education : Why we should Recycle?,"Aug 7, 2025",608,0
2024-10-19,4uD5WaQoDac,Waste Hero Education : Why we should Recycle?,"Aug 7, 2025",608,0
2024-10-20,4uD5WaQoDac,Waste Hero Education : Why we should Recycle?,"Aug 7, 2025",608,0
2024-10-21,4uD5WaQoDac,Waste Hero Education : Why we should Recycle?,"Aug 7, 2025",608,0
2024-10-22,4uD5WaQoDac,Waste Hero Education : Why we should Recycle?,"Aug 7, 2025",608,0
2024-10-23,4uD5WaQoDac,Waste Hero Education : Why we should Recycle?,"Aug 7, 2025",608,0
2024-10-24,4uD5WaQoDac,Waste Hero Education : Why we should Recycle?,"Aug 7, 2025",608,0
2024-10-25,4uD5WaQoDac,Waste Hero Education : Why we should Recycle?,"Aug 7, 2025",608,0
2024-10-26,4uD5WaQoDac,Waste Hero Education : Why we should Recycle?,"Aug 7, 2025",608,0
2024-10-27,4uD5WaQoDac,Waste Hero Education : Why we should Recycle?,"Aug 7, 2025",608,0
2024-10-28,4uD5WaQoDac,Waste Hero Education : Why we should Recycle?,"Aug 7, 2025",608,0
2024-10-29,4uD5WaQoDac,Waste Hero Education : Why we should Recycle?,"Aug 7, 2025",608,0
2024-10-30,4uD5WaQoDac,Waste Hero Education : Why we should Recycle?,"Aug 7, 2025",608,0
2024-10-31,4uD5WaQoDac,Waste Hero Education : Why we should Recycle?,"Aug 7, 2025",608,0
2024-11-01,4uD5WaQoDac,Waste Hero Education : Why we should Recycle?,"Aug 7, 2025",608,0
2024-11-02,4uD5WaQoDac,Waste Hero Education : Why we should Recycle?,"Aug 7, 2025",608,0
2024-11-03,4uD5WaQoDac,Waste Hero Education : Why we should Recycle?,"Aug 7, 2025",608,0
2024-11-04,4uD5WaQoDac,Waste Hero Education : Why we should Recycle?,"Aug 7, 2025",608,0
2024-11-05,4uD5WaQoDac,Waste Hero Education : Why we should Recycle?,"Aug 7, 2025",608,0
2024-11-06,4uD5WaQoDac,Waste Hero Education : Why we should Recycle?,"Aug 7, 2025",608,0
2024-11-07,4uD5WaQoDac,Waste Hero Education : Why we should Recycle?,"Aug 7, 2025",608,0
2024-11-08,4uD5WaQoDac,Waste Hero Education : Why we should Recycle?,"Aug 7, 2025",608,0
2024-11-09,4uD5WaQoDac,Waste Hero Education : Why we should Recycle?,"Aug 7, 2025",608,0
2024-11-10,4uD5WaQoDac,Waste Hero Education : Why we should Recycle?,"Aug 7, 2025",608,0
2024-11-11,4uD5WaQoDac,Waste Hero Education : Why we should Recycle?,"Aug 7, 2025",608,0
2024-11-12,4uD5WaQoDac,Waste Hero Education : Why we should Recycle?,"Aug 7, 2025",608,0
2024-11-13,4uD5WaQoDac,Waste Hero Education : Why we should Recycle?,"Aug 7, 2025",608,0
2024-11-14,4uD5WaQoDac,Waste Hero Education : Why we should Recycle?,"Aug 7, 2025",608,0
2024-11-15,4uD5WaQoDac,Waste Hero Education : Why we should Recycle?,"Aug 7, 2025",608,0
2024-11-16,4uD5WaQoDac,Waste Hero Education : Why we should Recycle?,"Aug 7, 2025",608,0
2024-11-17,4uD5WaQoDac,Waste Hero Education : Why we should Recycle?,"Aug 7, 2025",608,0
2024-11-18,4uD5WaQoDac,Waste Hero Education : Why we should Recycle?,"Aug 7, 2025",608,0
2024-11-19,4uD5WaQoDac,Waste Hero Education : Why we should Recycle?,"Aug 7, 2025",608,0
2024-11-20,4uD5WaQoDac,Waste Hero Education : Why we should Recycle?,"Aug 7, 2025",608,0
2024-11-21,4uD5WaQoDac,Waste Hero Education : Why we should Recycle?,"Aug 7, 2025",608,0
2024-11-22,4uD5WaQoDac,Waste Hero Education : Why we should Recycle?,"Aug 7, 2025",608,0
2024-11-23,4uD5WaQoDac,Waste Hero Education : Why we should Recycle?,"Aug 7, 2025",608,0
2024-11-24,4uD5WaQoDac,Waste Hero Education : Why we should Recycle?,"Aug 7, 2025",608,0
2024-11-25,4uD5WaQoDac,Waste Hero Education : Why we should Recycle?,"Aug 7, 2025",608,0
2024-11-26,4uD5WaQoDac,Waste Hero Education : Why we should Recycle?,"Aug 7, 2025",608,0
2024-11-27,4uD5WaQoDac,Waste Hero Education : Why we should Recycle?,"Aug 7, 2025",608,0
2024-11-28,4uD5WaQoDac,Waste Hero Education : Why we should Recycle?,"Aug 7, 2025",608,0
2024-11-29,4uD5WaQoDac,Waste Hero Education : Why we should Recycle?,"Aug 7, 2025",608,0
2024-11-30,4uD5WaQoDac,Waste Hero Education : Why we should Recycle?,"Aug 7, 2025",608,0
2024-12-01,4uD5WaQoDac,Waste Hero Education : Why we should Recycle?,"Aug 7, 2025",608,0
2024-12-02,4uD5WaQoDac,Waste Hero Education : Why we should Recycle?,"Aug 7, 2025",608,0
2024-12-03,4uD5WaQoDac,Waste Hero Education : Why we should Recycle?,"Aug 7, 2025",608,0
2024-12-04,4uD5WaQoDac,Waste Hero Education : Why we should Recycle?,"Aug 7, 2025",608,0
2024-12-05,4uD5WaQoDac,Waste Hero Education : Why we should Recycle?,"Aug 7, 2025",608,0
2024-12-06,4uD5WaQoDac,Waste Hero Education : Why we should Recycle?,"Aug 7, 2025",608,0
2024-12-07,4uD5WaQoDac,Waste Hero Education : Why we should Recycle?,"Aug 7, 2025",608,0
2024-12-08,4uD5WaQoDac,Waste Hero Education : Why we should Recycle?,"Aug 7, 2025",608,0
2024-12-09,4uD5WaQoDac,Waste Hero Education : Why we should Recycle?,"Aug 7, 2025",608,0
2024-12-10,4uD5WaQoDac,Waste Hero Education : Why we should Recycle?,"Aug 7, 2025",608,0
2024-12-11,4uD5WaQoDac,Waste Hero Education : Why we should Recycle?,"Aug 7, 2025",608,0
2024-12-12,4uD5WaQoDac,Waste Hero Education : Why we should Recycle?,"Aug 7, 2025",608,0
2024-12-13,4uD5WaQoDac,Waste Hero Education : Why we should Recycle?,"Aug 7, 2025",608,0
2024-12-14,4uD5WaQoDac,Waste Hero Education : Why we should Recycle?,"Aug 7, 2025",608,0
2024-12-15,4uD5WaQoDac,Waste Hero Education : Why we should Recycle?,"Aug 7, 2025",608,0
2024-12-16,4uD5WaQoDac,Waste Hero Education : Why we should Recycle?,"Aug 7, 2025",608,0
2024-12-17,4uD5WaQoDac,Waste Hero Education : Why we should Recycle?,"Aug 7, 2025",608,0
2024-12-18,4uD5WaQoDac,Waste Hero Education : Why we should Recycle?,"Aug 7, 2025",608,0
2024-12-19,4uD5WaQoDac,Waste Hero Education : Why we should Recycle?,"Aug 7, 2025",608,0
2024-12-20,4uD5WaQoDac,Waste Hero Education : Why we should Recycle?,"Aug 7, 2025",608,0
2024-12-21,4uD5WaQoDac,Waste Hero Education : Why we should Recycle?,"Aug 7, 2025",608,0
2024-12-22,4uD5WaQoDac,Waste Hero Education : Why we should Recycle?,"Aug 7, 2025",608,0
2024-12-23,4uD5WaQoDac,Waste Hero Education : Why we should Recycle?,"Aug 7, 2025",608,0
2024-12-24,4uD5WaQoDac,Waste Hero Education : Why we should Recycle?,"Aug 7, 2025",608,0
2024-12-25,4uD5WaQoDac,Waste Hero Education : Why we should Recycle?,"Aug 7, 2025",608,0
2024-12-26,4uD5WaQoDac,Waste Hero Education : Why we should Recycle?,"Aug 7, 2025",608,0
2024-12-27,4uD5WaQoDac,Waste Hero Education : Why we should Recycle?,"Aug 7, 2025",608,0
2024-12-28,4uD5WaQoDac,Waste Hero Education : Why we should Recycle?,"Aug 7, 2025",608,0
2024-12-29,4uD5WaQoDac,Waste Hero Education : Why we should Recycle?,"Aug 7, 2025",608,0
2024-12-30,4uD5WaQoDac,Waste Hero Education : Why we should Recycle?,"Aug 7, 2025",608,0
2024-12-31,4uD5WaQoDac,Waste Hero Education : Why we should Recycle?,"Aug 7, 2025",608,0
2025-01-01,4uD5WaQoDac,Waste Hero Education : Why we should Recycle?,"Aug 7, 2025",608,0
2025-01-02,4uD5WaQoDac,Waste Hero Education : Why we should Recycle?,"Aug 7, 2025",608,0
2025-01-03,4uD5WaQoDac,Waste Hero Education : Why we should Recycle?,"Aug 7, 2025",608,0
2025-01-04,4uD5WaQoDac,Waste Hero Education : Why we should Recycle?,"Aug 7, 2025",608,0
2025-01-05,4uD5WaQoDac,Waste Hero Education : Why we should Recycle?,"Aug 7, 2025",608,0
2025-01-06,4uD5WaQoDac,Waste Hero Education : Why we should Recycle?,"Aug 7, 2025",608,0
2025-01-07,4uD5WaQoDac,Waste Hero Education : Why we should Recycle?,"Aug 7, 2025",608,0
2025-01-08,4uD5WaQoDac,Waste Hero Education : Why we should Recycle?,"Aug 7, 2025",608,0
2025-01-09,4uD5WaQoDac,Waste Hero Education : Why we should Recycle?,"Aug 7, 2025",608,0
2025-01-10,4uD5WaQoDac,Waste Hero Education : Why we should Recycle?,"Aug 7, 2025",608,0
2025-01-11,4uD5WaQoDac,Waste Hero Education : Why we should Recycle?,"Aug 7, 2025",608,0
2025-01-12,4uD5WaQoDac,Waste Hero Education : Why we should Recycle?,"Aug 7, 2025",608,0
2025-01-13,4uD5WaQoDac,Waste Hero Education : Why we should Recycle?,"Aug 7, 2025",608,0
2025-01-14,4uD5WaQoDac,Waste Hero Education : Why we should Recycle?,"Aug 7, 2025",608,0
2025-01-15,4uD5WaQoDac,Waste Hero Education : Why we should Recycle?,"Aug 7, 2025",608,0
2025-01-16,4uD5WaQoDac,Waste Hero Education : Why we should Recycle?,"Aug 7, 2025",608,0
2025-01-17,4uD5WaQoDac,Waste Hero Education : Why we should Recycle?,"Aug 7, 2025",608,0
2025-01-18,4uD5WaQoDac,Waste Hero Education : Why we should Recycle?,"Aug 7, 2025",608,0
2025-01-19,4uD5WaQoDac,Waste Hero Education : Why we should Recycle?,"Aug 7, 2025",608,0
2025-01-20,4uD5WaQoDac,Waste Hero Education : Why we should Recycle?,"Aug 7, 2025",608,0
2025-01-21,4uD5WaQoDac,Waste Hero Education : Why we should Recycle?,"Aug 7, 2025",608,0
2025-01-22,4uD5WaQoDac,Waste Hero Education : Why we should Recycle?,"Aug 7, 2025",608,0
2025-01-23,4uD5WaQoDac,Waste Hero Education : Why we should Recycle?,"Aug 7, 2025",608,0
2025-01-24,4uD5WaQoDac,Waste Hero Education : Why we should Recycle?,"Aug 7, 2025",608,0
2025-01-25,4uD5WaQoDac,Waste Hero Education : Why we should Recycle?,"Aug 7, 2025",608,0
2025-01-26,4uD5WaQoDac,Waste Hero Education : Why we should Recycle?,"Aug 7, 2025",608,0
2025-01-27,4uD5WaQoDac,Waste Hero Education : Why we should Recycle?,"Aug 7, 2025",608,0
2025-01-28,4uD5WaQoDac,Waste Hero Education : Why we should Recycle?,"Aug 7, 2025",608,0
2025-01-29,4uD5WaQoDac,Waste Hero Education : Why we should Recycle?,"Aug 7, 2025",608,0
2025-01-30,4uD5WaQoDac,Waste Hero Education : Why we should Recycle?,"Aug 7, 2025",608,0
2025-01-31,4uD5WaQoDac,Waste Hero Education : Why we should Recycle?,"Aug 7, 2025",608,0
2025-02-01,4uD5WaQoDac,Waste Hero Education : Why we should Recycle?,"Aug 7, 2025",608,0
2025-02-02,4uD5WaQoDac,Waste Hero Education : Why we should Recycle?,"Aug 7, 2025",608,0
2025-02-03,4uD5WaQoDac,Waste Hero Education : Why we should Recycle?,"Aug 7, 2025",608,0
2025-02-04,4uD5WaQoDac,Waste Hero Education : Why we should Recycle?,"Aug 7, 2025",608,0
2025-02-05,4uD5WaQoDac,Waste Hero Education : Why we should Recycle?,"Aug 7, 2025",608,0
2025-02-06,4uD5WaQoDac,Waste Hero Education : Why we should Recycle?,"Aug 7, 2025",608,0
2025-02-07,4uD5WaQoDac,Waste Hero Education : Why we should Recycle?,"Aug 7, 2025",608,0
2025-02-08,4uD5WaQoDac,Waste Hero Education : Why we should Recycle?,"Aug 7, 2025",608,0
2025-02-09,4uD5WaQoDac,Waste Hero Education : Why we should Recycle?,"Aug 7, 2025",608,0
2025-02-10,4uD5WaQoDac,Waste Hero Education : Why we should Recycle?,"Aug 7, 2025",608,0
2025-02-11,4uD5WaQoDac,Waste Hero Education : Why we should Recycle?,"Aug 7, 2025",608,0
2025-02-12,4uD5WaQoDac,Waste Hero Education : Why we should Recycle?,"Aug 7, 2025",608,0
2025-02-13,4uD5WaQoDac,Waste Hero Education : Why we should Recycle?,"Aug 7, 2025",608,0
2025-02-14,4uD5WaQoDac,Waste Hero Education : Why we should Recycle?,"Aug 7, 2025",608,0
2025-02-15,4uD5WaQoDac,Waste Hero Education : Why we should Recycle?,"Aug 7, 2025",608,0
2025-02-16,4uD5WaQoDac,Waste Hero Education : Why we should Recycle?,"Aug 7, 2025",608,0
2025-02-17,4uD5WaQoDac,Waste Hero Education : Why we should Recycle?,"Aug 7, 2025",608,0
2025-02-18,4uD5WaQoDac,Waste Hero Education : Why we should Recycle?,"Aug 7, 2025",608,0
2025-02-19,4uD5WaQoDac,Waste Hero Education : Why we should Recycle?,"Aug 7, 2025",608,0
2025-02-20,4uD5WaQoDac,Waste Hero Education : Why we should Recycle?,"Aug 7, 2025",608,0
2025-02-21,4uD5WaQoDac,Waste Hero Education : Why we should Recycle?,"Aug 7, 2025",608,0
2025-02-22,4uD5WaQoDac,Waste Hero Education : Why we should Recycle?,"Aug 7, 2025",608,0
2025-02-23,4uD5WaQoDac,Waste Hero Education : Why we should Recycle?,"Aug 7, 2025",608,0
2025-02-24,4uD5WaQoDac,Waste Hero Education : Why we should Recycle?,"Aug 7, 2025",608,0
2025-02-25,4uD5WaQoDac,Waste Hero Education : Why we should Recycle?,"Aug 7, 2025",608,0
2025-02-26,4uD5WaQoDac,Waste Hero Education : Why we should Recycle?,"Aug 7, 2025",608,0
2025-02-27,4uD5WaQoDac,Waste Hero Education : Why we should Recycle?,"Aug 7, 2025",608,0
2025-02-28,4uD5WaQoDac,Waste Hero Education : Why we should Recycle?,"Aug 7, 2025",608,0
2025-03-01,4uD5WaQoDac,Waste Hero Education : Why we should Recycle?,"Aug 7, 2025",608,0
2025-03-02,4uD5WaQoDac,Waste Hero Education : Why we should Recycle?,"Aug 7, 2025",608,0
2025-03-03,4uD5WaQoDac,Waste Hero Education : Why we should Recycle?,"Aug 7, 2025",608,0
2025-03-04,4uD5WaQoDac,Waste Hero Education : Why we should Recycle?,"Aug 7, 2025",608,0
2025-03-05,4uD5WaQoDac,Waste Hero Education : Why we should Recycle?,"Aug 7, 2025",608,0
2025-03-06,4uD5WaQoDac,Waste Hero Education : Why we should Recycle?,"Aug 7, 2025",608,0
2025-03-07,4uD5WaQoDac,Waste Hero Education : Why we should Recycle?,"Aug 7, 2025",608,0
2025-03-08,4uD5WaQoDac,Waste Hero Education : Why we should Recycle?,"Aug 7, 2025",608,0
2025-03-09,4uD5WaQoDac,Waste Hero Education : Why we should Recycle?,"Aug 7, 2025",608,0
2025-03-10,4uD5WaQoDac,Waste Hero Education : Why we should Recycle?,"Aug 7, 2025",608,0
2025-03-11,4uD5WaQoDac,Waste Hero Education : Why we should Recycle?,"Aug 7, 2025",608,0
2025-03-12,4uD5WaQoDac,Waste Hero Education : Why we should Recycle?,"Aug 7, 2025",608,0
2025-03-13,4uD5WaQoDac,Waste Hero Education : Why we should Recycle?,"Aug 7, 2025",608,0
2025-03-14,4uD5WaQoDac,Waste Hero Education : Why we should Recycle?,"Aug 7, 2025",608,0
2025-03-15,4uD5WaQoDac,Waste Hero Education : Why we should Recycle?,"Aug 7, 2025",608,0
2025-03-16,4uD5WaQoDac,Waste Hero Education : Why we should Recycle?,"Aug 7, 2025",608,0
2025-03-17,4uD5WaQoDac,Waste Hero Education : Why we should Recycle?,"Aug 7, 2025",608,0
2025-03-18,4uD5WaQoDac,Waste Hero Education : Why we should Recycle?,"Aug 7, 2025",608,0
2025-03-19,4uD5WaQoDac,Waste Hero Education : Why we should Recycle?,"Aug 7, 2025",608,0
2025-03-20,4uD5WaQoDac,Waste Hero Education : Why we should Recycle?,"Aug 7, 2025",608,0
2025-03-21,4uD5WaQoDac,Waste Hero Education : Why we should Recycle?,"Aug 7, 2025",608,0
2025-03-22,4uD5WaQoDac,Waste Hero Education : Why we should Recycle?,"Aug 7, 2025",608,0
2025-03-23,4uD5WaQoDac,Waste Hero Education : Why we should Recycle?,"Aug 7, 2025",608,0
2025-03-24,4uD5WaQoDac,Waste Hero Education : Why we should Recycle?,"Aug 7, 2025",608,0
2025-03-25,4uD5WaQoDac,Waste Hero Education : Why we should Recycle?,"Aug 7, 2025",608,0
2025-03-26,4uD5WaQoDac,Waste Hero Education : Why we should Recycle?,"Aug 7, 2025",608,0
2025-03-27,4uD5WaQoDac,Waste Hero Education : Why we should Recycle?,"Aug 7, 2025",608,0
2025-03-28,4uD5WaQoDac,Waste Hero Education : Why we should Recycle?,"Aug 7, 2025",608,0
2025-03-29,4uD5WaQoDac,Waste Hero Education : Why we should Recycle?,"Aug 7, 2025",608,0
2025-03-30,4uD5WaQoDac,Waste Hero Education : Why we should Recycle?,"Aug 7, 2025",608,0
2025-03-31,4uD5WaQoDac,Waste Hero Education : Why we should Recycle?,"Aug 7, 2025",608,0
2025-04-01,4uD5WaQoDac,Waste Hero Education : Why we should Recycle?,"Aug 7, 2025",608,0
2025-04-02,4uD5WaQoDac,Waste Hero Education : Why we should Recycle?,"Aug 7, 2025",608,0
2025-04-03,4uD5WaQoDac,Waste Hero Education : Why we should Recycle?,"Aug 7, 2025",608,0
2025-04-04,4uD5WaQoDac,Waste Hero Education : Why we should Recycle?,"Aug 7, 2025",608,0
2025-04-05,4uD5WaQoDac,Waste Hero Education : Why we should Recycle?,"Aug 7, 2025",608,0
2025-04-06,4uD5WaQoDac,Waste Hero Education : Why we should Recycle?,"Aug 7, 2025",608,0
2025-04-07,4uD5WaQoDac,Waste Hero Education : Why we should Recycle?,"Aug 7, 2025",608,0
2025-04-08,4uD5WaQoDac,Waste Hero Education : Why we should Recycle?,"Aug 7, 2025",608,0
2025-04-09,4uD5WaQoDac,Waste Hero Education : Why we should Recycle?,"Aug 7, 2025",608,0
2025-04-10,4uD5WaQoDac,Waste Hero Education : Why we should Recycle?,"Aug 7, 2025",608,0
2025-04-11,4uD5WaQoDac,Waste Hero Education : Why we should Recycle?,"Aug 7, 2025",608,0
2025-04-12,4uD5WaQoDac,Waste Hero Education : Why we should Recycle?,"Aug 7, 2025",608,0
2025-04-13,4uD5WaQoDac,Waste Hero Education : Why we should Recycle?,"Aug 7, 2025",608,0
2025-04-14,4uD5WaQoDac,Waste Hero Education : Why we should Recycle?,"Aug 7, 2025",608,0
2025-04-15,4uD5WaQoDac,Waste Hero Education : Why we should Recycle?,"Aug 7, 2025",608,0
2025-04-16,4uD5WaQoDac,Waste Hero Education : Why we should Recycle?,"Aug 7, 2025",608,0
2025-04-17,4uD5WaQoDac,Waste Hero Education : Why we should Recycle?,"Aug 7, 2025",608,0
2025-04-18,4uD5WaQoDac,Waste Hero Education : Why we should Recycle?,"Aug 7, 2025",608,0
2025-04-19,4uD5WaQoDac,Waste Hero Education : Why we should Recycle?,"Aug 7, 2025",608,0
2025-04-20,4uD5WaQoDac,Waste Hero Education : Why we should Recycle?,"Aug 7, 2025",608,0
2025-04-21,4uD5WaQoDac,Waste Hero Education : Why we should Recycle?,"Aug 7, 2025",608,0
2025-04-22,4uD5WaQoDac,Waste Hero Education : Why we should Recycle?,"Aug 7, 2025",608,0
2025-04-23,4uD5WaQoDac,Waste Hero Education : Why we should Recycle?,"Aug 7, 2025",608,0
2025-04-24,4uD5WaQoDac,Waste Hero Education : Why we should Recycle?,"Aug 7, 2025",608,0
2025-04-25,4uD5WaQoDac,Waste Hero Education : Why we should Recycle?,"Aug 7, 2025",608,0
2025-04-26,4uD5WaQoDac,Waste Hero Education : Why we should Recycle?,"Aug 7, 2025",608,0
2025-04-27,4uD5WaQoDac,Waste Hero Education : Why we should Recycle?,"Aug 7, 2025",608,0
2025-04-28,4uD5WaQoDac,Waste Hero Education : Why we should Recycle?,"Aug 7, 2025",608,0
2025-04-29,4uD5WaQoDac,Waste Hero Education : Why we should Recycle?,"Aug 7, 2025",608,0
2025-04-30,4uD5WaQoDac,Waste Hero Education : Why we should Recycle?,"Aug 7, 2025",608,0
2025-05-01,4uD5WaQoDac,Waste Hero Education : Why we should Recycle?,"Aug 7, 2025",608,0
2025-05-02,4uD5WaQoDac,Waste Hero Education : Why we should Recycle?,"Aug 7, 2025",608,0
2025-05-03,4uD5WaQoDac,Waste Hero Education : Why we should Recycle?,"Aug 7, 2025",608,0
2025-05-04,4uD5WaQoDac,Waste Hero Education : Why we should Recycle?,"Aug 7, 2025",608,0
2025-05-05,4uD5WaQoDac,Waste Hero Education : Why we should Recycle?,"Aug 7, 2025",608,0
2025-05-06,4uD5WaQoDac,Waste Hero Education : Why we should Recycle?,"Aug 7, 2025",608,0
2025-05-07,4uD5WaQoDac,Waste Hero Education : Why we should Recycle?,"Aug 7, 2025",608,0
2025-05-08,4uD5WaQoDac,Waste Hero Education : Why we should Recycle?,"Aug 7, 2025",608,0
2025-05-09,4uD5WaQoDac,Waste Hero Education : Why we should Recycle?,"Aug 7, 2025",608,0
2025-05-10,4uD5WaQoDac,Waste Hero Education : Why we should Recycle?,"Aug 7, 2025",608,0
2025-05-11,4uD5WaQoDac,Waste Hero Education : Why we should Recycle?,"Aug 7, 2025",608,0
2025-05-12,4uD5WaQoDac,Waste Hero Education : Why we should Recycle?,"Aug 7, 2025",608,0
2025-05-13,4uD5WaQoDac,Waste Hero Education : Why we should Recycle?,"Aug 7, 2025",608,0
2025-05-14,4uD5WaQoDac,Waste Hero Education : Why we should Recycle?,"Aug 7, 2025",608,0
2025-05-15,4uD5WaQoDac,Waste Hero Education : Why we should Recycle?,"Aug 7, 2025",608,0
2025-05-16,4uD5WaQoDac,Waste Hero Education : Why we should Recycle?,"Aug 7, 2025",608,0
2025-05-17,4uD5WaQoDac,Waste Hero Education : Why we should Recycle?,"Aug 7, 2025",608,0
2025-05-18,4uD5WaQoDac,Waste Hero Education : Why we should Recycle?,"Aug 7, 2025",608,0
2025-05-19,4uD5WaQoDac,Waste Hero Education : Why we should Recycle?,"Aug 7, 2025",608,0
2025-05-20,4uD5WaQoDac,Waste Hero Education : Why we should Recycle?,"Aug 7, 2025",608,0
2025-05-21,4uD5WaQoDac,Waste Hero Education : Why we should Recycle?,"Aug 7, 2025",608,0
2025-05-22,4uD5WaQoDac,Waste Hero Education : Why we should Recycle?,"Aug 7, 2025",608,0
2025-05-23,4uD5WaQoDac,Waste Hero Education : Why we should Recycle?,"Aug 7, 2025",608,0
2025-05-24,4uD5WaQoDac,Waste Hero Education : Why we should Recycle?,"Aug 7, 2025",608,0
2025-05-25,4uD5WaQoDac,Waste Hero Education : Why we should Recycle?,"Aug 7, 2025",608,0
2025-05-26,4uD5WaQoDac,Waste Hero Education : Why we should Recycle?,"Aug 7, 2025",608,0
2025-05-27,4uD5WaQoDac,Waste Hero Education : Why we should Recycle?,"Aug 7, 2025",608,0
2025-05-28,4uD5WaQoDac,Waste Hero Education : Why we should Recycle?,"Aug 7, 2025",608,0
2025-05-29,4uD5WaQoDac,Waste Hero Education : Why we should Recycle?,"Aug 7, 2025",608,0
2025-05-30,4uD5WaQoDac,Waste Hero Education : Why we should Recycle?,"Aug 7, 2025",608,0
2025-05-31,4uD5WaQoDac,Waste Hero Education : Why we should Recycle?,"Aug 7, 2025",608,0
2025-06-01,4uD5WaQoDac,Waste Hero Education : Why we should Recycle?,"Aug 7, 2025",608,0
2025-06-02,4uD5WaQoDac,Waste Hero Education : Why we should Recycle?,"Aug 7, 2025",608,0
2025-06-03,4uD5WaQoDac,Waste Hero Education : Why we should Recycle?,"Aug 7, 2025",608,0
2025-06-04,4uD5WaQoDac,Waste Hero Education : Why we should Recycle?,"Aug 7, 2025",608,0
2025-06-05,4uD5WaQoDac,Waste Hero Education : Why we should Recycle?,"Aug 7, 2025",608,0
2025-06-06,4uD5WaQoDac,Waste Hero Education : Why we should Recycle?,"Aug 7, 2025",608,0
2025-06-07,4uD5WaQoDac,Waste Hero Education : Why we should Recycle?,"Aug 7, 2025",608,0
2025-06-08,4uD5WaQoDac,Waste Hero Education : Why we should Recycle?,"Aug 7, 2025",608,0
2025-06-09,4uD5WaQoDac,Waste Hero Education : Why we should Recycle?,"Aug 7, 2025",608,0
2025-06-10,4uD5WaQoDac,Waste Hero Education : Why we should Recycle?,"Aug 7, 2025",608,0
2025-06-11,4uD5WaQoDac,Waste Hero Education : Why we should Recycle?,"Aug 7, 2025",608,0
2025-06-12,4uD5WaQoDac,Waste Hero Education : Why we should Recycle?,"Aug 7, 2025",608,0
2025-06-13,4uD5WaQoDac,Waste Hero Education : Why we should Recycle?,"Aug 7, 2025",608,0
2025-06-14,4uD5WaQoDac,Waste Hero Education : Why we should Recycle?,"Aug 7, 2025",608,0
2025-06-15,4uD5WaQoDac,Waste Hero Education : Why we should Recycle?,"Aug 7, 2025",608,0
2025-06-16,4uD5WaQoDac,Waste Hero Education : Why we should Recycle?,"Aug 7, 2025",608,0
2025-06-17,4uD5WaQoDac,Waste Hero Education : Why we should Recycle?,"Aug 7, 2025",608,0
2025-06-18,4uD5WaQoDac,Waste Hero Education : Why we should Recycle?,"Aug 7, 2025",608,0
2025-06-19,4uD5WaQoDac,Waste Hero Education : Why we should Recycle?,"Aug 7, 2025",608,0
2025-06-20,4uD5WaQoDac,Waste Hero Education : Why we should Recycle?,"Aug 7, 2025",608,0
2025-06-21,4uD5WaQoDac,Waste Hero Education : Why we should Recycle?,"Aug 7, 2025",608,0
2025-06-22,4uD5WaQoDac,Waste Hero Education : Why we should Recycle?,"Aug 7, 2025",608,0
2025-06-23,4uD5WaQoDac,Waste Hero Education : Why we should Recycle?,"Aug 7, 2025",608,0
2025-06-24,4uD5WaQoDac,Waste Hero Education : Why we should Recycle?,"Aug 7, 2025",608,0
2025-06-25,4uD5WaQoDac,Waste Hero Education : Why we should Recycle?,"Aug 7, 2025",608,0
2025-06-26,4uD5WaQoDac,Waste Hero Education : Why we should Recycle?,"Aug 7, 2025",608,0
2025-06-27,4uD5WaQoDac,Waste Hero Education : Why we should Recycle?,"Aug 7, 2025",608,0
2025-06-28,4uD5WaQoDac,Waste Hero Education : Why we should Recycle?,"Aug 7, 2025",608,0
2025-06-29,4uD5WaQoDac,Waste Hero Education : Why we should Recycle?,"Aug 7, 2025",608,0
2025-06-30,4uD5WaQoDac,Waste Hero Education : Why we should Recycle?,"Aug 7, 2025",608,0
2025-07-01,4uD5WaQoDac,Waste Hero Education : Why we should Recycle?,"Aug 7, 2025",608,0
2025-07-02,4uD5WaQoDac,Waste Hero Education : Why we should Recycle?,"Aug 7, 2025",608,0
2025-07-03,4uD5WaQoDac,Waste Hero Education : Why we should Recycle?,"Aug 7, 2025",608,0
2025-07-04,4uD5WaQoDac,Waste Hero Education : Why we should Recycle?,"Aug 7, 2025",608,0
2025-07-05,4uD5WaQoDac,Waste Hero Education : Why we should Recycle?,"Aug 7, 2025",608,0
2025-07-06,4uD5WaQoDac,Waste Hero Education : Why we should Recycle?,"Aug 7, 2025",608,0
2025-07-07,4uD5WaQoDac,Waste Hero Education : Why we should Recycle?,"Aug 7, 2025",608,0
2025-07-08,4uD5WaQoDac,Waste Hero Education : Why we should Recycle?,"Aug 7, 2025",608,0
2025-07-09,4uD5WaQoDac,Waste Hero Education : Why we should Recycle?,"Aug 7, 2025",608,0
2025-07-10,4uD5WaQoDac,Waste Hero Education : Why we should Recycle?,"Aug 7, 2025",608,0
2025-07-11,4uD5WaQoDac,Waste Hero Education : Why we should Recycle?,"Aug 7, 2025",608,0
2025-07-12,4uD5WaQoDac,Waste Hero Education : Why we should Recycle?,"Aug 7, 2025",608,0
2025-07-13,4uD5WaQoDac,Waste Hero Education : Why we should Recycle?,"Aug 7, 2025",608,0
2025-07-14,4uD5WaQoDac,Waste Hero Education : Why we should Recycle?,"Aug 7, 2025",608,0
2025-07-15,4uD5WaQoDac,Waste Hero Education : Why we should Recycle?,"Aug 7, 2025",608,0
2025-07-16,4uD5WaQoDac,Waste Hero Education : Why we should Recycle?,"Aug 7, 2025",608,0
2025-07-17,4uD5WaQoDac,Waste Hero Education : Why we should Recycle?,"Aug 7, 2025",608,0
2025-07-18,4uD5WaQoDac,Waste Hero Education : Why we should Recycle?,"Aug 7, 2025",608,0
2025-07-19,4uD5WaQoDac,Waste Hero Education : Why we should Recycle?,"Aug 7, 2025",608,0
2025-07-20,4uD5WaQoDac,Waste Hero Education : Why we should Recycle?,"Aug 7, 2025",608,0
2025-07-21,4uD5WaQoDac,Waste Hero Education : Why we should Recycle?,"Aug 7, 2025",608,0
2025-07-22,4uD5WaQoDac,Waste Hero Education : Why we should Recycle?,"Aug 7, 2025",608,0
2025-07-23,4uD5WaQoDac,Waste Hero Education : Why we should Recycle?,"Aug 7, 2025",608,0
2025-07-24,4uD5WaQoDac,Waste Hero Education : Why we should Recycle?,"Aug 7, 2025",608,0
2025-07-25,4uD5WaQoDac,Waste Hero Education : Why we should Recycle?,"Aug 7, 2025",608,0
2025-07-26,4uD5WaQoDac,Waste Hero Education : Why we should Recycle?,"Aug 7, 2025",608,0
2025-07-27,4uD5WaQoDac,Waste Hero Education : Why we should Recycle?,"Aug 7, 2025",608,0
2025-07-28,4uD5WaQoDac,Waste Hero Education : Why we should Recycle?,"Aug 7, 2025",608,0
2025-07-29,4uD5WaQoDac,Waste Hero Education : Why we should Recycle?,"Aug 7, 2025",608,0
2025-07-30,4uD5WaQoDac,Waste Hero Education : Why we should Recycle?,"Aug 7, 2025",608,0
2025-07-31,4uD5WaQoDac,Waste Hero Education : Why we should Recycle?,"Aug 7, 2025",608,0
2025-08-01,4uD5WaQoDac,Waste Hero Education : Why we should Recycle?,"Aug 7, 2025",608,0
2025-08-02,4uD5WaQoDac,Waste Hero Education : Why we should Recycle?,"Aug 7, 2025",608,0
2025-08-03,4uD5WaQoDac,Waste Hero Education : Why we should Recycle?,"Aug 7, 2025",608,0
2025-08-04,4uD5WaQoDac,Waste Hero Education : Why we should Recycle?,"Aug 7, 2025",608,0
2025-08-05,4uD5WaQoDac,Waste Hero Education : Why we should Recycle?,"Aug 7, 2025",608,0
2025-08-06,4uD5WaQoDac,Waste Hero Education : Why we should Recycle?,"Aug 7, 2025",608,1
2025-08-07,4uD5WaQoDac,Waste Hero Education : Why we should Recycle?,"Aug 7, 2025",608,4
2025-08-08,4uD5WaQoDac,Waste Hero Education : Why we should Recycle?,"Aug 7, 2025",608,0
2025-08-09,4uD5WaQoDac,Waste Hero Education : Why we should Recycle?,"Aug 7, 2025",608,1
2025-08-10,4uD5WaQoDac,Waste Hero Education : Why we should Recycle?,"Aug 7, 2025",608,0
2025-08-11,4uD5WaQoDac,Waste Hero Education : Why we should Recycle?,"Aug 7, 2025",608,0
2025-08-12,4uD5WaQoDac,Waste Hero Education : Why we should Recycle?,"Aug 7, 2025",608,0
2025-08-13,4uD5WaQoDac,Waste Hero Education : Why we should Recycle?,"Aug 7, 2025",608,0
2025-08-14,4uD5WaQoDac,Waste Hero Education : Why we should Recycle?,"Aug 7, 2025",608,0
2025-08-15,4uD5WaQoDac,Waste Hero Education : Why we should Recycle?,"Aug 7, 2025",608,0
2025-08-16,4uD5WaQoDac,Waste Hero Education : Why we should Recycle?,"Aug 7, 2025",608,0
2025-08-17,4uD5WaQoDac,Waste Hero Education : Why we should Recycle?,"Aug 7, 2025",608,0
2025-08-18,4uD5WaQoDac,Waste Hero Education : Why we should Recycle?,"Aug 7, 2025",608,0
2025-08-19,4uD5WaQoDac,Waste Hero Education : Why we should Recycle?,"Aug 7, 2025",608,0
2025-08-20,4uD5WaQoDac,Waste Hero Education : Why we should Recycle?,"Aug 7, 2025",608,0
2025-08-21,4uD5WaQoDac,Waste Hero Education : Why we should Recycle?,"Aug 7, 2025",608,0
2025-08-22,4uD5WaQoDac,Waste Hero Education : Why we should Recycle?,"Aug 7, 2025",608,0
2025-08-23,4uD5WaQoDac,Waste Hero Education : Why we should Recycle?,"Aug 7, 2025",608,0
2025-08-24,4uD5WaQoDac,Waste Hero Education : Why we should Recycle?,"Aug 7, 2025",608,0
2025-08-25,4uD5WaQoDac,Waste Hero Education : Why we should Recycle?,"Aug 7, 2025",608,1
2025-08-26,4uD5WaQoDac,Waste Hero Education : Why we should Recycle?,"Aug 7, 2025",608,0
2025-08-27,4uD5WaQoDac,Waste Hero Education : Why we should Recycle?,"Aug 7, 2025",608,0
2025-08-28,4uD5WaQoDac,Waste Hero Education : Why we should Recycle?,"Aug 7, 2025",608,0
2025-08-29,4uD5WaQoDac,Waste Hero Education : Why we should Recycle?,"Aug 7, 2025",608,0
2025-08-30,4uD5WaQoDac,Waste Hero Education : Why we should Recycle?,"Aug 7, 2025",608,0
2025-08-31,4uD5WaQoDac,Waste Hero Education : Why we should Recycle?,"Aug 7, 2025",608,0
2025-09-01,4uD5WaQoDac,Waste Hero Education : Why we should Recycle?,"Aug 7, 2025",608,0
2025-09-02,4uD5WaQoDac,Waste Hero Education : Why we should Recycle?,"Aug 7, 2025",608,0
2025-09-03,4uD5WaQoDac,Waste Hero Education : Why we should Recycle?,"Aug 7, 2025",608,0
2025-09-04,4uD5WaQoDac,Waste Hero Education : Why we should Recycle?,"Aug 7, 2025",608,0
2025-09-05,4uD5WaQoDac,Waste Hero Education : Why we should Recycle?,"Aug 7, 2025",608,50
2025-09-06,4uD5WaQoDac,Waste Hero Education : Why we should Recycle?,"Aug 7, 2025",608,156
2025-09-07,4uD5WaQoDac,Waste Hero Education : Why we should Recycle?,"Aug 7, 2025",608,71
2025-09-08,4uD5WaQoDac,Waste Hero Education : Why we should Recycle?,"Aug 7, 2025",608,47
2025-09-09,4uD5WaQoDac,Waste Hero Education : Why we should Recycle?,"Aug 7, 2025",608,79
2025-09-10,4uD5WaQoDac,Waste Hero Education : Why we should Recycle?,"Aug 7, 2025",608,41
2025-09-11,4uD5WaQoDac,Waste Hero Education : Why we should Recycle?,"Aug 7, 2025",608,92
2025-09-12,4uD5WaQoDac,Waste Hero Education : Why we should Recycle?,"Aug 7, 2025",608,107
2025-09-13,4uD5WaQoDac,Waste Hero Education : Why we should Recycle?,"Aug 7, 2025",608,55
2025-09-14,4uD5WaQoDac,Waste Hero Education : Why we should Recycle?,"Aug 7, 2025",608,296
2025-09-15,4uD5WaQoDac,Waste Hero Education : Why we should Recycle?,"Aug 7, 2025",608,160
2025-09-16,4uD5WaQoDac,Waste Hero Education : Why we should Recycle?,"Aug 7, 2025",608,149
2025-09-17,4uD5WaQoDac,Waste Hero Education : Why we should Recycle?,"Aug 7, 2025",608,135
2025-09-18,4uD5WaQoDac,Waste Hero Education : Why we should Recycle?,"Aug 7, 2025",608,129
2025-09-19,4uD5WaQoDac,Waste Hero Education : Why we should Recycle?,"Aug 7, 2025",608,303
2025-09-20,4uD5WaQoDac,Waste Hero Education : Why we should Recycle?,"Aug 7, 2025",608,135
2025-09-21,4uD5WaQoDac,Waste Hero Education : Why we should Recycle?,"Aug 7, 2025",608,610
2025-09-22,4uD5WaQoDac,Waste Hero Education : Why we should Recycle?,"Aug 7, 2025",608,631
2025-09-23,4uD5WaQoDac,Waste Hero Education : Why we should Recycle?,"Aug 7, 2025",608,237
2025-09-24,4uD5WaQoDac,Waste Hero Education : Why we should Recycle?,"Aug 7, 2025",608,286
2025-09-25,4uD5WaQoDac,Waste Hero Education : Why we should Recycle?,"Aug 7, 2025",608,243
2025-09-26,4uD5WaQoDac,Waste Hero Education : Why we should Recycle?,"Aug 7, 2025",608,286
2025-09-27,4uD5WaQoDac,Waste Hero Education : Why we should Recycle?,"Aug 7, 2025",608,276
2025-09-28,4uD5WaQoDac,Waste Hero Education : Why we should Recycle?,"Aug 7, 2025",608,216
2025-09-29,4uD5WaQoDac,Waste Hero Education : Why we should Recycle?,"Aug 7, 2025",608,37
2025-09-30,4uD5WaQoDac,Waste Hero Education : Why we should Recycle?,"Aug 7, 2025",608,44
2025-10-01,4uD5WaQoDac,Waste Hero Education : Why we should Recycle?,"Aug 7, 2025",608,48
2025-10-02,4uD5WaQoDac,Waste Hero Education : Why we should Recycle?,"Aug 7, 2025",608,39
2025-10-03,4uD5WaQoDac,Waste Hero Education : Why we should Recycle?,"Aug 7, 2025",608,31
2025-10-04,4uD5WaQoDac,Waste Hero Education : Why we should Recycle?,"Aug 7, 2025",608,31
2025-10-05,4uD5WaQoDac,Waste Hero Education : Why we should Recycle?,"Aug 7, 2025",608,38
2025-10-06,4uD5WaQoDac,Waste Hero Education : Why we should Recycle?,"Aug 7, 2025",608,71
2025-10-07,4uD5WaQoDac,Waste Hero Education : Why we should Recycle?,"Aug 7, 2025",608,7
2025-10-08,4uD5WaQoDac,Waste Hero Education : Why we should Recycle?,"Aug 7, 2025",608,111
2025-10-09,4uD5WaQoDac,Waste Hero Education : Why we should Recycle?,"Aug 7, 2025",608,73
2025-10-10,4uD5WaQoDac,Waste Hero Education : Why we should Recycle?,"Aug 7, 2025",608,73
2025-10-11,4uD5WaQoDac,Waste Hero Education : Why we should Recycle?,"Aug 7, 2025",608,78
2025-10-12,4uD5WaQoDac,Waste Hero Education : Why we should Recycle?,"Aug 7, 2025",608,57
2025-10-13,4uD5WaQoDac,Waste Hero Education : Why we should Recycle?,"Aug 7, 2025",608,108
2025-10-14,4uD5WaQoDac,Waste Hero Education : Why we should Recycle?,"Aug 7, 2025",608,402
2025-10-15,4uD5WaQoDac,Waste Hero Education : Why we should Recycle?,"Aug 7, 2025",608,81
2025-10-16,4uD5WaQoDac,Waste Hero Education : Why we should Recycle?,"Aug 7, 2025",608,74
2025-10-17,4uD5WaQoDac,Waste Hero Education : Why we should Recycle?,"Aug 7, 2025",608,48
2025-10-18,4uD5WaQoDac,Waste Hero Education : Why we should Recycle?,"Aug 7, 2025",608,68
2025-10-19,4uD5WaQoDac,Waste Hero Education : Why we should Recycle?,"Aug 7, 2025",608,30
2025-10-20,4uD5WaQoDac,Waste Hero Education : Why we should Recycle?,"Aug 7, 2025",608,96
2025-10-21,4uD5WaQoDac,Waste Hero Education : Why we should Recycle?,"Aug 7, 2025",608,75
2025-10-22,4uD5WaQoDac,Waste Hero Education : Why we should Recycle?,"Aug 7, 2025",608,80
2025-10-23,4uD5WaQoDac,Waste Hero Education : Why we should Recycle?,"Aug 7, 2025",608,73
2025-10-24,4uD5WaQoDac,Waste Hero Education : Why we should Recycle?,"Aug 7, 2025",608,90
2025-10-25,4uD5WaQoDac,Waste Hero Education : Why we should Recycle?,"Aug 7, 2025",608,63
2025-10-26,4uD5WaQoDac,Waste Hero Education : Why we should Recycle?,"Aug 7, 2025",608,66
2025-10-27,4uD5WaQoDac,Waste Hero Education : Why we should Recycle?,"Aug 7, 2025",608,58
2025-10-28,4uD5WaQoDac,Waste Hero Education : Why we should Recycle?,"Aug 7, 2025",608,79
2025-10-29,4uD5WaQoDac,Waste Hero Education : Why we should Recycle?,"Aug 7, 2025",608,44
2025-10-30,4uD5WaQoDac,Waste Hero Education : Why we should Recycle?,"Aug 7, 2025",608,103
2025-10-31,4uD5WaQoDac,Waste Hero Education : Why we should Recycle?,"Aug 7, 2025",608,75
2025-11-01,4uD5WaQoDac,Waste Hero Education : Why we should Recycle?,"Aug 7, 2025",608,78
2025-11-02,4uD5WaQoDac,Waste Hero Education : Why we should Recycle?,"Aug 7, 2025",608,119
2025-11-03,4uD5WaQoDac,Waste Hero Education : Why we should Recycle?,"Aug 7, 2025",608,69
2025-11-04,4uD5WaQoDac,Waste Hero Education : Why we should Recycle?,"Aug 7, 2025",608,66
2025-11-05,4uD5WaQoDac,Waste Hero Education : Why we should Recycle?,"Aug 7, 2025",608,64
2025-11-06,4uD5WaQoDac,Waste Hero Education : Why we should Recycle?,"Aug 7, 2025",608,60
2025-11-07,4uD5WaQoDac,Waste Hero Education : Why we should Recycle?,"Aug 7, 2025",608,17
2025-11-08,4uD5WaQoDac,Waste Hero Education : Why we should Recycle?,"Aug 7, 2025",608,0
2025-11-09,4uD5WaQoDac,Waste Hero Education : Why we should Recycle?,"Aug 7, 2025",608,3
2025-11-10,4uD5WaQoDac,Waste Hero Education : Why we should Recycle?,"Aug 7, 2025",608,54
2025-11-11,4uD5WaQoDac,Waste Hero Education : Why we should Recycle?,"Aug 7, 2025",608,59
2025-11-12,4uD5WaQoDac,Waste Hero Education : Why we should Recycle?,"Aug 7, 2025",608,25
2025-11-13,4uD5WaQoDac,Waste Hero Education : Why we should Recycle?,"Aug 7, 2025",608,41
2025-11-14,4uD5WaQoDac,Waste Hero Education : Why we should Recycle?,"Aug 7, 2025",608,45
2025-11-15,4uD5WaQoDac,Waste Hero Education : Why we should Recycle?,"Aug 7, 2025",608,89
2025-11-16,4uD5WaQoDac,Waste Hero Education : Why we should Recycle?,"Aug 7, 2025",608,22
2025-11-17,4uD5WaQoDac,Waste Hero Education : Why we should Recycle?,"Aug 7, 2025",608,37
2025-11-18,4uD5WaQoDac,Waste Hero Education : Why we should Recycle?,"Aug 7, 2025",608,33
2025-11-19,4uD5WaQoDac,Waste Hero Education : Why we should Recycle?,"Aug 7, 2025",608,25
2025-11-20,4uD5WaQoDac,Waste Hero Education : Why we should Recycle?,"Aug 7, 2025",608,42
2025-11-21,4uD5WaQoDac,Waste Hero Education : Why we should Recycle?,"Aug 7, 2025",608,27
2025-11-22,4uD5WaQoDac,Waste Hero Education : Why we should Recycle?,"Aug 7, 2025",608,68
2025-11-23,4uD5WaQoDac,Waste Hero Education : Why we should Recycle?,"Aug 7, 2025",608,51
2025-11-24,4uD5WaQoDac,Waste Hero Education : Why we should Recycle?,"Aug 7, 2025",608,87
2025-11-25,4uD5WaQoDac,Waste Hero Education : Why we should Recycle?,"Aug 7, 2025",608,73
2025-11-26,4uD5WaQoDac,Waste Hero Education : Why we should Recycle?,"Aug 7, 2025",608,43
2025-11-27,4uD5WaQoDac,Waste Hero Education : Why we should Recycle?,"Aug 7, 2025",608,28
2025-11-28,4uD5WaQoDac,Waste Hero Education : Why we should Recycle?,"Aug 7, 2025",608,87
2025-11-29,4uD5WaQoDac,Waste Hero Education : Why we should Recycle?,"Aug 7, 2025",608,60
2025-11-30,4uD5WaQoDac,Waste Hero Education : Why we should Recycle?,"Aug 7, 2025",608,50
2025-12-01,4uD5WaQoDac,Waste Hero Education : Why we should Recycle?,"Aug 7, 2025",608,44
2025-12-02,4uD5WaQoDac,Waste Hero Education : Why we should Recycle?,"Aug 7, 2025",608,58
2025-12-03,4uD5WaQoDac,Waste Hero Education : Why we should Recycle?,"Aug 7, 2025",608,15
2025-12-04,4uD5WaQoDac,Waste Hero Education : Why we should Recycle?,"Aug 7, 2025",608,16
2025-12-05,4uD5WaQoDac,Waste Hero Education : Why we should Recycle?,"Aug 7, 2025",608,9
2025-12-06,4uD5WaQoDac,Waste Hero Education : Why we should Recycle?,"Aug 7, 2025",608,70
2025-12-07,4uD5WaQoDac,Waste Hero Education : Why we should Recycle?,"Aug 7, 2025",608,26
2025-12-08,4uD5WaQoDac,Waste Hero Education : Why we should Recycle?,"Aug 7, 2025",608,22
2025-12-09,4uD5WaQoDac,Waste Hero Education : Why we should Recycle?,"Aug 7, 2025",608,34
2025-12-10,4uD5WaQoDac,Waste Hero Education : Why we should Recycle?,"Aug 7, 2025",608,130
2025-12-11,4uD5WaQoDac,Waste Hero Education : Why we should Recycle?,"Aug 7, 2025",608,116
2025-12-12,4uD5WaQoDac,Waste Hero Education : Why we should Recycle?,"Aug 7, 2025",608,259
2025-12-13,4uD5WaQoDac,Waste Hero Education : Why we should Recycle?,"Aug 7, 2025",608,133
2025-12-14,4uD5WaQoDac,Waste Hero Education : Why we should Recycle?,"Aug 7, 2025",608,173
2025-12-15,4uD5WaQoDac,Waste Hero Education : Why we should Recycle?,"Aug 7, 2025",608,66
2025-12-16,4uD5WaQoDac,Waste Hero Education : Why we should Recycle?,"Aug 7, 2025",608,83
2025-12-17,4uD5WaQoDac,Waste Hero Education : Why we should Recycle?,"Aug 7, 2025",608,88
2025-12-18,4uD5WaQoDac,Waste Hero Education : Why we should Recycle?,"Aug 7, 2025",608,78
2025-12-19,4uD5WaQoDac,Waste Hero Education : Why we should Recycle?,"Aug 7, 2025",608,120
2025-12-20,4uD5WaQoDac,Waste Hero Education : Why we should Recycle?,"Aug 7, 2025",608,132
2025-12-21,4uD5WaQoDac,Waste Hero Education : Why we should Recycle?,"Aug 7, 2025",608,98
2025-12-22,4uD5WaQoDac,Waste Hero Education : Why we should Recycle?,"Aug 7, 2025",608,98
2025-12-23,4uD5WaQoDac,Waste Hero Education : Why we should Recycle?,"Aug 7, 2025",608,78
2025-12-24,4uD5WaQoDac,Waste Hero Education : Why we should Recycle?,"Aug 7, 2025",608,136
2025-12-25,4uD5WaQoDac,Waste Hero Education : Why we should Recycle?,"Aug 7, 2025",608,98
2025-12-26,4uD5WaQoDac,Waste Hero Education : Why we should Recycle?,"Aug 7, 2025",608,85
2025-12-27,4uD5WaQoDac,Waste Hero Education : Why we should Recycle?,"Aug 7, 2025",608,83
2025-12-28,4uD5WaQoDac,Waste Hero Education : Why we should Recycle?,"Aug 7, 2025",608,73
2025-12-29,4uD5WaQoDac,Waste Hero Education : Why we should Recycle?,"Aug 7, 2025",608,61
2025-12-30,4uD5WaQoDac,Waste Hero Education : Why we should Recycle?,"Aug 7, 2025",608,107
2025-12-31,4uD5WaQoDac,Waste Hero Education : Why we should Recycle?,"Aug 7, 2025",608,161
2026-01-01,4uD5WaQoDac,Waste Hero Education : Why we should Recycle?,"Aug 7, 2025",608,96
2026-01-02,4uD5WaQoDac,Waste Hero Education : Why we should Recycle?,"Aug 7, 2025",608,87
2026-01-03,4uD5WaQoDac,Waste Hero Education : Why we should Recycle?,"Aug 7, 2025",608,97
2026-01-04,4uD5WaQoDac,Waste Hero Education : Why we should Recycle?,"Aug 7, 2025",608,80
2026-01-05,4uD5WaQoDac,Waste Hero Education : Why we should Recycle?,"Aug 7, 2025",608,94
2026-01-06,4uD5WaQoDac,Waste Hero Education : Why we should Recycle?,"Aug 7, 2025",608,186
2026-01-07,4uD5WaQoDac,Waste Hero Education : Why we should Recycle?,"Aug 7, 2025",608,319
2026-01-08,4uD5WaQoDac,Waste Hero Education : Why we should Recycle?,"Aug 7, 2025",608,153
2026-01-09,4uD5WaQoDac,Waste Hero Education : Why we should Recycle?,"Aug 7, 2025",608,92
2026-01-10,4uD5WaQoDac,Waste Hero Education : Why we should Recycle?,"Aug 7, 2025",608,119
2026-01-11,4uD5WaQoDac,Waste Hero Education : Why we should Recycle?,"Aug 7, 2025",608,73
2026-01-12,4uD5WaQoDac,Waste Hero Education : Why we should Recycle?,"Aug 7, 2025",608,99
2026-01-13,4uD5WaQoDac,Waste Hero Education : Why we should Recycle?,"Aug 7, 2025",608,48
2026-01-14,4uD5WaQoDac,Waste Hero Education : Why we should Recycle?,"Aug 7, 2025",608,14
2026-01-15,4uD5WaQoDac,Waste Hero Education : Why we should Recycle?,"Aug 7, 2025",608,19
2026-01-16,4uD5WaQoDac,Waste Hero Education : Why we should Recycle?,"Aug 7, 2025",608,7
2026-01-17,4uD5WaQoDac,Waste Hero Education : Why we should Recycle?,"Aug 7, 2025",608,18
2026-01-18,4uD5WaQoDac,Waste Hero Education : Why we should Recycle?,"Aug 7, 2025",608,10
2026-01-19,4uD5WaQoDac,Waste Hero Education : Why we should Recycle?,"Aug 7, 2025",608,14
2026-01-20,4uD5WaQoDac,Waste Hero Education : Why we should Recycle?,"Aug 7, 2025",608,8
2026-01-21,4uD5WaQoDac,Waste Hero Education : Why we should Recycle?,"Aug 7, 2025",608,3
2026-01-22,4uD5WaQoDac,Waste Hero Education : Why we should Recycle?,"Aug 7, 2025",608,7
2026-01-23,4uD5WaQoDac,Waste Hero Education : Why we should Recycle?,"Aug 7, 2025",608,8
2026-01-24,4uD5WaQoDac,Waste Hero Education : Why we should Recycle?,"Aug 7, 2025",608,5
2026-01-25,4uD5WaQoDac,Waste Hero Education : Why we should Recycle?,"Aug 7, 2025",608,12
2026-01-26,4uD5WaQoDac,Waste Hero Education : Why we should Recycle?,"Aug 7, 2025",608,8
2026-01-27,4uD5WaQoDac,Waste Hero Education : Why we should Recycle?,"Aug 7, 2025",608,4
2026-01-28,4uD5WaQoDac,Waste Hero Education : Why we should Recycle?,"Aug 7, 2025",608,1
2026-01-29,4uD5WaQoDac,Waste Hero Education : Why we should Recycle?,"Aug 7, 2025",608,2
2026-01-30,4uD5WaQoDac,Waste Hero Education : Why we should Recycle?,"Aug 7, 2025",608,3
2026-01-31,4uD5WaQoDac,Waste Hero Education : Why we should Recycle?,"Aug 7, 2025",608,6
2026-02-01,4uD5WaQoDac,Waste Hero Education : Why we should Recycle?,"Aug 7, 2025",608,2
2026-02-02,4uD5WaQoDac,Waste Hero Education : Why we should Recycle?,"Aug 7, 2025",608,0
2026-02-03,4uD5WaQoDac,Waste Hero Education : Why we should Recycle?,"Aug 7, 2025",608,1
2026-02-04,4uD5WaQoDac,Waste Hero Education : Why we should Recycle?,"Aug 7, 2025",608,12
2026-02-05,4uD5WaQoDac,Waste Hero Education : Why we should Recycle?,"Aug 7, 2025",608,4
2026-02-06,4uD5WaQoDac,Waste Hero Education : Why we should Recycle?,"Aug 7, 2025",608,7
2026-02-07,4uD5WaQoDac,Waste Hero Education : Why we should Recycle?,"Aug 7, 2025",608,14
2026-02-08,4uD5WaQoDac,Waste Hero Education : Why we should Recycle?,"Aug 7, 2025",608,8
2026-02-09,4uD5WaQoDac,Waste Hero Education : Why we should Recycle?,"Aug 7, 2025",608,11
2026-02-10,4uD5WaQoDac,Waste Hero Education : Why we should Recycle?,"Aug 7, 2025",608,13
2026-02-11,4uD5WaQoDac,Waste Hero Education : Why we should Recycle?,"Aug 7, 2025",608,8
2026-02-12,4uD5WaQoDac,Waste Hero Education : Why we should Recycle?,"Aug 7, 2025",608,17
2026-02-13,4uD5WaQoDac,Waste Hero Education : Why we should Recycle?,"Aug 7, 2025",608,31
2026-02-14,4uD5WaQoDac,Waste Hero Education : Why we should Recycle?,"Aug 7, 2025",608,45
2026-02-15,4uD5WaQoDac,Waste Hero Education : Why we should Recycle?,"Aug 7, 2025",608,52
2026-02-16,4uD5WaQoDac,Waste Hero Education : Why we should Recycle?,"Aug 7, 2025",608,38
2026-02-17,4uD5WaQoDac,Waste Hero Education : Why we should Recycle?,"Aug 7, 2025",608,15
2026-02-18,4uD5WaQoDac,Waste Hero Education : Why we should Recycle?,"Aug 7, 2025",608,26
2026-02-19,4uD5WaQoDac,Waste Hero Education : Why we should Recycle?,"Aug 7, 2025",608,44
2026-02-20,4uD5WaQoDac,Waste Hero Education : Why we should Recycle?,"Aug 7, 2025",608,42
2026-02-21,4uD5WaQoDac,Waste Hero Education : Why we should Recycle?,"Aug 7, 2025",608,82
2026-02-22,4uD5WaQoDac,Waste Hero Education : Why we should Recycle?,"Aug 7, 2025",608,221
2026-02-23,4uD5WaQoDac,Waste Hero Education : Why we should Recycle?,"Aug 7, 2025",608,93
2026-02-24,4uD5WaQoDac,Waste Hero Education : Why we should Recycle?,"Aug 7, 2025",608,47
2026-02-25,4uD5WaQoDac,Waste Hero Education : Why we should Recycle?,"Aug 7, 2025",608,59
2026-02-26,4uD5WaQoDac,Waste Hero Education : Why we should Recycle?,"Aug 7, 2025",608,326
2026-02-27,4uD5WaQoDac,Waste Hero Education : Why we should Recycle?,"Aug 7, 2025",608,304
2026-02-28,4uD5WaQoDac,Waste Hero Education : Why we should Recycle?,"Aug 7, 2025",608,337
2026-03-01,4uD5WaQoDac,Waste Hero Education : Why we should Recycle?,"Aug 7, 2025",608,105
2026-03-02,4uD5WaQoDac,Waste Hero Education : Why we should Recycle?,"Aug 7, 2025",608,81
2026-03-03,4uD5WaQoDac,Waste Hero Education : Why we should Recycle?,"Aug 7, 2025",608,49
2026-03-04,4uD5WaQoDac,Waste Hero Education : Why we should Recycle?,"Aug 7, 2025",608,89
2023-03-08,9Q4xPCkGLyg,Waste Hero Education : Circular Economy,"Aug 7, 2025",1015,0
2023-03-09,9Q4xPCkGLyg,Waste Hero Education : Circular Economy,"Aug 7, 2025",1015,0
2023-03-10,9Q4xPCkGLyg,Waste Hero Education : Circular Economy,"Aug 7, 2025",1015,0
2023-03-11,9Q4xPCkGLyg,Waste Hero Education : Circular Economy,"Aug 7, 2025",1015,0
2023-03-12,9Q4xPCkGLyg,Waste Hero Education : Circular Economy,"Aug 7, 2025",1015,0
2023-03-13,9Q4xPCkGLyg,Waste Hero Education : Circular Economy,"Aug 7, 2025",1015,0
2023-03-14,9Q4xPCkGLyg,Waste Hero Education : Circular Economy,"Aug 7, 2025",1015,0
2023-03-15,9Q4xPCkGLyg,Waste Hero Education : Circular Economy,"Aug 7, 2025",1015,0
2023-03-16,9Q4xPCkGLyg,Waste Hero Education : Circular Economy,"Aug 7, 2025",1015,0
2023-03-17,9Q4xPCkGLyg,Waste Hero Education : Circular Economy,"Aug 7, 2025",1015,0
2023-03-18,9Q4xPCkGLyg,Waste Hero Education : Circular Economy,"Aug 7, 2025",1015,0
2023-03-19,9Q4xPCkGLyg,Waste Hero Education : Circular Economy,"Aug 7, 2025",1015,0
2023-03-20,9Q4xPCkGLyg,Waste Hero Education : Circular Economy,"Aug 7, 2025",1015,0
2023-03-21,9Q4xPCkGLyg,Waste Hero Education : Circular Economy,"Aug 7, 2025",1015,0
2023-03-22,9Q4xPCkGLyg,Waste Hero Education : Circular Economy,"Aug 7, 2025",1015,0
2023-03-23,9Q4xPCkGLyg,Waste Hero Education : Circular Economy,"Aug 7, 2025",1015,0
2023-03-24,9Q4xPCkGLyg,Waste Hero Education : Circular Economy,"Aug 7, 2025",1015,0
2023-03-25,9Q4xPCkGLyg,Waste Hero Education : Circular Economy,"Aug 7, 2025",1015,0
2023-03-26,9Q4xPCkGLyg,Waste Hero Education : Circular Economy,"Aug 7, 2025",1015,0
2023-03-27,9Q4xPCkGLyg,Waste Hero Education : Circular Economy,"Aug 7, 2025",1015,0
2023-03-28,9Q4xPCkGLyg,Waste Hero Education : Circular Economy,"Aug 7, 2025",1015,0
2023-03-29,9Q4xPCkGLyg,Waste Hero Education : Circular Economy,"Aug 7, 2025",1015,0
2023-03-30,9Q4xPCkGLyg,Waste Hero Education : Circular Economy,"Aug 7, 2025",1015,0
2023-03-31,9Q4xPCkGLyg,Waste Hero Education : Circular Economy,"Aug 7, 2025",1015,0
2023-04-01,9Q4xPCkGLyg,Waste Hero Education : Circular Economy,"Aug 7, 2025",1015,0
2023-04-02,9Q4xPCkGLyg,Waste Hero Education : Circular Economy,"Aug 7, 2025",1015,0
2023-04-03,9Q4xPCkGLyg,Waste Hero Education : Circular Economy,"Aug 7, 2025",1015,0
2023-04-04,9Q4xPCkGLyg,Waste Hero Education : Circular Economy,"Aug 7, 2025",1015,0
2023-04-05,9Q4xPCkGLyg,Waste Hero Education : Circular Economy,"Aug 7, 2025",1015,0
2023-04-06,9Q4xPCkGLyg,Waste Hero Education : Circular Economy,"Aug 7, 2025",1015,0
2023-04-07,9Q4xPCkGLyg,Waste Hero Education : Circular Economy,"Aug 7, 2025",1015,0
2023-04-08,9Q4xPCkGLyg,Waste Hero Education : Circular Economy,"Aug 7, 2025",1015,0
2023-04-09,9Q4xPCkGLyg,Waste Hero Education : Circular Economy,"Aug 7, 2025",1015,0
2023-04-10,9Q4xPCkGLyg,Waste Hero Education : Circular Economy,"Aug 7, 2025",1015,0
2023-04-11,9Q4xPCkGLyg,Waste Hero Education : Circular Economy,"Aug 7, 2025",1015,0
2023-04-12,9Q4xPCkGLyg,Waste Hero Education : Circular Economy,"Aug 7, 2025",1015,0
2023-04-13,9Q4xPCkGLyg,Waste Hero Education : Circular Economy,"Aug 7, 2025",1015,0
2023-04-14,9Q4xPCkGLyg,Waste Hero Education : Circular Economy,"Aug 7, 2025",1015,0
2023-04-15,9Q4xPCkGLyg,Waste Hero Education : Circular Economy,"Aug 7, 2025",1015,0
2023-04-16,9Q4xPCkGLyg,Waste Hero Education : Circular Economy,"Aug 7, 2025",1015,0
2023-04-17,9Q4xPCkGLyg,Waste Hero Education : Circular Economy,"Aug 7, 2025",1015,0
2023-04-18,9Q4xPCkGLyg,Waste Hero Education : Circular Economy,"Aug 7, 2025",1015,0
2023-04-19,9Q4xPCkGLyg,Waste Hero Education : Circular Economy,"Aug 7, 2025",1015,0
2023-04-20,9Q4xPCkGLyg,Waste Hero Education : Circular Economy,"Aug 7, 2025",1015,0
2023-04-21,9Q4xPCkGLyg,Waste Hero Education : Circular Economy,"Aug 7, 2025",1015,0
2023-04-22,9Q4xPCkGLyg,Waste Hero Education : Circular Economy,"Aug 7, 2025",1015,0
2023-04-23,9Q4xPCkGLyg,Waste Hero Education : Circular Economy,"Aug 7, 2025",1015,0
2023-04-24,9Q4xPCkGLyg,Waste Hero Education : Circular Economy,"Aug 7, 2025",1015,0
2023-04-25,9Q4xPCkGLyg,Waste Hero Education : Circular Economy,"Aug 7, 2025",1015,0
2023-04-26,9Q4xPCkGLyg,Waste Hero Education : Circular Economy,"Aug 7, 2025",1015,0
2023-04-27,9Q4xPCkGLyg,Waste Hero Education : Circular Economy,"Aug 7, 2025",1015,0
2023-04-28,9Q4xPCkGLyg,Waste Hero Education : Circular Economy,"Aug 7, 2025",1015,0
2023-04-29,9Q4xPCkGLyg,Waste Hero Education : Circular Economy,"Aug 7, 2025",1015,0
2023-04-30,9Q4xPCkGLyg,Waste Hero Education : Circular Economy,"Aug 7, 2025",1015,0
2023-05-01,9Q4xPCkGLyg,Waste Hero Education : Circular Economy,"Aug 7, 2025",1015,0
2023-05-02,9Q4xPCkGLyg,Waste Hero Education : Circular Economy,"Aug 7, 2025",1015,0
2023-05-03,9Q4xPCkGLyg,Waste Hero Education : Circular Economy,"Aug 7, 2025",1015,0
2023-05-04,9Q4xPCkGLyg,Waste Hero Education : Circular Economy,"Aug 7, 2025",1015,0
2023-05-05,9Q4xPCkGLyg,Waste Hero Education : Circular Economy,"Aug 7, 2025",1015,0
2023-05-06,9Q4xPCkGLyg,Waste Hero Education : Circular Economy,"Aug 7, 2025",1015,0
2023-05-07,9Q4xPCkGLyg,Waste Hero Education : Circular Economy,"Aug 7, 2025",1015,0
2023-05-08,9Q4xPCkGLyg,Waste Hero Education : Circular Economy,"Aug 7, 2025",1015,0
2023-05-09,9Q4xPCkGLyg,Waste Hero Education : Circular Economy,"Aug 7, 2025",1015,0
2023-05-10,9Q4xPCkGLyg,Waste Hero Education : Circular Economy,"Aug 7, 2025",1015,0
2023-05-11,9Q4xPCkGLyg,Waste Hero Education : Circular Economy,"Aug 7, 2025",1015,0
2023-05-12,9Q4xPCkGLyg,Waste Hero Education : Circular Economy,"Aug 7, 2025",1015,0
2023-05-13,9Q4xPCkGLyg,Waste Hero Education : Circular Economy,"Aug 7, 2025",1015,0
2023-05-14,9Q4xPCkGLyg,Waste Hero Education : Circular Economy,"Aug 7, 2025",1015,0
2023-05-15,9Q4xPCkGLyg,Waste Hero Education : Circular Economy,"Aug 7, 2025",1015,0
2023-05-16,9Q4xPCkGLyg,Waste Hero Education : Circular Economy,"Aug 7, 2025",1015,0
2023-05-17,9Q4xPCkGLyg,Waste Hero Education : Circular Economy,"Aug 7, 2025",1015,0
2023-05-18,9Q4xPCkGLyg,Waste Hero Education : Circular Economy,"Aug 7, 2025",1015,0
2023-05-19,9Q4xPCkGLyg,Waste Hero Education : Circular Economy,"Aug 7, 2025",1015,0
2023-05-20,9Q4xPCkGLyg,Waste Hero Education : Circular Economy,"Aug 7, 2025",1015,0
2023-05-21,9Q4xPCkGLyg,Waste Hero Education : Circular Economy,"Aug 7, 2025",1015,0
2023-05-22,9Q4xPCkGLyg,Waste Hero Education : Circular Economy,"Aug 7, 2025",1015,0
2023-05-23,9Q4xPCkGLyg,Waste Hero Education : Circular Economy,"Aug 7, 2025",1015,0
2023-05-24,9Q4xPCkGLyg,Waste Hero Education : Circular Economy,"Aug 7, 2025",1015,0
2023-05-25,9Q4xPCkGLyg,Waste Hero Education : Circular Economy,"Aug 7, 2025",1015,0
2023-05-26,9Q4xPCkGLyg,Waste Hero Education : Circular Economy,"Aug 7, 2025",1015,0
2023-05-27,9Q4xPCkGLyg,Waste Hero Education : Circular Economy,"Aug 7, 2025",1015,0
2023-05-28,9Q4xPCkGLyg,Waste Hero Education : Circular Economy,"Aug 7, 2025",1015,0
2023-05-29,9Q4xPCkGLyg,Waste Hero Education : Circular Economy,"Aug 7, 2025",1015,0
2023-05-30,9Q4xPCkGLyg,Waste Hero Education : Circular Economy,"Aug 7, 2025",1015,0
2023-05-31,9Q4xPCkGLyg,Waste Hero Education : Circular Economy,"Aug 7, 2025",1015,0
2023-06-01,9Q4xPCkGLyg,Waste Hero Education : Circular Economy,"Aug 7, 2025",1015,0
2023-06-02,9Q4xPCkGLyg,Waste Hero Education : Circular Economy,"Aug 7, 2025",1015,0
2023-06-03,9Q4xPCkGLyg,Waste Hero Education : Circular Economy,"Aug 7, 2025",1015,0
2023-06-04,9Q4xPCkGLyg,Waste Hero Education : Circular Economy,"Aug 7, 2025",1015,0
2023-06-05,9Q4xPCkGLyg,Waste Hero Education : Circular Economy,"Aug 7, 2025",1015,0
2023-06-06,9Q4xPCkGLyg,Waste Hero Education : Circular Economy,"Aug 7, 2025",1015,0
2023-06-07,9Q4xPCkGLyg,Waste Hero Education : Circular Economy,"Aug 7, 2025",1015,0
2023-06-08,9Q4xPCkGLyg,Waste Hero Education : Circular Economy,"Aug 7, 2025",1015,0
2023-06-09,9Q4xPCkGLyg,Waste Hero Education : Circular Economy,"Aug 7, 2025",1015,0
2023-06-10,9Q4xPCkGLyg,Waste Hero Education : Circular Economy,"Aug 7, 2025",1015,0
2023-06-11,9Q4xPCkGLyg,Waste Hero Education : Circular Economy,"Aug 7, 2025",1015,0
2023-06-12,9Q4xPCkGLyg,Waste Hero Education : Circular Economy,"Aug 7, 2025",1015,0
2023-06-13,9Q4xPCkGLyg,Waste Hero Education : Circular Economy,"Aug 7, 2025",1015,0
2023-06-14,9Q4xPCkGLyg,Waste Hero Education : Circular Economy,"Aug 7, 2025",1015,0
2023-06-15,9Q4xPCkGLyg,Waste Hero Education : Circular Economy,"Aug 7, 2025",1015,0
2023-06-16,9Q4xPCkGLyg,Waste Hero Education : Circular Economy,"Aug 7, 2025",1015,0
2023-06-17,9Q4xPCkGLyg,Waste Hero Education : Circular Economy,"Aug 7, 2025",1015,0
2023-06-18,9Q4xPCkGLyg,Waste Hero Education : Circular Economy,"Aug 7, 2025",1015,0
2023-06-19,9Q4xPCkGLyg,Waste Hero Education : Circular Economy,"Aug 7, 2025",1015,0
2023-06-20,9Q4xPCkGLyg,Waste Hero Education : Circular Economy,"Aug 7, 2025",1015,0
2023-06-21,9Q4xPCkGLyg,Waste Hero Education : Circular Economy,"Aug 7, 2025",1015,0
2023-06-22,9Q4xPCkGLyg,Waste Hero Education : Circular Economy,"Aug 7, 2025",1015,0
2023-06-23,9Q4xPCkGLyg,Waste Hero Education : Circular Economy,"Aug 7, 2025",1015,0
2023-06-24,9Q4xPCkGLyg,Waste Hero Education : Circular Economy,"Aug 7, 2025",1015,0
2023-06-25,9Q4xPCkGLyg,Waste Hero Education : Circular Economy,"Aug 7, 2025",1015,0
2023-06-26,9Q4xPCkGLyg,Waste Hero Education : Circular Economy,"Aug 7, 2025",1015,0
2023-06-27,9Q4xPCkGLyg,Waste Hero Education : Circular Economy,"Aug 7, 2025",1015,0
2023-06-28,9Q4xPCkGLyg,Waste Hero Education : Circular Economy,"Aug 7, 2025",1015,0
2023-06-29,9Q4xPCkGLyg,Waste Hero Education : Circular Economy,"Aug 7, 2025",1015,0
2023-06-30,9Q4xPCkGLyg,Waste Hero Education : Circular Economy,"Aug 7, 2025",1015,0
2023-07-01,9Q4xPCkGLyg,Waste Hero Education : Circular Economy,"Aug 7, 2025",1015,0
2023-07-02,9Q4xPCkGLyg,Waste Hero Education : Circular Economy,"Aug 7, 2025",1015,0
2023-07-03,9Q4xPCkGLyg,Waste Hero Education : Circular Economy,"Aug 7, 2025",1015,0
2023-07-04,9Q4xPCkGLyg,Waste Hero Education : Circular Economy,"Aug 7, 2025",1015,0
2023-07-05,9Q4xPCkGLyg,Waste Hero Education : Circular Economy,"Aug 7, 2025",1015,0
2023-07-06,9Q4xPCkGLyg,Waste Hero Education : Circular Economy,"Aug 7, 2025",1015,0
2023-07-07,9Q4xPCkGLyg,Waste Hero Education : Circular Economy,"Aug 7, 2025",1015,0
2023-07-08,9Q4xPCkGLyg,Waste Hero Education : Circular Economy,"Aug 7, 2025",1015,0
2023-07-09,9Q4xPCkGLyg,Waste Hero Education : Circular Economy,"Aug 7, 2025",1015,0
2023-07-10,9Q4xPCkGLyg,Waste Hero Education : Circular Economy,"Aug 7, 2025",1015,0
2023-07-11,9Q4xPCkGLyg,Waste Hero Education : Circular Economy,"Aug 7, 2025",1015,0
2023-07-12,9Q4xPCkGLyg,Waste Hero Education : Circular Economy,"Aug 7, 2025",1015,0
2023-07-13,9Q4xPCkGLyg,Waste Hero Education : Circular Economy,"Aug 7, 2025",1015,0
2023-07-14,9Q4xPCkGLyg,Waste Hero Education : Circular Economy,"Aug 7, 2025",1015,0
2023-07-15,9Q4xPCkGLyg,Waste Hero Education : Circular Economy,"Aug 7, 2025",1015,0
2023-07-16,9Q4xPCkGLyg,Waste Hero Education : Circular Economy,"Aug 7, 2025",1015,0
2023-07-17,9Q4xPCkGLyg,Waste Hero Education : Circular Economy,"Aug 7, 2025",1015,0
2023-07-18,9Q4xPCkGLyg,Waste Hero Education : Circular Economy,"Aug 7, 2025",1015,0
2023-07-19,9Q4xPCkGLyg,Waste Hero Education : Circular Economy,"Aug 7, 2025",1015,0
2023-07-20,9Q4xPCkGLyg,Waste Hero Education : Circular Economy,"Aug 7, 2025",1015,0
2023-07-21,9Q4xPCkGLyg,Waste Hero Education : Circular Economy,"Aug 7, 2025",1015,0
2023-07-22,9Q4xPCkGLyg,Waste Hero Education : Circular Economy,"Aug 7, 2025",1015,0
2023-07-23,9Q4xPCkGLyg,Waste Hero Education : Circular Economy,"Aug 7, 2025",1015,0
2023-07-24,9Q4xPCkGLyg,Waste Hero Education : Circular Economy,"Aug 7, 2025",1015,0
2023-07-25,9Q4xPCkGLyg,Waste Hero Education : Circular Economy,"Aug 7, 2025",1015,0
2023-07-26,9Q4xPCkGLyg,Waste Hero Education : Circular Economy,"Aug 7, 2025",1015,0
2023-07-27,9Q4xPCkGLyg,Waste Hero Education : Circular Economy,"Aug 7, 2025",1015,0
2023-07-28,9Q4xPCkGLyg,Waste Hero Education : Circular Economy,"Aug 7, 2025",1015,0
2023-07-29,9Q4xPCkGLyg,Waste Hero Education : Circular Economy,"Aug 7, 2025",1015,0
2023-07-30,9Q4xPCkGLyg,Waste Hero Education : Circular Economy,"Aug 7, 2025",1015,0
2023-07-31,9Q4xPCkGLyg,Waste Hero Education : Circular Economy,"Aug 7, 2025",1015,0
2023-08-01,9Q4xPCkGLyg,Waste Hero Education : Circular Economy,"Aug 7, 2025",1015,0
2023-08-02,9Q4xPCkGLyg,Waste Hero Education : Circular Economy,"Aug 7, 2025",1015,0
2023-08-03,9Q4xPCkGLyg,Waste Hero Education : Circular Economy,"Aug 7, 2025",1015,0
2023-08-04,9Q4xPCkGLyg,Waste Hero Education : Circular Economy,"Aug 7, 2025",1015,0
2023-08-05,9Q4xPCkGLyg,Waste Hero Education : Circular Economy,"Aug 7, 2025",1015,0
2023-08-06,9Q4xPCkGLyg,Waste Hero Education : Circular Economy,"Aug 7, 2025",1015,0
2023-08-07,9Q4xPCkGLyg,Waste Hero Education : Circular Economy,"Aug 7, 2025",1015,0
2023-08-08,9Q4xPCkGLyg,Waste Hero Education : Circular Economy,"Aug 7, 2025",1015,0
2023-08-09,9Q4xPCkGLyg,Waste Hero Education : Circular Economy,"Aug 7, 2025",1015,0
2023-08-10,9Q4xPCkGLyg,Waste Hero Education : Circular Economy,"Aug 7, 2025",1015,0
2023-08-11,9Q4xPCkGLyg,Waste Hero Education : Circular Economy,"Aug 7, 2025",1015,0
2023-08-12,9Q4xPCkGLyg,Waste Hero Education : Circular Economy,"Aug 7, 2025",1015,0
2023-08-13,9Q4xPCkGLyg,Waste Hero Education : Circular Economy,"Aug 7, 2025",1015,0
2023-08-14,9Q4xPCkGLyg,Waste Hero Education : Circular Economy,"Aug 7, 2025",1015,0
2023-08-15,9Q4xPCkGLyg,Waste Hero Education : Circular Economy,"Aug 7, 2025",1015,0
2023-08-16,9Q4xPCkGLyg,Waste Hero Education : Circular Economy,"Aug 7, 2025",1015,0
2023-08-17,9Q4xPCkGLyg,Waste Hero Education : Circular Economy,"Aug 7, 2025",1015,0
2023-08-18,9Q4xPCkGLyg,Waste Hero Education : Circular Economy,"Aug 7, 2025",1015,0
2023-08-19,9Q4xPCkGLyg,Waste Hero Education : Circular Economy,"Aug 7, 2025",1015,0
2023-08-20,9Q4xPCkGLyg,Waste Hero Education : Circular Economy,"Aug 7, 2025",1015,0
2023-08-21,9Q4xPCkGLyg,Waste Hero Education : Circular Economy,"Aug 7, 2025",1015,0
2023-08-22,9Q4xPCkGLyg,Waste Hero Education : Circular Economy,"Aug 7, 2025",1015,0
2023-08-23,9Q4xPCkGLyg,Waste Hero Education : Circular Economy,"Aug 7, 2025",1015,0
2023-08-24,9Q4xPCkGLyg,Waste Hero Education : Circular Economy,"Aug 7, 2025",1015,0
2023-08-25,9Q4xPCkGLyg,Waste Hero Education : Circular Economy,"Aug 7, 2025",1015,0
2023-08-26,9Q4xPCkGLyg,Waste Hero Education : Circular Economy,"Aug 7, 2025",1015,0
2023-08-27,9Q4xPCkGLyg,Waste Hero Education : Circular Economy,"Aug 7, 2025",1015,0
2023-08-28,9Q4xPCkGLyg,Waste Hero Education : Circular Economy,"Aug 7, 2025",1015,0
2023-08-29,9Q4xPCkGLyg,Waste Hero Education : Circular Economy,"Aug 7, 2025",1015,0
2023-08-30,9Q4xPCkGLyg,Waste Hero Education : Circular Economy,"Aug 7, 2025",1015,0
2023-08-31,9Q4xPCkGLyg,Waste Hero Education : Circular Economy,"Aug 7, 2025",1015,0
2023-09-01,9Q4xPCkGLyg,Waste Hero Education : Circular Economy,"Aug 7, 2025",1015,0
2023-09-02,9Q4xPCkGLyg,Waste Hero Education : Circular Economy,"Aug 7, 2025",1015,0
2023-09-03,9Q4xPCkGLyg,Waste Hero Education : Circular Economy,"Aug 7, 2025",1015,0
2023-09-04,9Q4xPCkGLyg,Waste Hero Education : Circular Economy,"Aug 7, 2025",1015,0
2023-09-05,9Q4xPCkGLyg,Waste Hero Education : Circular Economy,"Aug 7, 2025",1015,0
2023-09-06,9Q4xPCkGLyg,Waste Hero Education : Circular Economy,"Aug 7, 2025",1015,0
2023-09-07,9Q4xPCkGLyg,Waste Hero Education : Circular Economy,"Aug 7, 2025",1015,0
2023-09-08,9Q4xPCkGLyg,Waste Hero Education : Circular Economy,"Aug 7, 2025",1015,0
2023-09-09,9Q4xPCkGLyg,Waste Hero Education : Circular Economy,"Aug 7, 2025",1015,0
2023-09-10,9Q4xPCkGLyg,Waste Hero Education : Circular Economy,"Aug 7, 2025",1015,0
2023-09-11,9Q4xPCkGLyg,Waste Hero Education : Circular Economy,"Aug 7, 2025",1015,0
2023-09-12,9Q4xPCkGLyg,Waste Hero Education : Circular Economy,"Aug 7, 2025",1015,0
2023-09-13,9Q4xPCkGLyg,Waste Hero Education : Circular Economy,"Aug 7, 2025",1015,0
2023-09-14,9Q4xPCkGLyg,Waste Hero Education : Circular Economy,"Aug 7, 2025",1015,0
2023-09-15,9Q4xPCkGLyg,Waste Hero Education : Circular Economy,"Aug 7, 2025",1015,0
2023-09-16,9Q4xPCkGLyg,Waste Hero Education : Circular Economy,"Aug 7, 2025",1015,0
2023-09-17,9Q4xPCkGLyg,Waste Hero Education : Circular Economy,"Aug 7, 2025",1015,0
2023-09-18,9Q4xPCkGLyg,Waste Hero Education : Circular Economy,"Aug 7, 2025",1015,0
2023-09-19,9Q4xPCkGLyg,Waste Hero Education : Circular Economy,"Aug 7, 2025",1015,0
2023-09-20,9Q4xPCkGLyg,Waste Hero Education : Circular Economy,"Aug 7, 2025",1015,0
2023-09-21,9Q4xPCkGLyg,Waste Hero Education : Circular Economy,"Aug 7, 2025",1015,0
2023-09-22,9Q4xPCkGLyg,Waste Hero Education : Circular Economy,"Aug 7, 2025",1015,0
2023-09-23,9Q4xPCkGLyg,Waste Hero Education : Circular Economy,"Aug 7, 2025",1015,0
2023-09-24,9Q4xPCkGLyg,Waste Hero Education : Circular Economy,"Aug 7, 2025",1015,0
2023-09-25,9Q4xPCkGLyg,Waste Hero Education : Circular Economy,"Aug 7, 2025",1015,0
2023-09-26,9Q4xPCkGLyg,Waste Hero Education : Circular Economy,"Aug 7, 2025",1015,0
2023-09-27,9Q4xPCkGLyg,Waste Hero Education : Circular Economy,"Aug 7, 2025",1015,0
2023-09-28,9Q4xPCkGLyg,Waste Hero Education : Circular Economy,"Aug 7, 2025",1015,0
2023-09-29,9Q4xPCkGLyg,Waste Hero Education : Circular Economy,"Aug 7, 2025",1015,0
2023-09-30,9Q4xPCkGLyg,Waste Hero Education : Circular Economy,"Aug 7, 2025",1015,0
2023-10-01,9Q4xPCkGLyg,Waste Hero Education : Circular Economy,"Aug 7, 2025",1015,0
2023-10-02,9Q4xPCkGLyg,Waste Hero Education : Circular Economy,"Aug 7, 2025",1015,0
2023-10-03,9Q4xPCkGLyg,Waste Hero Education : Circular Economy,"Aug 7, 2025",1015,0
2023-10-04,9Q4xPCkGLyg,Waste Hero Education : Circular Economy,"Aug 7, 2025",1015,0
2023-10-05,9Q4xPCkGLyg,Waste Hero Education : Circular Economy,"Aug 7, 2025",1015,0
2023-10-06,9Q4xPCkGLyg,Waste Hero Education : Circular Economy,"Aug 7, 2025",1015,0
2023-10-07,9Q4xPCkGLyg,Waste Hero Education : Circular Economy,"Aug 7, 2025",1015,0
2023-10-08,9Q4xPCkGLyg,Waste Hero Education : Circular Economy,"Aug 7, 2025",1015,0
2023-10-09,9Q4xPCkGLyg,Waste Hero Education : Circular Economy,"Aug 7, 2025",1015,0
2023-10-10,9Q4xPCkGLyg,Waste Hero Education : Circular Economy,"Aug 7, 2025",1015,0
2023-10-11,9Q4xPCkGLyg,Waste Hero Education : Circular Economy,"Aug 7, 2025",1015,0
2023-10-12,9Q4xPCkGLyg,Waste Hero Education : Circular Economy,"Aug 7, 2025",1015,0
2023-10-13,9Q4xPCkGLyg,Waste Hero Education : Circular Economy,"Aug 7, 2025",1015,0
2023-10-14,9Q4xPCkGLyg,Waste Hero Education : Circular Economy,"Aug 7, 2025",1015,0
2023-10-15,9Q4xPCkGLyg,Waste Hero Education : Circular Economy,"Aug 7, 2025",1015,0
2023-10-16,9Q4xPCkGLyg,Waste Hero Education : Circular Economy,"Aug 7, 2025",1015,0
2023-10-17,9Q4xPCkGLyg,Waste Hero Education : Circular Economy,"Aug 7, 2025",1015,0
2023-10-18,9Q4xPCkGLyg,Waste Hero Education : Circular Economy,"Aug 7, 2025",1015,0
2023-10-19,9Q4xPCkGLyg,Waste Hero Education : Circular Economy,"Aug 7, 2025",1015,0
2023-10-20,9Q4xPCkGLyg,Waste Hero Education : Circular Economy,"Aug 7, 2025",1015,0
2023-10-21,9Q4xPCkGLyg,Waste Hero Education : Circular Economy,"Aug 7, 2025",1015,0
2023-10-22,9Q4xPCkGLyg,Waste Hero Education : Circular Economy,"Aug 7, 2025",1015,0
2023-10-23,9Q4xPCkGLyg,Waste Hero Education : Circular Economy,"Aug 7, 2025",1015,0
2023-10-24,9Q4xPCkGLyg,Waste Hero Education : Circular Economy,"Aug 7, 2025",1015,0
2023-10-25,9Q4xPCkGLyg,Waste Hero Education : Circular Economy,"Aug 7, 2025",1015,0
2023-10-26,9Q4xPCkGLyg,Waste Hero Education : Circular Economy,"Aug 7, 2025",1015,0
2023-10-27,9Q4xPCkGLyg,Waste Hero Education : Circular Economy,"Aug 7, 2025",1015,0
2023-10-28,9Q4xPCkGLyg,Waste Hero Education : Circular Economy,"Aug 7, 2025",1015,0
2023-10-29,9Q4xPCkGLyg,Waste Hero Education : Circular Economy,"Aug 7, 2025",1015,0
2023-10-30,9Q4xPCkGLyg,Waste Hero Education : Circular Economy,"Aug 7, 2025",1015,0
2023-10-31,9Q4xPCkGLyg,Waste Hero Education : Circular Economy,"Aug 7, 2025",1015,0
2023-11-01,9Q4xPCkGLyg,Waste Hero Education : Circular Economy,"Aug 7, 2025",1015,0
2023-11-02,9Q4xPCkGLyg,Waste Hero Education : Circular Economy,"Aug 7, 2025",1015,0
2023-11-03,9Q4xPCkGLyg,Waste Hero Education : Circular Economy,"Aug 7, 2025",1015,0
2023-11-04,9Q4xPCkGLyg,Waste Hero Education : Circular Economy,"Aug 7, 2025",1015,0
2023-11-05,9Q4xPCkGLyg,Waste Hero Education : Circular Economy,"Aug 7, 2025",1015,0
2023-11-06,9Q4xPCkGLyg,Waste Hero Education : Circular Economy,"Aug 7, 2025",1015,0
2023-11-07,9Q4xPCkGLyg,Waste Hero Education : Circular Economy,"Aug 7, 2025",1015,0
2023-11-08,9Q4xPCkGLyg,Waste Hero Education : Circular Economy,"Aug 7, 2025",1015,0
2023-11-09,9Q4xPCkGLyg,Waste Hero Education : Circular Economy,"Aug 7, 2025",1015,0
2023-11-10,9Q4xPCkGLyg,Waste Hero Education : Circular Economy,"Aug 7, 2025",1015,0
2023-11-11,9Q4xPCkGLyg,Waste Hero Education : Circular Economy,"Aug 7, 2025",1015,0
2023-11-12,9Q4xPCkGLyg,Waste Hero Education : Circular Economy,"Aug 7, 2025",1015,0
2023-11-13,9Q4xPCkGLyg,Waste Hero Education : Circular Economy,"Aug 7, 2025",1015,0
2023-11-14,9Q4xPCkGLyg,Waste Hero Education : Circular Economy,"Aug 7, 2025",1015,0
2023-11-15,9Q4xPCkGLyg,Waste Hero Education : Circular Economy,"Aug 7, 2025",1015,0
2023-11-16,9Q4xPCkGLyg,Waste Hero Education : Circular Economy,"Aug 7, 2025",1015,0
2023-11-17,9Q4xPCkGLyg,Waste Hero Education : Circular Economy,"Aug 7, 2025",1015,0
2023-11-18,9Q4xPCkGLyg,Waste Hero Education : Circular Economy,"Aug 7, 2025",1015,0
2023-11-19,9Q4xPCkGLyg,Waste Hero Education : Circular Economy,"Aug 7, 2025",1015,0
2023-11-20,9Q4xPCkGLyg,Waste Hero Education : Circular Economy,"Aug 7, 2025",1015,0
2023-11-21,9Q4xPCkGLyg,Waste Hero Education : Circular Economy,"Aug 7, 2025",1015,0
2023-11-22,9Q4xPCkGLyg,Waste Hero Education : Circular Economy,"Aug 7, 2025",1015,0
2023-11-23,9Q4xPCkGLyg,Waste Hero Education : Circular Economy,"Aug 7, 2025",1015,0
2023-11-24,9Q4xPCkGLyg,Waste Hero Education : Circular Economy,"Aug 7, 2025",1015,0
2023-11-25,9Q4xPCkGLyg,Waste Hero Education : Circular Economy,"Aug 7, 2025",1015,0
2023-11-26,9Q4xPCkGLyg,Waste Hero Education : Circular Economy,"Aug 7, 2025",1015,0
2023-11-27,9Q4xPCkGLyg,Waste Hero Education : Circular Economy,"Aug 7, 2025",1015,0
2023-11-28,9Q4xPCkGLyg,Waste Hero Education : Circular Economy,"Aug 7, 2025",1015,0
2023-11-29,9Q4xPCkGLyg,Waste Hero Education : Circular Economy,"Aug 7, 2025",1015,0
2023-11-30,9Q4xPCkGLyg,Waste Hero Education : Circular Economy,"Aug 7, 2025",1015,0
2023-12-01,9Q4xPCkGLyg,Waste Hero Education : Circular Economy,"Aug 7, 2025",1015,0
2023-12-02,9Q4xPCkGLyg,Waste Hero Education : Circular Economy,"Aug 7, 2025",1015,0
2023-12-03,9Q4xPCkGLyg,Waste Hero Education : Circular Economy,"Aug 7, 2025",1015,0
2023-12-04,9Q4xPCkGLyg,Waste Hero Education : Circular Economy,"Aug 7, 2025",1015,0
2023-12-05,9Q4xPCkGLyg,Waste Hero Education : Circular Economy,"Aug 7, 2025",1015,0
2023-12-06,9Q4xPCkGLyg,Waste Hero Education : Circular Economy,"Aug 7, 2025",1015,0
2023-12-07,9Q4xPCkGLyg,Waste Hero Education : Circular Economy,"Aug 7, 2025",1015,0
2023-12-08,9Q4xPCkGLyg,Waste Hero Education : Circular Economy,"Aug 7, 2025",1015,0
2023-12-09,9Q4xPCkGLyg,Waste Hero Education : Circular Economy,"Aug 7, 2025",1015,0
2023-12-10,9Q4xPCkGLyg,Waste Hero Education : Circular Economy,"Aug 7, 2025",1015,0
2023-12-11,9Q4xPCkGLyg,Waste Hero Education : Circular Economy,"Aug 7, 2025",1015,0
2023-12-12,9Q4xPCkGLyg,Waste Hero Education : Circular Economy,"Aug 7, 2025",1015,0
2023-12-13,9Q4xPCkGLyg,Waste Hero Education : Circular Economy,"Aug 7, 2025",1015,0
2023-12-14,9Q4xPCkGLyg,Waste Hero Education : Circular Economy,"Aug 7, 2025",1015,0
2023-12-15,9Q4xPCkGLyg,Waste Hero Education : Circular Economy,"Aug 7, 2025",1015,0
2023-12-16,9Q4xPCkGLyg,Waste Hero Education : Circular Economy,"Aug 7, 2025",1015,0
2023-12-17,9Q4xPCkGLyg,Waste Hero Education : Circular Economy,"Aug 7, 2025",1015,0
2023-12-18,9Q4xPCkGLyg,Waste Hero Education : Circular Economy,"Aug 7, 2025",1015,0
2023-12-19,9Q4xPCkGLyg,Waste Hero Education : Circular Economy,"Aug 7, 2025",1015,0
2023-12-20,9Q4xPCkGLyg,Waste Hero Education : Circular Economy,"Aug 7, 2025",1015,0
2023-12-21,9Q4xPCkGLyg,Waste Hero Education : Circular Economy,"Aug 7, 2025",1015,0
2023-12-22,9Q4xPCkGLyg,Waste Hero Education : Circular Economy,"Aug 7, 2025",1015,0
2023-12-23,9Q4xPCkGLyg,Waste Hero Education : Circular Economy,"Aug 7, 2025",1015,0
2023-12-24,9Q4xPCkGLyg,Waste Hero Education : Circular Economy,"Aug 7, 2025",1015,0
2023-12-25,9Q4xPCkGLyg,Waste Hero Education : Circular Economy,"Aug 7, 2025",1015,0
2023-12-26,9Q4xPCkGLyg,Waste Hero Education : Circular Economy,"Aug 7, 2025",1015,0
2023-12-27,9Q4xPCkGLyg,Waste Hero Education : Circular Economy,"Aug 7, 2025",1015,0
2023-12-28,9Q4xPCkGLyg,Waste Hero Education : Circular Economy,"Aug 7, 2025",1015,0
2023-12-29,9Q4xPCkGLyg,Waste Hero Education : Circular Economy,"Aug 7, 2025",1015,0
2023-12-30,9Q4xPCkGLyg,Waste Hero Education : Circular Economy,"Aug 7, 2025",1015,0
2023-12-31,9Q4xPCkGLyg,Waste Hero Education : Circular Economy,"Aug 7, 2025",1015,0
2024-01-01,9Q4xPCkGLyg,Waste Hero Education : Circular Economy,"Aug 7, 2025",1015,0
2024-01-02,9Q4xPCkGLyg,Waste Hero Education : Circular Economy,"Aug 7, 2025",1015,0
2024-01-03,9Q4xPCkGLyg,Waste Hero Education : Circular Economy,"Aug 7, 2025",1015,0
2024-01-04,9Q4xPCkGLyg,Waste Hero Education : Circular Economy,"Aug 7, 2025",1015,0
2024-01-05,9Q4xPCkGLyg,Waste Hero Education : Circular Economy,"Aug 7, 2025",1015,0
2024-01-06,9Q4xPCkGLyg,Waste Hero Education : Circular Economy,"Aug 7, 2025",1015,0
2024-01-07,9Q4xPCkGLyg,Waste Hero Education : Circular Economy,"Aug 7, 2025",1015,0
2024-01-08,9Q4xPCkGLyg,Waste Hero Education : Circular Economy,"Aug 7, 2025",1015,0
2024-01-09,9Q4xPCkGLyg,Waste Hero Education : Circular Economy,"Aug 7, 2025",1015,0
2024-01-10,9Q4xPCkGLyg,Waste Hero Education : Circular Economy,"Aug 7, 2025",1015,0
2024-01-11,9Q4xPCkGLyg,Waste Hero Education : Circular Economy,"Aug 7, 2025",1015,0
2024-01-12,9Q4xPCkGLyg,Waste Hero Education : Circular Economy,"Aug 7, 2025",1015,0
2024-01-13,9Q4xPCkGLyg,Waste Hero Education : Circular Economy,"Aug 7, 2025",1015,0
2024-01-14,9Q4xPCkGLyg,Waste Hero Education : Circular Economy,"Aug 7, 2025",1015,0
2024-01-15,9Q4xPCkGLyg,Waste Hero Education : Circular Economy,"Aug 7, 2025",1015,0
2024-01-16,9Q4xPCkGLyg,Waste Hero Education : Circular Economy,"Aug 7, 2025",1015,0
2024-01-17,9Q4xPCkGLyg,Waste Hero Education : Circular Economy,"Aug 7, 2025",1015,0
2024-01-18,9Q4xPCkGLyg,Waste Hero Education : Circular Economy,"Aug 7, 2025",1015,0
2024-01-19,9Q4xPCkGLyg,Waste Hero Education : Circular Economy,"Aug 7, 2025",1015,0
2024-01-20,9Q4xPCkGLyg,Waste Hero Education : Circular Economy,"Aug 7, 2025",1015,0
2024-01-21,9Q4xPCkGLyg,Waste Hero Education : Circular Economy,"Aug 7, 2025",1015,0
2024-01-22,9Q4xPCkGLyg,Waste Hero Education : Circular Economy,"Aug 7, 2025",1015,0
2024-01-23,9Q4xPCkGLyg,Waste Hero Education : Circular Economy,"Aug 7, 2025",1015,0
2024-01-24,9Q4xPCkGLyg,Waste Hero Education : Circular Economy,"Aug 7, 2025",1015,0
2024-01-25,9Q4xPCkGLyg,Waste Hero Education : Circular Economy,"Aug 7, 2025",1015,0
2024-01-26,9Q4xPCkGLyg,Waste Hero Education : Circular Economy,"Aug 7, 2025",1015,0
2024-01-27,9Q4xPCkGLyg,Waste Hero Education : Circular Economy,"Aug 7, 2025",1015,0
2024-01-28,9Q4xPCkGLyg,Waste Hero Education : Circular Economy,"Aug 7, 2025",1015,0
2024-01-29,9Q4xPCkGLyg,Waste Hero Education : Circular Economy,"Aug 7, 2025",1015,0
2024-01-30,9Q4xPCkGLyg,Waste Hero Education : Circular Economy,"Aug 7, 2025",1015,0
2024-01-31,9Q4xPCkGLyg,Waste Hero Education : Circular Economy,"Aug 7, 2025",1015,0
2024-02-01,9Q4xPCkGLyg,Waste Hero Education : Circular Economy,"Aug 7, 2025",1015,0
2024-02-02,9Q4xPCkGLyg,Waste Hero Education : Circular Economy,"Aug 7, 2025",1015,0
2024-02-03,9Q4xPCkGLyg,Waste Hero Education : Circular Economy,"Aug 7, 2025",1015,0
2024-02-04,9Q4xPCkGLyg,Waste Hero Education : Circular Economy,"Aug 7, 2025",1015,0
2024-02-05,9Q4xPCkGLyg,Waste Hero Education : Circular Economy,"Aug 7, 2025",1015,0
2024-02-06,9Q4xPCkGLyg,Waste Hero Education : Circular Economy,"Aug 7, 2025",1015,0
2024-02-07,9Q4xPCkGLyg,Waste Hero Education : Circular Economy,"Aug 7, 2025",1015,0
2024-02-08,9Q4xPCkGLyg,Waste Hero Education : Circular Economy,"Aug 7, 2025",1015,0
2024-02-09,9Q4xPCkGLyg,Waste Hero Education : Circular Economy,"Aug 7, 2025",1015,0
2024-02-10,9Q4xPCkGLyg,Waste Hero Education : Circular Economy,"Aug 7, 2025",1015,0
2024-02-11,9Q4xPCkGLyg,Waste Hero Education : Circular Economy,"Aug 7, 2025",1015,0
2024-02-12,9Q4xPCkGLyg,Waste Hero Education : Circular Economy,"Aug 7, 2025",1015,0
2024-02-13,9Q4xPCkGLyg,Waste Hero Education : Circular Economy,"Aug 7, 2025",1015,0
2024-02-14,9Q4xPCkGLyg,Waste Hero Education : Circular Economy,"Aug 7, 2025",1015,0
2024-02-15,9Q4xPCkGLyg,Waste Hero Education : Circular Economy,"Aug 7, 2025",1015,0
2024-02-16,9Q4xPCkGLyg,Waste Hero Education : Circular Economy,"Aug 7, 2025",1015,0
2024-02-17,9Q4xPCkGLyg,Waste Hero Education : Circular Economy,"Aug 7, 2025",1015,0
2024-02-18,9Q4xPCkGLyg,Waste Hero Education : Circular Economy,"Aug 7, 2025",1015,0
2024-02-19,9Q4xPCkGLyg,Waste Hero Education : Circular Economy,"Aug 7, 2025",1015,0
2024-02-20,9Q4xPCkGLyg,Waste Hero Education : Circular Economy,"Aug 7, 2025",1015,0
2024-02-21,9Q4xPCkGLyg,Waste Hero Education : Circular Economy,"Aug 7, 2025",1015,0
2024-02-22,9Q4xPCkGLyg,Waste Hero Education : Circular Economy,"Aug 7, 2025",1015,0
2024-02-23,9Q4xPCkGLyg,Waste Hero Education : Circular Economy,"Aug 7, 2025",1015,0
2024-02-24,9Q4xPCkGLyg,Waste Hero Education : Circular Economy,"Aug 7, 2025",1015,0
2024-02-25,9Q4xPCkGLyg,Waste Hero Education : Circular Economy,"Aug 7, 2025",1015,0
2024-02-26,9Q4xPCkGLyg,Waste Hero Education : Circular Economy,"Aug 7, 2025",1015,0
2024-02-27,9Q4xPCkGLyg,Waste Hero Education : Circular Economy,"Aug 7, 2025",1015,0
2024-02-28,9Q4xPCkGLyg,Waste Hero Education : Circular Economy,"Aug 7, 2025",1015,0
2024-02-29,9Q4xPCkGLyg,Waste Hero Education : Circular Economy,"Aug 7, 2025",1015,0
2024-03-01,9Q4xPCkGLyg,Waste Hero Education : Circular Economy,"Aug 7, 2025",1015,0
2024-03-02,9Q4xPCkGLyg,Waste Hero Education : Circular Economy,"Aug 7, 2025",1015,0
2024-03-03,9Q4xPCkGLyg,Waste Hero Education : Circular Economy,"Aug 7, 2025",1015,0
2024-03-04,9Q4xPCkGLyg,Waste Hero Education : Circular Economy,"Aug 7, 2025",1015,0
2024-03-05,9Q4xPCkGLyg,Waste Hero Education : Circular Economy,"Aug 7, 2025",1015,0
2024-03-06,9Q4xPCkGLyg,Waste Hero Education : Circular Economy,"Aug 7, 2025",1015,0
2024-03-07,9Q4xPCkGLyg,Waste Hero Education : Circular Economy,"Aug 7, 2025",1015,0
2024-03-08,9Q4xPCkGLyg,Waste Hero Education : Circular Economy,"Aug 7, 2025",1015,0
2024-03-09,9Q4xPCkGLyg,Waste Hero Education : Circular Economy,"Aug 7, 2025",1015,0
2024-03-10,9Q4xPCkGLyg,Waste Hero Education : Circular Economy,"Aug 7, 2025",1015,0
2024-03-11,9Q4xPCkGLyg,Waste Hero Education : Circular Economy,"Aug 7, 2025",1015,0
2024-03-12,9Q4xPCkGLyg,Waste Hero Education : Circular Economy,"Aug 7, 2025",1015,0
2024-03-13,9Q4xPCkGLyg,Waste Hero Education : Circular Economy,"Aug 7, 2025",1015,0
2024-03-14,9Q4xPCkGLyg,Waste Hero Education : Circular Economy,"Aug 7, 2025",1015,0
2024-03-15,9Q4xPCkGLyg,Waste Hero Education : Circular Economy,"Aug 7, 2025",1015,0
2024-03-16,9Q4xPCkGLyg,Waste Hero Education : Circular Economy,"Aug 7, 2025",1015,0
2024-03-17,9Q4xPCkGLyg,Waste Hero Education : Circular Economy,"Aug 7, 2025",1015,0
2024-03-18,9Q4xPCkGLyg,Waste Hero Education : Circular Economy,"Aug 7, 2025",1015,0
2024-03-19,9Q4xPCkGLyg,Waste Hero Education : Circular Economy,"Aug 7, 2025",1015,0
2024-03-20,9Q4xPCkGLyg,Waste Hero Education : Circular Economy,"Aug 7, 2025",1015,0
2024-03-21,9Q4xPCkGLyg,Waste Hero Education : Circular Economy,"Aug 7, 2025",1015,0
2024-03-22,9Q4xPCkGLyg,Waste Hero Education : Circular Economy,"Aug 7, 2025",1015,0
2024-03-23,9Q4xPCkGLyg,Waste Hero Education : Circular Economy,"Aug 7, 2025",1015,0
2024-03-24,9Q4xPCkGLyg,Waste Hero Education : Circular Economy,"Aug 7, 2025",1015,0
2024-03-25,9Q4xPCkGLyg,Waste Hero Education : Circular Economy,"Aug 7, 2025",1015,0
2024-03-26,9Q4xPCkGLyg,Waste Hero Education : Circular Economy,"Aug 7, 2025",1015,0
2024-03-27,9Q4xPCkGLyg,Waste Hero Education : Circular Economy,"Aug 7, 2025",1015,0
2024-03-28,9Q4xPCkGLyg,Waste Hero Education : Circular Economy,"Aug 7, 2025",1015,0
2024-03-29,9Q4xPCkGLyg,Waste Hero Education : Circular Economy,"Aug 7, 2025",1015,0
2024-03-30,9Q4xPCkGLyg,Waste Hero Education : Circular Economy,"Aug 7, 2025",1015,0
2024-03-31,9Q4xPCkGLyg,Waste Hero Education : Circular Economy,"Aug 7, 2025",1015,0
2024-04-01,9Q4xPCkGLyg,Waste Hero Education : Circular Economy,"Aug 7, 2025",1015,0
2024-04-02,9Q4xPCkGLyg,Waste Hero Education : Circular Economy,"Aug 7, 2025",1015,0
2024-04-03,9Q4xPCkGLyg,Waste Hero Education : Circular Economy,"Aug 7, 2025",1015,0
2024-04-04,9Q4xPCkGLyg,Waste Hero Education : Circular Economy,"Aug 7, 2025",1015,0
2024-04-05,9Q4xPCkGLyg,Waste Hero Education : Circular Economy,"Aug 7, 2025",1015,0
2024-04-06,9Q4xPCkGLyg,Waste Hero Education : Circular Economy,"Aug 7, 2025",1015,0
2024-04-07,9Q4xPCkGLyg,Waste Hero Education : Circular Economy,"Aug 7, 2025",1015,0
2024-04-08,9Q4xPCkGLyg,Waste Hero Education : Circular Economy,"Aug 7, 2025",1015,0
2024-04-09,9Q4xPCkGLyg,Waste Hero Education : Circular Economy,"Aug 7, 2025",1015,0
2024-04-10,9Q4xPCkGLyg,Waste Hero Education : Circular Economy,"Aug 7, 2025",1015,0
2024-04-11,9Q4xPCkGLyg,Waste Hero Education : Circular Economy,"Aug 7, 2025",1015,0
2024-04-12,9Q4xPCkGLyg,Waste Hero Education : Circular Economy,"Aug 7, 2025",1015,0
2024-04-13,9Q4xPCkGLyg,Waste Hero Education : Circular Economy,"Aug 7, 2025",1015,0
2024-04-14,9Q4xPCkGLyg,Waste Hero Education : Circular Economy,"Aug 7, 2025",1015,0
2024-04-15,9Q4xPCkGLyg,Waste Hero Education : Circular Economy,"Aug 7, 2025",1015,0
2024-04-16,9Q4xPCkGLyg,Waste Hero Education : Circular Economy,"Aug 7, 2025",1015,0
2024-04-17,9Q4xPCkGLyg,Waste Hero Education : Circular Economy,"Aug 7, 2025",1015,0
2024-04-18,9Q4xPCkGLyg,Waste Hero Education : Circular Economy,"Aug 7, 2025",1015,0
2024-04-19,9Q4xPCkGLyg,Waste Hero Education : Circular Economy,"Aug 7, 2025",1015,0
2024-04-20,9Q4xPCkGLyg,Waste Hero Education : Circular Economy,"Aug 7, 2025",1015,0
2024-04-21,9Q4xPCkGLyg,Waste Hero Education : Circular Economy,"Aug 7, 2025",1015,0
2024-04-22,9Q4xPCkGLyg,Waste Hero Education : Circular Economy,"Aug 7, 2025",1015,0
2024-04-23,9Q4xPCkGLyg,Waste Hero Education : Circular Economy,"Aug 7, 2025",1015,0
2024-04-24,9Q4xPCkGLyg,Waste Hero Education : Circular Economy,"Aug 7, 2025",1015,0
2024-04-25,9Q4xPCkGLyg,Waste Hero Education : Circular Economy,"Aug 7, 2025",1015,0
2024-04-26,9Q4xPCkGLyg,Waste Hero Education : Circular Economy,"Aug 7, 2025",1015,0
2024-04-27,9Q4xPCkGLyg,Waste Hero Education : Circular Economy,"Aug 7, 2025",1015,0
2024-04-28,9Q4xPCkGLyg,Waste Hero Education : Circular Economy,"Aug 7, 2025",1015,0
2024-04-29,9Q4xPCkGLyg,Waste Hero Education : Circular Economy,"Aug 7, 2025",1015,0
2024-04-30,9Q4xPCkGLyg,Waste Hero Education : Circular Economy,"Aug 7, 2025",1015,0
2024-05-01,9Q4xPCkGLyg,Waste Hero Education : Circular Economy,"Aug 7, 2025",1015,0
2024-05-02,9Q4xPCkGLyg,Waste Hero Education : Circular Economy,"Aug 7, 2025",1015,0
2024-05-03,9Q4xPCkGLyg,Waste Hero Education : Circular Economy,"Aug 7, 2025",1015,0
2024-05-04,9Q4xPCkGLyg,Waste Hero Education : Circular Economy,"Aug 7, 2025",1015,0
2024-05-05,9Q4xPCkGLyg,Waste Hero Education : Circular Economy,"Aug 7, 2025",1015,0
2024-05-06,9Q4xPCkGLyg,Waste Hero Education : Circular Economy,"Aug 7, 2025",1015,0
2024-05-07,9Q4xPCkGLyg,Waste Hero Education : Circular Economy,"Aug 7, 2025",1015,0
2024-05-08,9Q4xPCkGLyg,Waste Hero Education : Circular Economy,"Aug 7, 2025",1015,0
2024-05-09,9Q4xPCkGLyg,Waste Hero Education : Circular Economy,"Aug 7, 2025",1015,0
2024-05-10,9Q4xPCkGLyg,Waste Hero Education : Circular Economy,"Aug 7, 2025",1015,0
2024-05-11,9Q4xPCkGLyg,Waste Hero Education : Circular Economy,"Aug 7, 2025",1015,0
2024-05-12,9Q4xPCkGLyg,Waste Hero Education : Circular Economy,"Aug 7, 2025",1015,0
2024-05-13,9Q4xPCkGLyg,Waste Hero Education : Circular Economy,"Aug 7, 2025",1015,0
2024-05-14,9Q4xPCkGLyg,Waste Hero Education : Circular Economy,"Aug 7, 2025",1015,0
2024-05-15,9Q4xPCkGLyg,Waste Hero Education : Circular Economy,"Aug 7, 2025",1015,0
2024-05-16,9Q4xPCkGLyg,Waste Hero Education : Circular Economy,"Aug 7, 2025",1015,0
2024-05-17,9Q4xPCkGLyg,Waste Hero Education : Circular Economy,"Aug 7, 2025",1015,0
2024-05-18,9Q4xPCkGLyg,Waste Hero Education : Circular Economy,"Aug 7, 2025",1015,0
2024-05-19,9Q4xPCkGLyg,Waste Hero Education : Circular Economy,"Aug 7, 2025",1015,0
2024-05-20,9Q4xPCkGLyg,Waste Hero Education : Circular Economy,"Aug 7, 2025",1015,0
2024-05-21,9Q4xPCkGLyg,Waste Hero Education : Circular Economy,"Aug 7, 2025",1015,0
2024-05-22,9Q4xPCkGLyg,Waste Hero Education : Circular Economy,"Aug 7, 2025",1015,0
2024-05-23,9Q4xPCkGLyg,Waste Hero Education : Circular Economy,"Aug 7, 2025",1015,0
2024-05-24,9Q4xPCkGLyg,Waste Hero Education : Circular Economy,"Aug 7, 2025",1015,0
2024-05-25,9Q4xPCkGLyg,Waste Hero Education : Circular Economy,"Aug 7, 2025",1015,0
2024-05-26,9Q4xPCkGLyg,Waste Hero Education : Circular Economy,"Aug 7, 2025",1015,0
2024-05-27,9Q4xPCkGLyg,Waste Hero Education : Circular Economy,"Aug 7, 2025",1015,0
2024-05-28,9Q4xPCkGLyg,Waste Hero Education : Circular Economy,"Aug 7, 2025",1015,0
2024-05-29,9Q4xPCkGLyg,Waste Hero Education : Circular Economy,"Aug 7, 2025",1015,0
2024-05-30,9Q4xPCkGLyg,Waste Hero Education : Circular Economy,"Aug 7, 2025",1015,0
2024-05-31,9Q4xPCkGLyg,Waste Hero Education : Circular Economy,"Aug 7, 2025",1015,0
2024-06-01,9Q4xPCkGLyg,Waste Hero Education : Circular Economy,"Aug 7, 2025",1015,0
2024-06-02,9Q4xPCkGLyg,Waste Hero Education : Circular Economy,"Aug 7, 2025",1015,0
2024-06-03,9Q4xPCkGLyg,Waste Hero Education : Circular Economy,"Aug 7, 2025",1015,0
2024-06-04,9Q4xPCkGLyg,Waste Hero Education : Circular Economy,"Aug 7, 2025",1015,0
2024-06-05,9Q4xPCkGLyg,Waste Hero Education : Circular Economy,"Aug 7, 2025",1015,0
2024-06-06,9Q4xPCkGLyg,Waste Hero Education : Circular Economy,"Aug 7, 2025",1015,0
2024-06-07,9Q4xPCkGLyg,Waste Hero Education : Circular Economy,"Aug 7, 2025",1015,0
2024-06-08,9Q4xPCkGLyg,Waste Hero Education : Circular Economy,"Aug 7, 2025",1015,0
2024-06-09,9Q4xPCkGLyg,Waste Hero Education : Circular Economy,"Aug 7, 2025",1015,0
2024-06-10,9Q4xPCkGLyg,Waste Hero Education : Circular Economy,"Aug 7, 2025",1015,0
2024-06-11,9Q4xPCkGLyg,Waste Hero Education : Circular Economy,"Aug 7, 2025",1015,0
2024-06-12,9Q4xPCkGLyg,Waste Hero Education : Circular Economy,"Aug 7, 2025",1015,0
2024-06-13,9Q4xPCkGLyg,Waste Hero Education : Circular Economy,"Aug 7, 2025",1015,0
2024-06-14,9Q4xPCkGLyg,Waste Hero Education : Circular Economy,"Aug 7, 2025",1015,0
2024-06-15,9Q4xPCkGLyg,Waste Hero Education : Circular Economy,"Aug 7, 2025",1015,0
2024-06-16,9Q4xPCkGLyg,Waste Hero Education : Circular Economy,"Aug 7, 2025",1015,0
2024-06-17,9Q4xPCkGLyg,Waste Hero Education : Circular Economy,"Aug 7, 2025",1015,0
2024-06-18,9Q4xPCkGLyg,Waste Hero Education : Circular Economy,"Aug 7, 2025",1015,0
2024-06-19,9Q4xPCkGLyg,Waste Hero Education : Circular Economy,"Aug 7, 2025",1015,0
2024-06-20,9Q4xPCkGLyg,Waste Hero Education : Circular Economy,"Aug 7, 2025",1015,0
2024-06-21,9Q4xPCkGLyg,Waste Hero Education : Circular Economy,"Aug 7, 2025",1015,0
2024-06-22,9Q4xPCkGLyg,Waste Hero Education : Circular Economy,"Aug 7, 2025",1015,0
2024-06-23,9Q4xPCkGLyg,Waste Hero Education : Circular Economy,"Aug 7, 2025",1015,0
2024-06-24,9Q4xPCkGLyg,Waste Hero Education : Circular Economy,"Aug 7, 2025",1015,0
2024-06-25,9Q4xPCkGLyg,Waste Hero Education : Circular Economy,"Aug 7, 2025",1015,0
2024-06-26,9Q4xPCkGLyg,Waste Hero Education : Circular Economy,"Aug 7, 2025",1015,0
2024-06-27,9Q4xPCkGLyg,Waste Hero Education : Circular Economy,"Aug 7, 2025",1015,0
2024-06-28,9Q4xPCkGLyg,Waste Hero Education : Circular Economy,"Aug 7, 2025",1015,0
2024-06-29,9Q4xPCkGLyg,Waste Hero Education : Circular Economy,"Aug 7, 2025",1015,0
2024-06-30,9Q4xPCkGLyg,Waste Hero Education : Circular Economy,"Aug 7, 2025",1015,0
2024-07-01,9Q4xPCkGLyg,Waste Hero Education : Circular Economy,"Aug 7, 2025",1015,0
2024-07-02,9Q4xPCkGLyg,Waste Hero Education : Circular Economy,"Aug 7, 2025",1015,0
2024-07-03,9Q4xPCkGLyg,Waste Hero Education : Circular Economy,"Aug 7, 2025",1015,0
2024-07-04,9Q4xPCkGLyg,Waste Hero Education : Circular Economy,"Aug 7, 2025",1015,0
2024-07-05,9Q4xPCkGLyg,Waste Hero Education : Circular Economy,"Aug 7, 2025",1015,0
2024-07-06,9Q4xPCkGLyg,Waste Hero Education : Circular Economy,"Aug 7, 2025",1015,0
2024-07-07,9Q4xPCkGLyg,Waste Hero Education : Circular Economy,"Aug 7, 2025",1015,0
2024-07-08,9Q4xPCkGLyg,Waste Hero Education : Circular Economy,"Aug 7, 2025",1015,0
2024-07-09,9Q4xPCkGLyg,Waste Hero Education : Circular Economy,"Aug 7, 2025",1015,0
2024-07-10,9Q4xPCkGLyg,Waste Hero Education : Circular Economy,"Aug 7, 2025",1015,0
2024-07-11,9Q4xPCkGLyg,Waste Hero Education : Circular Economy,"Aug 7, 2025",1015,0
2024-07-12,9Q4xPCkGLyg,Waste Hero Education : Circular Economy,"Aug 7, 2025",1015,0
2024-07-13,9Q4xPCkGLyg,Waste Hero Education : Circular Economy,"Aug 7, 2025",1015,0
2024-07-14,9Q4xPCkGLyg,Waste Hero Education : Circular Economy,"Aug 7, 2025",1015,0
2024-07-15,9Q4xPCkGLyg,Waste Hero Education : Circular Economy,"Aug 7, 2025",1015,0
2024-07-16,9Q4xPCkGLyg,Waste Hero Education : Circular Economy,"Aug 7, 2025",1015,0
2024-07-17,9Q4xPCkGLyg,Waste Hero Education : Circular Economy,"Aug 7, 2025",1015,0
2024-07-18,9Q4xPCkGLyg,Waste Hero Education : Circular Economy,"Aug 7, 2025",1015,0
2024-07-19,9Q4xPCkGLyg,Waste Hero Education : Circular Economy,"Aug 7, 2025",1015,0
2024-07-20,9Q4xPCkGLyg,Waste Hero Education : Circular Economy,"Aug 7, 2025",1015,0
2024-07-21,9Q4xPCkGLyg,Waste Hero Education : Circular Economy,"Aug 7, 2025",1015,0
2024-07-22,9Q4xPCkGLyg,Waste Hero Education : Circular Economy,"Aug 7, 2025",1015,0
2024-07-23,9Q4xPCkGLyg,Waste Hero Education : Circular Economy,"Aug 7, 2025",1015,0
2024-07-24,9Q4xPCkGLyg,Waste Hero Education : Circular Economy,"Aug 7, 2025",1015,0
2024-07-25,9Q4xPCkGLyg,Waste Hero Education : Circular Economy,"Aug 7, 2025",1015,0
2024-07-26,9Q4xPCkGLyg,Waste Hero Education : Circular Economy,"Aug 7, 2025",1015,0
2024-07-27,9Q4xPCkGLyg,Waste Hero Education : Circular Economy,"Aug 7, 2025",1015,0
2024-07-28,9Q4xPCkGLyg,Waste Hero Education : Circular Economy,"Aug 7, 2025",1015,0
2024-07-29,9Q4xPCkGLyg,Waste Hero Education : Circular Economy,"Aug 7, 2025",1015,0
2024-07-30,9Q4xPCkGLyg,Waste Hero Education : Circular Economy,"Aug 7, 2025",1015,0
2024-07-31,9Q4xPCkGLyg,Waste Hero Education : Circular Economy,"Aug 7, 2025",1015,0
2024-08-01,9Q4xPCkGLyg,Waste Hero Education : Circular Economy,"Aug 7, 2025",1015,0
2024-08-02,9Q4xPCkGLyg,Waste Hero Education : Circular Economy,"Aug 7, 2025",1015,0
2024-08-03,9Q4xPCkGLyg,Waste Hero Education : Circular Economy,"Aug 7, 2025",1015,0
2024-08-04,9Q4xPCkGLyg,Waste Hero Education : Circular Economy,"Aug 7, 2025",1015,0
2024-08-05,9Q4xPCkGLyg,Waste Hero Education : Circular Economy,"Aug 7, 2025",1015,0
2024-08-06,9Q4xPCkGLyg,Waste Hero Education : Circular Economy,"Aug 7, 2025",1015,0
2024-08-07,9Q4xPCkGLyg,Waste Hero Education : Circular Economy,"Aug 7, 2025",1015,0
2024-08-08,9Q4xPCkGLyg,Waste Hero Education : Circular Economy,"Aug 7, 2025",1015,0
2024-08-09,9Q4xPCkGLyg,Waste Hero Education : Circular Economy,"Aug 7, 2025",1015,0
2024-08-10,9Q4xPCkGLyg,Waste Hero Education : Circular Economy,"Aug 7, 2025",1015,0
2024-08-11,9Q4xPCkGLyg,Waste Hero Education : Circular Economy,"Aug 7, 2025",1015,0
2024-08-12,9Q4xPCkGLyg,Waste Hero Education : Circular Economy,"Aug 7, 2025",1015,0
2024-08-13,9Q4xPCkGLyg,Waste Hero Education : Circular Economy,"Aug 7, 2025",1015,0
2024-08-14,9Q4xPCkGLyg,Waste Hero Education : Circular Economy,"Aug 7, 2025",1015,0
2024-08-15,9Q4xPCkGLyg,Waste Hero Education : Circular Economy,"Aug 7, 2025",1015,0
2024-08-16,9Q4xPCkGLyg,Waste Hero Education : Circular Economy,"Aug 7, 2025",1015,0
2024-08-17,9Q4xPCkGLyg,Waste Hero Education : Circular Economy,"Aug 7, 2025",1015,0
2024-08-18,9Q4xPCkGLyg,Waste Hero Education : Circular Economy,"Aug 7, 2025",1015,0
2024-08-19,9Q4xPCkGLyg,Waste Hero Education : Circular Economy,"Aug 7, 2025",1015,0
2024-08-20,9Q4xPCkGLyg,Waste Hero Education : Circular Economy,"Aug 7, 2025",1015,0
2024-08-21,9Q4xPCkGLyg,Waste Hero Education : Circular Economy,"Aug 7, 2025",1015,0
2024-08-22,9Q4xPCkGLyg,Waste Hero Education : Circular Economy,"Aug 7, 2025",1015,0
2024-08-23,9Q4xPCkGLyg,Waste Hero Education : Circular Economy,"Aug 7, 2025",1015,0
2024-08-24,9Q4xPCkGLyg,Waste Hero Education : Circular Economy,"Aug 7, 2025",1015,0
2024-08-25,9Q4xPCkGLyg,Waste Hero Education : Circular Economy,"Aug 7, 2025",1015,0
2024-08-26,9Q4xPCkGLyg,Waste Hero Education : Circular Economy,"Aug 7, 2025",1015,0
2024-08-27,9Q4xPCkGLyg,Waste Hero Education : Circular Economy,"Aug 7, 2025",1015,0
2024-08-28,9Q4xPCkGLyg,Waste Hero Education : Circular Economy,"Aug 7, 2025",1015,0
2024-08-29,9Q4xPCkGLyg,Waste Hero Education : Circular Economy,"Aug 7, 2025",1015,0
2024-08-30,9Q4xPCkGLyg,Waste Hero Education : Circular Economy,"Aug 7, 2025",1015,0
2024-08-31,9Q4xPCkGLyg,Waste Hero Education : Circular Economy,"Aug 7, 2025",1015,0
2024-09-01,9Q4xPCkGLyg,Waste Hero Education : Circular Economy,"Aug 7, 2025",1015,0
2024-09-02,9Q4xPCkGLyg,Waste Hero Education : Circular Economy,"Aug 7, 2025",1015,0
2024-09-03,9Q4xPCkGLyg,Waste Hero Education : Circular Economy,"Aug 7, 2025",1015,0
2024-09-04,9Q4xPCkGLyg,Waste Hero Education : Circular Economy,"Aug 7, 2025",1015,0
2024-09-05,9Q4xPCkGLyg,Waste Hero Education : Circular Economy,"Aug 7, 2025",1015,0
2024-09-06,9Q4xPCkGLyg,Waste Hero Education : Circular Economy,"Aug 7, 2025",1015,0
2024-09-07,9Q4xPCkGLyg,Waste Hero Education : Circular Economy,"Aug 7, 2025",1015,0
2024-09-08,9Q4xPCkGLyg,Waste Hero Education : Circular Economy,"Aug 7, 2025",1015,0
2024-09-09,9Q4xPCkGLyg,Waste Hero Education : Circular Economy,"Aug 7, 2025",1015,0
2024-09-10,9Q4xPCkGLyg,Waste Hero Education : Circular Economy,"Aug 7, 2025",1015,0
2024-09-11,9Q4xPCkGLyg,Waste Hero Education : Circular Economy,"Aug 7, 2025",1015,0
2024-09-12,9Q4xPCkGLyg,Waste Hero Education : Circular Economy,"Aug 7, 2025",1015,0
2024-09-13,9Q4xPCkGLyg,Waste Hero Education : Circular Economy,"Aug 7, 2025",1015,0
2024-09-14,9Q4xPCkGLyg,Waste Hero Education : Circular Economy,"Aug 7, 2025",1015,0
2024-09-15,9Q4xPCkGLyg,Waste Hero Education : Circular Economy,"Aug 7, 2025",1015,0
2024-09-16,9Q4xPCkGLyg,Waste Hero Education : Circular Economy,"Aug 7, 2025",1015,0
2024-09-17,9Q4xPCkGLyg,Waste Hero Education : Circular Economy,"Aug 7, 2025",1015,0
2024-09-18,9Q4xPCkGLyg,Waste Hero Education : Circular Economy,"Aug 7, 2025",1015,0
2024-09-19,9Q4xPCkGLyg,Waste Hero Education : Circular Economy,"Aug 7, 2025",1015,0
2024-09-20,9Q4xPCkGLyg,Waste Hero Education : Circular Economy,"Aug 7, 2025",1015,0
2024-09-21,9Q4xPCkGLyg,Waste Hero Education : Circular Economy,"Aug 7, 2025",1015,0
2024-09-22,9Q4xPCkGLyg,Waste Hero Education : Circular Economy,"Aug 7, 2025",1015,0
2024-09-23,9Q4xPCkGLyg,Waste Hero Education : Circular Economy,"Aug 7, 2025",1015,0
2024-09-24,9Q4xPCkGLyg,Waste Hero Education : Circular Economy,"Aug 7, 2025",1015,0
2024-09-25,9Q4xPCkGLyg,Waste Hero Education : Circular Economy,"Aug 7, 2025",1015,0
2024-09-26,9Q4xPCkGLyg,Waste Hero Education : Circular Economy,"Aug 7, 2025",1015,0
2024-09-27,9Q4xPCkGLyg,Waste Hero Education : Circular Economy,"Aug 7, 2025",1015,0
2024-09-28,9Q4xPCkGLyg,Waste Hero Education : Circular Economy,"Aug 7, 2025",1015,0
2024-09-29,9Q4xPCkGLyg,Waste Hero Education : Circular Economy,"Aug 7, 2025",1015,0
2024-09-30,9Q4xPCkGLyg,Waste Hero Education : Circular Economy,"Aug 7, 2025",1015,0
2024-10-01,9Q4xPCkGLyg,Waste Hero Education : Circular Economy,"Aug 7, 2025",1015,0
2024-10-02,9Q4xPCkGLyg,Waste Hero Education : Circular Economy,"Aug 7, 2025",1015,0
2024-10-03,9Q4xPCkGLyg,Waste Hero Education : Circular Economy,"Aug 7, 2025",1015,0
2024-10-04,9Q4xPCkGLyg,Waste Hero Education : Circular Economy,"Aug 7, 2025",1015,0
2024-10-05,9Q4xPCkGLyg,Waste Hero Education : Circular Economy,"Aug 7, 2025",1015,0
2024-10-06,9Q4xPCkGLyg,Waste Hero Education : Circular Economy,"Aug 7, 2025",1015,0
2024-10-07,9Q4xPCkGLyg,Waste Hero Education : Circular Economy,"Aug 7, 2025",1015,0
2024-10-08,9Q4xPCkGLyg,Waste Hero Education : Circular Economy,"Aug 7, 2025",1015,0
2024-10-09,9Q4xPCkGLyg,Waste Hero Education : Circular Economy,"Aug 7, 2025",1015,0
2024-10-10,9Q4xPCkGLyg,Waste Hero Education : Circular Economy,"Aug 7, 2025",1015,0
2024-10-11,9Q4xPCkGLyg,Waste Hero Education : Circular Economy,"Aug 7, 2025",1015,0
2024-10-12,9Q4xPCkGLyg,Waste Hero Education : Circular Economy,"Aug 7, 2025",1015,0
2024-10-13,9Q4xPCkGLyg,Waste Hero Education : Circular Economy,"Aug 7, 2025",1015,0
2024-10-14,9Q4xPCkGLyg,Waste Hero Education : Circular Economy,"Aug 7, 2025",1015,0
2024-10-15,9Q4xPCkGLyg,Waste Hero Education : Circular Economy,"Aug 7, 2025",1015,0
2024-10-16,9Q4xPCkGLyg,Waste Hero Education : Circular Economy,"Aug 7, 2025",1015,0
2024-10-17,9Q4xPCkGLyg,Waste Hero Education : Circular Economy,"Aug 7, 2025",1015,0
2024-10-18,9Q4xPCkGLyg,Waste Hero Education : Circular Economy,"Aug 7, 2025",1015,0
2024-10-19,9Q4xPCkGLyg,Waste Hero Education : Circular Economy,"Aug 7, 2025",1015,0
2024-10-20,9Q4xPCkGLyg,Waste Hero Education : Circular Economy,"Aug 7, 2025",1015,0
2024-10-21,9Q4xPCkGLyg,Waste Hero Education : Circular Economy,"Aug 7, 2025",1015,0
2024-10-22,9Q4xPCkGLyg,Waste Hero Education : Circular Economy,"Aug 7, 2025",1015,0
2024-10-23,9Q4xPCkGLyg,Waste Hero Education : Circular Economy,"Aug 7, 2025",1015,0
2024-10-24,9Q4xPCkGLyg,Waste Hero Education : Circular Economy,"Aug 7, 2025",1015,0
2024-10-25,9Q4xPCkGLyg,Waste Hero Education : Circular Economy,"Aug 7, 2025",1015,0
2024-10-26,9Q4xPCkGLyg,Waste Hero Education : Circular Economy,"Aug 7, 2025",1015,0
2024-10-27,9Q4xPCkGLyg,Waste Hero Education : Circular Economy,"Aug 7, 2025",1015,0
2024-10-28,9Q4xPCkGLyg,Waste Hero Education : Circular Economy,"Aug 7, 2025",1015,0
2024-10-29,9Q4xPCkGLyg,Waste Hero Education : Circular Economy,"Aug 7, 2025",1015,0
2024-10-30,9Q4xPCkGLyg,Waste Hero Education : Circular Economy,"Aug 7, 2025",1015,0
2024-10-31,9Q4xPCkGLyg,Waste Hero Education : Circular Economy,"Aug 7, 2025",1015,0
2024-11-01,9Q4xPCkGLyg,Waste Hero Education : Circular Economy,"Aug 7, 2025",1015,0
2024-11-02,9Q4xPCkGLyg,Waste Hero Education : Circular Economy,"Aug 7, 2025",1015,0
2024-11-03,9Q4xPCkGLyg,Waste Hero Education : Circular Economy,"Aug 7, 2025",1015,0
2024-11-04,9Q4xPCkGLyg,Waste Hero Education : Circular Economy,"Aug 7, 2025",1015,0
2024-11-05,9Q4xPCkGLyg,Waste Hero Education : Circular Economy,"Aug 7, 2025",1015,0
2024-11-06,9Q4xPCkGLyg,Waste Hero Education : Circular Economy,"Aug 7, 2025",1015,0
2024-11-07,9Q4xPCkGLyg,Waste Hero Education : Circular Economy,"Aug 7, 2025",1015,0
2024-11-08,9Q4xPCkGLyg,Waste Hero Education : Circular Economy,"Aug 7, 2025",1015,0
2024-11-09,9Q4xPCkGLyg,Waste Hero Education : Circular Economy,"Aug 7, 2025",1015,0
2024-11-10,9Q4xPCkGLyg,Waste Hero Education : Circular Economy,"Aug 7, 2025",1015,0
2024-11-11,9Q4xPCkGLyg,Waste Hero Education : Circular Economy,"Aug 7, 2025",1015,0
2024-11-12,9Q4xPCkGLyg,Waste Hero Education : Circular Economy,"Aug 7, 2025",1015,0
2024-11-13,9Q4xPCkGLyg,Waste Hero Education : Circular Economy,"Aug 7, 2025",1015,0
2024-11-14,9Q4xPCkGLyg,Waste Hero Education : Circular Economy,"Aug 7, 2025",1015,0
2024-11-15,9Q4xPCkGLyg,Waste Hero Education : Circular Economy,"Aug 7, 2025",1015,0
2024-11-16,9Q4xPCkGLyg,Waste Hero Education : Circular Economy,"Aug 7, 2025",1015,0
2024-11-17,9Q4xPCkGLyg,Waste Hero Education : Circular Economy,"Aug 7, 2025",1015,0
2024-11-18,9Q4xPCkGLyg,Waste Hero Education : Circular Economy,"Aug 7, 2025",1015,0
2024-11-19,9Q4xPCkGLyg,Waste Hero Education : Circular Economy,"Aug 7, 2025",1015,0
2024-11-20,9Q4xPCkGLyg,Waste Hero Education : Circular Economy,"Aug 7, 2025",1015,0
2024-11-21,9Q4xPCkGLyg,Waste Hero Education : Circular Economy,"Aug 7, 2025",1015,0
2024-11-22,9Q4xPCkGLyg,Waste Hero Education : Circular Economy,"Aug 7, 2025",1015,0
2024-11-23,9Q4xPCkGLyg,Waste Hero Education : Circular Economy,"Aug 7, 2025",1015,0
2024-11-24,9Q4xPCkGLyg,Waste Hero Education : Circular Economy,"Aug 7, 2025",1015,0
2024-11-25,9Q4xPCkGLyg,Waste Hero Education : Circular Economy,"Aug 7, 2025",1015,0
2024-11-26,9Q4xPCkGLyg,Waste Hero Education : Circular Economy,"Aug 7, 2025",1015,0
2024-11-27,9Q4xPCkGLyg,Waste Hero Education : Circular Economy,"Aug 7, 2025",1015,0
2024-11-28,9Q4xPCkGLyg,Waste Hero Education : Circular Economy,"Aug 7, 2025",1015,0
2024-11-29,9Q4xPCkGLyg,Waste Hero Education : Circular Economy,"Aug 7, 2025",1015,0
2024-11-30,9Q4xPCkGLyg,Waste Hero Education : Circular Economy,"Aug 7, 2025",1015,0
2024-12-01,9Q4xPCkGLyg,Waste Hero Education : Circular Economy,"Aug 7, 2025",1015,0
2024-12-02,9Q4xPCkGLyg,Waste Hero Education : Circular Economy,"Aug 7, 2025",1015,0
2024-12-03,9Q4xPCkGLyg,Waste Hero Education : Circular Economy,"Aug 7, 2025",1015,0
2024-12-04,9Q4xPCkGLyg,Waste Hero Education : Circular Economy,"Aug 7, 2025",1015,0
2024-12-05,9Q4xPCkGLyg,Waste Hero Education : Circular Economy,"Aug 7, 2025",1015,0
2024-12-06,9Q4xPCkGLyg,Waste Hero Education : Circular Economy,"Aug 7, 2025",1015,0
2024-12-07,9Q4xPCkGLyg,Waste Hero Education : Circular Economy,"Aug 7, 2025",1015,0
2024-12-08,9Q4xPCkGLyg,Waste Hero Education : Circular Economy,"Aug 7, 2025",1015,0
2024-12-09,9Q4xPCkGLyg,Waste Hero Education : Circular Economy,"Aug 7, 2025",1015,0
2024-12-10,9Q4xPCkGLyg,Waste Hero Education : Circular Economy,"Aug 7, 2025",1015,0
2024-12-11,9Q4xPCkGLyg,Waste Hero Education : Circular Economy,"Aug 7, 2025",1015,0
2024-12-12,9Q4xPCkGLyg,Waste Hero Education : Circular Economy,"Aug 7, 2025",1015,0
2024-12-13,9Q4xPCkGLyg,Waste Hero Education : Circular Economy,"Aug 7, 2025",1015,0
2024-12-14,9Q4xPCkGLyg,Waste Hero Education : Circular Economy,"Aug 7, 2025",1015,0
2024-12-15,9Q4xPCkGLyg,Waste Hero Education : Circular Economy,"Aug 7, 2025",1015,0
2024-12-16,9Q4xPCkGLyg,Waste Hero Education : Circular Economy,"Aug 7, 2025",1015,0
2024-12-17,9Q4xPCkGLyg,Waste Hero Education : Circular Economy,"Aug 7, 2025",1015,0
2024-12-18,9Q4xPCkGLyg,Waste Hero Education : Circular Economy,"Aug 7, 2025",1015,0
2024-12-19,9Q4xPCkGLyg,Waste Hero Education : Circular Economy,"Aug 7, 2025",1015,0
2024-12-20,9Q4xPCkGLyg,Waste Hero Education : Circular Economy,"Aug 7, 2025",1015,0
2024-12-21,9Q4xPCkGLyg,Waste Hero Education : Circular Economy,"Aug 7, 2025",1015,0
2024-12-22,9Q4xPCkGLyg,Waste Hero Education : Circular Economy,"Aug 7, 2025",1015,0
2024-12-23,9Q4xPCkGLyg,Waste Hero Education : Circular Economy,"Aug 7, 2025",1015,0
2024-12-24,9Q4xPCkGLyg,Waste Hero Education : Circular Economy,"Aug 7, 2025",1015,0
2024-12-25,9Q4xPCkGLyg,Waste Hero Education : Circular Economy,"Aug 7, 2025",1015,0
2024-12-26,9Q4xPCkGLyg,Waste Hero Education : Circular Economy,"Aug 7, 2025",1015,0
2024-12-27,9Q4xPCkGLyg,Waste Hero Education : Circular Economy,"Aug 7, 2025",1015,0
2024-12-28,9Q4xPCkGLyg,Waste Hero Education : Circular Economy,"Aug 7, 2025",1015,0
2024-12-29,9Q4xPCkGLyg,Waste Hero Education : Circular Economy,"Aug 7, 2025",1015,0
2024-12-30,9Q4xPCkGLyg,Waste Hero Education : Circular Economy,"Aug 7, 2025",1015,0
2024-12-31,9Q4xPCkGLyg,Waste Hero Education : Circular Economy,"Aug 7, 2025",1015,0
2025-01-01,9Q4xPCkGLyg,Waste Hero Education : Circular Economy,"Aug 7, 2025",1015,0
2025-01-02,9Q4xPCkGLyg,Waste Hero Education : Circular Economy,"Aug 7, 2025",1015,0
2025-01-03,9Q4xPCkGLyg,Waste Hero Education : Circular Economy,"Aug 7, 2025",1015,0
2025-01-04,9Q4xPCkGLyg,Waste Hero Education : Circular Economy,"Aug 7, 2025",1015,0
2025-01-05,9Q4xPCkGLyg,Waste Hero Education : Circular Economy,"Aug 7, 2025",1015,0
2025-01-06,9Q4xPCkGLyg,Waste Hero Education : Circular Economy,"Aug 7, 2025",1015,0
2025-01-07,9Q4xPCkGLyg,Waste Hero Education : Circular Economy,"Aug 7, 2025",1015,0
2025-01-08,9Q4xPCkGLyg,Waste Hero Education : Circular Economy,"Aug 7, 2025",1015,0
2025-01-09,9Q4xPCkGLyg,Waste Hero Education : Circular Economy,"Aug 7, 2025",1015,0
2025-01-10,9Q4xPCkGLyg,Waste Hero Education : Circular Economy,"Aug 7, 2025",1015,0
2025-01-11,9Q4xPCkGLyg,Waste Hero Education : Circular Economy,"Aug 7, 2025",1015,0
2025-01-12,9Q4xPCkGLyg,Waste Hero Education : Circular Economy,"Aug 7, 2025",1015,0
2025-01-13,9Q4xPCkGLyg,Waste Hero Education : Circular Economy,"Aug 7, 2025",1015,0
2025-01-14,9Q4xPCkGLyg,Waste Hero Education : Circular Economy,"Aug 7, 2025",1015,0
2025-01-15,9Q4xPCkGLyg,Waste Hero Education : Circular Economy,"Aug 7, 2025",1015,0
2025-01-16,9Q4xPCkGLyg,Waste Hero Education : Circular Economy,"Aug 7, 2025",1015,0
2025-01-17,9Q4xPCkGLyg,Waste Hero Education : Circular Economy,"Aug 7, 2025",1015,0
2025-01-18,9Q4xPCkGLyg,Waste Hero Education : Circular Economy,"Aug 7, 2025",1015,0
2025-01-19,9Q4xPCkGLyg,Waste Hero Education : Circular Economy,"Aug 7, 2025",1015,0
2025-01-20,9Q4xPCkGLyg,Waste Hero Education : Circular Economy,"Aug 7, 2025",1015,0
2025-01-21,9Q4xPCkGLyg,Waste Hero Education : Circular Economy,"Aug 7, 2025",1015,0
2025-01-22,9Q4xPCkGLyg,Waste Hero Education : Circular Economy,"Aug 7, 2025",1015,0
2025-01-23,9Q4xPCkGLyg,Waste Hero Education : Circular Economy,"Aug 7, 2025",1015,0
2025-01-24,9Q4xPCkGLyg,Waste Hero Education : Circular Economy,"Aug 7, 2025",1015,0
2025-01-25,9Q4xPCkGLyg,Waste Hero Education : Circular Economy,"Aug 7, 2025",1015,0
2025-01-26,9Q4xPCkGLyg,Waste Hero Education : Circular Economy,"Aug 7, 2025",1015,0
2025-01-27,9Q4xPCkGLyg,Waste Hero Education : Circular Economy,"Aug 7, 2025",1015,0
2025-01-28,9Q4xPCkGLyg,Waste Hero Education : Circular Economy,"Aug 7, 2025",1015,0
2025-01-29,9Q4xPCkGLyg,Waste Hero Education : Circular Economy,"Aug 7, 2025",1015,0
2025-01-30,9Q4xPCkGLyg,Waste Hero Education : Circular Economy,"Aug 7, 2025",1015,0
2025-01-31,9Q4xPCkGLyg,Waste Hero Education : Circular Economy,"Aug 7, 2025",1015,0
2025-02-01,9Q4xPCkGLyg,Waste Hero Education : Circular Economy,"Aug 7, 2025",1015,0
2025-02-02,9Q4xPCkGLyg,Waste Hero Education : Circular Economy,"Aug 7, 2025",1015,0
2025-02-03,9Q4xPCkGLyg,Waste Hero Education : Circular Economy,"Aug 7, 2025",1015,0
2025-02-04,9Q4xPCkGLyg,Waste Hero Education : Circular Economy,"Aug 7, 2025",1015,0
2025-02-05,9Q4xPCkGLyg,Waste Hero Education : Circular Economy,"Aug 7, 2025",1015,0
2025-02-06,9Q4xPCkGLyg,Waste Hero Education : Circular Economy,"Aug 7, 2025",1015,0
2025-02-07,9Q4xPCkGLyg,Waste Hero Education : Circular Economy,"Aug 7, 2025",1015,0
2025-02-08,9Q4xPCkGLyg,Waste Hero Education : Circular Economy,"Aug 7, 2025",1015,0
2025-02-09,9Q4xPCkGLyg,Waste Hero Education : Circular Economy,"Aug 7, 2025",1015,0
2025-02-10,9Q4xPCkGLyg,Waste Hero Education : Circular Economy,"Aug 7, 2025",1015,0
2025-02-11,9Q4xPCkGLyg,Waste Hero Education : Circular Economy,"Aug 7, 2025",1015,0
2025-02-12,9Q4xPCkGLyg,Waste Hero Education : Circular Economy,"Aug 7, 2025",1015,0
2025-02-13,9Q4xPCkGLyg,Waste Hero Education : Circular Economy,"Aug 7, 2025",1015,0
2025-02-14,9Q4xPCkGLyg,Waste Hero Education : Circular Economy,"Aug 7, 2025",1015,0
2025-02-15,9Q4xPCkGLyg,Waste Hero Education : Circular Economy,"Aug 7, 2025",1015,0
2025-02-16,9Q4xPCkGLyg,Waste Hero Education : Circular Economy,"Aug 7, 2025",1015,0
2025-02-17,9Q4xPCkGLyg,Waste Hero Education : Circular Economy,"Aug 7, 2025",1015,0
2025-02-18,9Q4xPCkGLyg,Waste Hero Education : Circular Economy,"Aug 7, 2025",1015,0
2025-02-19,9Q4xPCkGLyg,Waste Hero Education : Circular Economy,"Aug 7, 2025",1015,0
2025-02-20,9Q4xPCkGLyg,Waste Hero Education : Circular Economy,"Aug 7, 2025",1015,0
2025-02-21,9Q4xPCkGLyg,Waste Hero Education : Circular Economy,"Aug 7, 2025",1015,0
2025-02-22,9Q4xPCkGLyg,Waste Hero Education : Circular Economy,"Aug 7, 2025",1015,0
2025-02-23,9Q4xPCkGLyg,Waste Hero Education : Circular Economy,"Aug 7, 2025",1015,0
2025-02-24,9Q4xPCkGLyg,Waste Hero Education : Circular Economy,"Aug 7, 2025",1015,0
2025-02-25,9Q4xPCkGLyg,Waste Hero Education : Circular Economy,"Aug 7, 2025",1015,0
2025-02-26,9Q4xPCkGLyg,Waste Hero Education : Circular Economy,"Aug 7, 2025",1015,0
2025-02-27,9Q4xPCkGLyg,Waste Hero Education : Circular Economy,"Aug 7, 2025",1015,0
2025-02-28,9Q4xPCkGLyg,Waste Hero Education : Circular Economy,"Aug 7, 2025",1015,0
2025-03-01,9Q4xPCkGLyg,Waste Hero Education : Circular Economy,"Aug 7, 2025",1015,0
2025-03-02,9Q4xPCkGLyg,Waste Hero Education : Circular Economy,"Aug 7, 2025",1015,0
2025-03-03,9Q4xPCkGLyg,Waste Hero Education : Circular Economy,"Aug 7, 2025",1015,0
2025-03-04,9Q4xPCkGLyg,Waste Hero Education : Circular Economy,"Aug 7, 2025",1015,0
2025-03-05,9Q4xPCkGLyg,Waste Hero Education : Circular Economy,"Aug 7, 2025",1015,0
2025-03-06,9Q4xPCkGLyg,Waste Hero Education : Circular Economy,"Aug 7, 2025",1015,0
2025-03-07,9Q4xPCkGLyg,Waste Hero Education : Circular Economy,"Aug 7, 2025",1015,0
2025-03-08,9Q4xPCkGLyg,Waste Hero Education : Circular Economy,"Aug 7, 2025",1015,0
2025-03-09,9Q4xPCkGLyg,Waste Hero Education : Circular Economy,"Aug 7, 2025",1015,0
2025-03-10,9Q4xPCkGLyg,Waste Hero Education : Circular Economy,"Aug 7, 2025",1015,0
2025-03-11,9Q4xPCkGLyg,Waste Hero Education : Circular Economy,"Aug 7, 2025",1015,0
2025-03-12,9Q4xPCkGLyg,Waste Hero Education : Circular Economy,"Aug 7, 2025",1015,0
2025-03-13,9Q4xPCkGLyg,Waste Hero Education : Circular Economy,"Aug 7, 2025",1015,0
2025-03-14,9Q4xPCkGLyg,Waste Hero Education : Circular Economy,"Aug 7, 2025",1015,0
2025-03-15,9Q4xPCkGLyg,Waste Hero Education : Circular Economy,"Aug 7, 2025",1015,0
2025-03-16,9Q4xPCkGLyg,Waste Hero Education : Circular Economy,"Aug 7, 2025",1015,0
2025-03-17,9Q4xPCkGLyg,Waste Hero Education : Circular Economy,"Aug 7, 2025",1015,0
2025-03-18,9Q4xPCkGLyg,Waste Hero Education : Circular Economy,"Aug 7, 2025",1015,0
2025-03-19,9Q4xPCkGLyg,Waste Hero Education : Circular Economy,"Aug 7, 2025",1015,0
2025-03-20,9Q4xPCkGLyg,Waste Hero Education : Circular Economy,"Aug 7, 2025",1015,0
2025-03-21,9Q4xPCkGLyg,Waste Hero Education : Circular Economy,"Aug 7, 2025",1015,0
2025-03-22,9Q4xPCkGLyg,Waste Hero Education : Circular Economy,"Aug 7, 2025",1015,0
2025-03-23,9Q4xPCkGLyg,Waste Hero Education : Circular Economy,"Aug 7, 2025",1015,0
2025-03-24,9Q4xPCkGLyg,Waste Hero Education : Circular Economy,"Aug 7, 2025",1015,0
2025-03-25,9Q4xPCkGLyg,Waste Hero Education : Circular Economy,"Aug 7, 2025",1015,0
2025-03-26,9Q4xPCkGLyg,Waste Hero Education : Circular Economy,"Aug 7, 2025",1015,0
2025-03-27,9Q4xPCkGLyg,Waste Hero Education : Circular Economy,"Aug 7, 2025",1015,0
2025-03-28,9Q4xPCkGLyg,Waste Hero Education : Circular Economy,"Aug 7, 2025",1015,0
2025-03-29,9Q4xPCkGLyg,Waste Hero Education : Circular Economy,"Aug 7, 2025",1015,0
2025-03-30,9Q4xPCkGLyg,Waste Hero Education : Circular Economy,"Aug 7, 2025",1015,0
2025-03-31,9Q4xPCkGLyg,Waste Hero Education : Circular Economy,"Aug 7, 2025",1015,0
2025-04-01,9Q4xPCkGLyg,Waste Hero Education : Circular Economy,"Aug 7, 2025",1015,0
2025-04-02,9Q4xPCkGLyg,Waste Hero Education : Circular Economy,"Aug 7, 2025",1015,0
2025-04-03,9Q4xPCkGLyg,Waste Hero Education : Circular Economy,"Aug 7, 2025",1015,0
2025-04-04,9Q4xPCkGLyg,Waste Hero Education : Circular Economy,"Aug 7, 2025",1015,0
2025-04-05,9Q4xPCkGLyg,Waste Hero Education : Circular Economy,"Aug 7, 2025",1015,0
2025-04-06,9Q4xPCkGLyg,Waste Hero Education : Circular Economy,"Aug 7, 2025",1015,0
2025-04-07,9Q4xPCkGLyg,Waste Hero Education : Circular Economy,"Aug 7, 2025",1015,0
2025-04-08,9Q4xPCkGLyg,Waste Hero Education : Circular Economy,"Aug 7, 2025",1015,0
2025-04-09,9Q4xPCkGLyg,Waste Hero Education : Circular Economy,"Aug 7, 2025",1015,0
2025-04-10,9Q4xPCkGLyg,Waste Hero Education : Circular Economy,"Aug 7, 2025",1015,0
2025-04-11,9Q4xPCkGLyg,Waste Hero Education : Circular Economy,"Aug 7, 2025",1015,0
2025-04-12,9Q4xPCkGLyg,Waste Hero Education : Circular Economy,"Aug 7, 2025",1015,0
2025-04-13,9Q4xPCkGLyg,Waste Hero Education : Circular Economy,"Aug 7, 2025",1015,0
2025-04-14,9Q4xPCkGLyg,Waste Hero Education : Circular Economy,"Aug 7, 2025",1015,0
2025-04-15,9Q4xPCkGLyg,Waste Hero Education : Circular Economy,"Aug 7, 2025",1015,0
2025-04-16,9Q4xPCkGLyg,Waste Hero Education : Circular Economy,"Aug 7, 2025",1015,0
2025-04-17,9Q4xPCkGLyg,Waste Hero Education : Circular Economy,"Aug 7, 2025",1015,0
2025-04-18,9Q4xPCkGLyg,Waste Hero Education : Circular Economy,"Aug 7, 2025",1015,0
2025-04-19,9Q4xPCkGLyg,Waste Hero Education : Circular Economy,"Aug 7, 2025",1015,0
2025-04-20,9Q4xPCkGLyg,Waste Hero Education : Circular Economy,"Aug 7, 2025",1015,0
2025-04-21,9Q4xPCkGLyg,Waste Hero Education : Circular Economy,"Aug 7, 2025",1015,0
2025-04-22,9Q4xPCkGLyg,Waste Hero Education : Circular Economy,"Aug 7, 2025",1015,0
2025-04-23,9Q4xPCkGLyg,Waste Hero Education : Circular Economy,"Aug 7, 2025",1015,0
2025-04-24,9Q4xPCkGLyg,Waste Hero Education : Circular Economy,"Aug 7, 2025",1015,0
2025-04-25,9Q4xPCkGLyg,Waste Hero Education : Circular Economy,"Aug 7, 2025",1015,0
2025-04-26,9Q4xPCkGLyg,Waste Hero Education : Circular Economy,"Aug 7, 2025",1015,0
2025-04-27,9Q4xPCkGLyg,Waste Hero Education : Circular Economy,"Aug 7, 2025",1015,0
2025-04-28,9Q4xPCkGLyg,Waste Hero Education : Circular Economy,"Aug 7, 2025",1015,0
2025-04-29,9Q4xPCkGLyg,Waste Hero Education : Circular Economy,"Aug 7, 2025",1015,0
2025-04-30,9Q4xPCkGLyg,Waste Hero Education : Circular Economy,"Aug 7, 2025",1015,0
2025-05-01,9Q4xPCkGLyg,Waste Hero Education : Circular Economy,"Aug 7, 2025",1015,0
2025-05-02,9Q4xPCkGLyg,Waste Hero Education : Circular Economy,"Aug 7, 2025",1015,0
2025-05-03,9Q4xPCkGLyg,Waste Hero Education : Circular Economy,"Aug 7, 2025",1015,0
2025-05-04,9Q4xPCkGLyg,Waste Hero Education : Circular Economy,"Aug 7, 2025",1015,0
2025-05-05,9Q4xPCkGLyg,Waste Hero Education : Circular Economy,"Aug 7, 2025",1015,0
2025-05-06,9Q4xPCkGLyg,Waste Hero Education : Circular Economy,"Aug 7, 2025",1015,0
2025-05-07,9Q4xPCkGLyg,Waste Hero Education : Circular Economy,"Aug 7, 2025",1015,0
2025-05-08,9Q4xPCkGLyg,Waste Hero Education : Circular Economy,"Aug 7, 2025",1015,0
2025-05-09,9Q4xPCkGLyg,Waste Hero Education : Circular Economy,"Aug 7, 2025",1015,0
2025-05-10,9Q4xPCkGLyg,Waste Hero Education : Circular Economy,"Aug 7, 2025",1015,0
2025-05-11,9Q4xPCkGLyg,Waste Hero Education : Circular Economy,"Aug 7, 2025",1015,0
2025-05-12,9Q4xPCkGLyg,Waste Hero Education : Circular Economy,"Aug 7, 2025",1015,0
2025-05-13,9Q4xPCkGLyg,Waste Hero Education : Circular Economy,"Aug 7, 2025",1015,0
2025-05-14,9Q4xPCkGLyg,Waste Hero Education : Circular Economy,"Aug 7, 2025",1015,0
2025-05-15,9Q4xPCkGLyg,Waste Hero Education : Circular Economy,"Aug 7, 2025",1015,0
2025-05-16,9Q4xPCkGLyg,Waste Hero Education : Circular Economy,"Aug 7, 2025",1015,0
2025-05-17,9Q4xPCkGLyg,Waste Hero Education : Circular Economy,"Aug 7, 2025",1015,0
2025-05-18,9Q4xPCkGLyg,Waste Hero Education : Circular Economy,"Aug 7, 2025",1015,0
2025-05-19,9Q4xPCkGLyg,Waste Hero Education : Circular Economy,"Aug 7, 2025",1015,0
2025-05-20,9Q4xPCkGLyg,Waste Hero Education : Circular Economy,"Aug 7, 2025",1015,0
2025-05-21,9Q4xPCkGLyg,Waste Hero Education : Circular Economy,"Aug 7, 2025",1015,0
2025-05-22,9Q4xPCkGLyg,Waste Hero Education : Circular Economy,"Aug 7, 2025",1015,0
2025-05-23,9Q4xPCkGLyg,Waste Hero Education : Circular Economy,"Aug 7, 2025",1015,0
2025-05-24,9Q4xPCkGLyg,Waste Hero Education : Circular Economy,"Aug 7, 2025",1015,0
2025-05-25,9Q4xPCkGLyg,Waste Hero Education : Circular Economy,"Aug 7, 2025",1015,0
2025-05-26,9Q4xPCkGLyg,Waste Hero Education : Circular Economy,"Aug 7, 2025",1015,0
2025-05-27,9Q4xPCkGLyg,Waste Hero Education : Circular Economy,"Aug 7, 2025",1015,0
2025-05-28,9Q4xPCkGLyg,Waste Hero Education : Circular Economy,"Aug 7, 2025",1015,0
2025-05-29,9Q4xPCkGLyg,Waste Hero Education : Circular Economy,"Aug 7, 2025",1015,0
2025-05-30,9Q4xPCkGLyg,Waste Hero Education : Circular Economy,"Aug 7, 2025",1015,0
2025-05-31,9Q4xPCkGLyg,Waste Hero Education : Circular Economy,"Aug 7, 2025",1015,0
2025-06-01,9Q4xPCkGLyg,Waste Hero Education : Circular Economy,"Aug 7, 2025",1015,0
2025-06-02,9Q4xPCkGLyg,Waste Hero Education : Circular Economy,"Aug 7, 2025",1015,0
2025-06-03,9Q4xPCkGLyg,Waste Hero Education : Circular Economy,"Aug 7, 2025",1015,0
2025-06-04,9Q4xPCkGLyg,Waste Hero Education : Circular Economy,"Aug 7, 2025",1015,0
2025-06-05,9Q4xPCkGLyg,Waste Hero Education : Circular Economy,"Aug 7, 2025",1015,0
2025-06-06,9Q4xPCkGLyg,Waste Hero Education : Circular Economy,"Aug 7, 2025",1015,0
2025-06-07,9Q4xPCkGLyg,Waste Hero Education : Circular Economy,"Aug 7, 2025",1015,0
2025-06-08,9Q4xPCkGLyg,Waste Hero Education : Circular Economy,"Aug 7, 2025",1015,0
2025-06-09,9Q4xPCkGLyg,Waste Hero Education : Circular Economy,"Aug 7, 2025",1015,0
2025-06-10,9Q4xPCkGLyg,Waste Hero Education : Circular Economy,"Aug 7, 2025",1015,0
2025-06-11,9Q4xPCkGLyg,Waste Hero Education : Circular Economy,"Aug 7, 2025",1015,0
2025-06-12,9Q4xPCkGLyg,Waste Hero Education : Circular Economy,"Aug 7, 2025",1015,0
2025-06-13,9Q4xPCkGLyg,Waste Hero Education : Circular Economy,"Aug 7, 2025",1015,0
2025-06-14,9Q4xPCkGLyg,Waste Hero Education : Circular Economy,"Aug 7, 2025",1015,0
2025-06-15,9Q4xPCkGLyg,Waste Hero Education : Circular Economy,"Aug 7, 2025",1015,0
2025-06-16,9Q4xPCkGLyg,Waste Hero Education : Circular Economy,"Aug 7, 2025",1015,0
2025-06-17,9Q4xPCkGLyg,Waste Hero Education : Circular Economy,"Aug 7, 2025",1015,0
2025-06-18,9Q4xPCkGLyg,Waste Hero Education : Circular Economy,"Aug 7, 2025",1015,0
2025-06-19,9Q4xPCkGLyg,Waste Hero Education : Circular Economy,"Aug 7, 2025",1015,0
2025-06-20,9Q4xPCkGLyg,Waste Hero Education : Circular Economy,"Aug 7, 2025",1015,0
2025-06-21,9Q4xPCkGLyg,Waste Hero Education : Circular Economy,"Aug 7, 2025",1015,0
2025-06-22,9Q4xPCkGLyg,Waste Hero Education : Circular Economy,"Aug 7, 2025",1015,0
2025-06-23,9Q4xPCkGLyg,Waste Hero Education : Circular Economy,"Aug 7, 2025",1015,0
2025-06-24,9Q4xPCkGLyg,Waste Hero Education : Circular Economy,"Aug 7, 2025",1015,0
2025-06-25,9Q4xPCkGLyg,Waste Hero Education : Circular Economy,"Aug 7, 2025",1015,0
2025-06-26,9Q4xPCkGLyg,Waste Hero Education : Circular Economy,"Aug 7, 2025",1015,0
2025-06-27,9Q4xPCkGLyg,Waste Hero Education : Circular Economy,"Aug 7, 2025",1015,0
2025-06-28,9Q4xPCkGLyg,Waste Hero Education : Circular Economy,"Aug 7, 2025",1015,0
2025-06-29,9Q4xPCkGLyg,Waste Hero Education : Circular Economy,"Aug 7, 2025",1015,0
2025-06-30,9Q4xPCkGLyg,Waste Hero Education : Circular Economy,"Aug 7, 2025",1015,0
2025-07-01,9Q4xPCkGLyg,Waste Hero Education : Circular Economy,"Aug 7, 2025",1015,0
2025-07-02,9Q4xPCkGLyg,Waste Hero Education : Circular Economy,"Aug 7, 2025",1015,0
2025-07-03,9Q4xPCkGLyg,Waste Hero Education : Circular Economy,"Aug 7, 2025",1015,0
2025-07-04,9Q4xPCkGLyg,Waste Hero Education : Circular Economy,"Aug 7, 2025",1015,0
2025-07-05,9Q4xPCkGLyg,Waste Hero Education : Circular Economy,"Aug 7, 2025",1015,0
2025-07-06,9Q4xPCkGLyg,Waste Hero Education : Circular Economy,"Aug 7, 2025",1015,0
2025-07-07,9Q4xPCkGLyg,Waste Hero Education : Circular Economy,"Aug 7, 2025",1015,0
2025-07-08,9Q4xPCkGLyg,Waste Hero Education : Circular Economy,"Aug 7, 2025",1015,0
2025-07-09,9Q4xPCkGLyg,Waste Hero Education : Circular Economy,"Aug 7, 2025",1015,0
2025-07-10,9Q4xPCkGLyg,Waste Hero Education : Circular Economy,"Aug 7, 2025",1015,0
2025-07-11,9Q4xPCkGLyg,Waste Hero Education : Circular Economy,"Aug 7, 2025",1015,0
2025-07-12,9Q4xPCkGLyg,Waste Hero Education : Circular Economy,"Aug 7, 2025",1015,0
2025-07-13,9Q4xPCkGLyg,Waste Hero Education : Circular Economy,"Aug 7, 2025",1015,0
2025-07-14,9Q4xPCkGLyg,Waste Hero Education : Circular Economy,"Aug 7, 2025",1015,0
2025-07-15,9Q4xPCkGLyg,Waste Hero Education : Circular Economy,"Aug 7, 2025",1015,0
2025-07-16,9Q4xPCkGLyg,Waste Hero Education : Circular Economy,"Aug 7, 2025",1015,0
2025-07-17,9Q4xPCkGLyg,Waste Hero Education : Circular Economy,"Aug 7, 2025",1015,0
2025-07-18,9Q4xPCkGLyg,Waste Hero Education : Circular Economy,"Aug 7, 2025",1015,0
2025-07-19,9Q4xPCkGLyg,Waste Hero Education : Circular Economy,"Aug 7, 2025",1015,0
2025-07-20,9Q4xPCkGLyg,Waste Hero Education : Circular Economy,"Aug 7, 2025",1015,0
2025-07-21,9Q4xPCkGLyg,Waste Hero Education : Circular Economy,"Aug 7, 2025",1015,0
2025-07-22,9Q4xPCkGLyg,Waste Hero Education : Circular Economy,"Aug 7, 2025",1015,0
2025-07-23,9Q4xPCkGLyg,Waste Hero Education : Circular Economy,"Aug 7, 2025",1015,0
2025-07-24,9Q4xPCkGLyg,Waste Hero Education : Circular Economy,"Aug 7, 2025",1015,0
2025-07-25,9Q4xPCkGLyg,Waste Hero Education : Circular Economy,"Aug 7, 2025",1015,0
2025-07-26,9Q4xPCkGLyg,Waste Hero Education : Circular Economy,"Aug 7, 2025",1015,0
2025-07-27,9Q4xPCkGLyg,Waste Hero Education : Circular Economy,"Aug 7, 2025",1015,0
2025-07-28,9Q4xPCkGLyg,Waste Hero Education : Circular Economy,"Aug 7, 2025",1015,0
2025-07-29,9Q4xPCkGLyg,Waste Hero Education : Circular Economy,"Aug 7, 2025",1015,0
2025-07-30,9Q4xPCkGLyg,Waste Hero Education : Circular Economy,"Aug 7, 2025",1015,0
2025-07-31,9Q4xPCkGLyg,Waste Hero Education : Circular Economy,"Aug 7, 2025",1015,0
2025-08-01,9Q4xPCkGLyg,Waste Hero Education : Circular Economy,"Aug 7, 2025",1015,0
2025-08-02,9Q4xPCkGLyg,Waste Hero Education : Circular Economy,"Aug 7, 2025",1015,0
2025-08-03,9Q4xPCkGLyg,Waste Hero Education : Circular Economy,"Aug 7, 2025",1015,0
2025-08-04,9Q4xPCkGLyg,Waste Hero Education : Circular Economy,"Aug 7, 2025",1015,0
2025-08-05,9Q4xPCkGLyg,Waste Hero Education : Circular Economy,"Aug 7, 2025",1015,0
2025-08-06,9Q4xPCkGLyg,Waste Hero Education : Circular Economy,"Aug 7, 2025",1015,1
2025-08-07,9Q4xPCkGLyg,Waste Hero Education : Circular Economy,"Aug 7, 2025",1015,1
2025-08-08,9Q4xPCkGLyg,Waste Hero Education : Circular Economy,"Aug 7, 2025",1015,0
2025-08-09,9Q4xPCkGLyg,Waste Hero Education : Circular Economy,"Aug 7, 2025",1015,0
2025-08-10,9Q4xPCkGLyg,Waste Hero Education : Circular Economy,"Aug 7, 2025",1015,0
2025-08-11,9Q4xPCkGLyg,Waste Hero Education : Circular Economy,"Aug 7, 2025",1015,3
2025-08-12,9Q4xPCkGLyg,Waste Hero Education : Circular Economy,"Aug 7, 2025",1015,1
2025-08-13,9Q4xPCkGLyg,Waste Hero Education : Circular Economy,"Aug 7, 2025",1015,0
2025-08-14,9Q4xPCkGLyg,Waste Hero Education : Circular Economy,"Aug 7, 2025",1015,0
2025-08-15,9Q4xPCkGLyg,Waste Hero Education : Circular Economy,"Aug 7, 2025",1015,0
2025-08-16,9Q4xPCkGLyg,Waste Hero Education : Circular Economy,"Aug 7, 2025",1015,0
2025-08-17,9Q4xPCkGLyg,Waste Hero Education : Circular Economy,"Aug 7, 2025",1015,0
2025-08-18,9Q4xPCkGLyg,Waste Hero Education : Circular Economy,"Aug 7, 2025",1015,0
2025-08-19,9Q4xPCkGLyg,Waste Hero Education : Circular Economy,"Aug 7, 2025",1015,0
2025-08-20,9Q4xPCkGLyg,Waste Hero Education : Circular Economy,"Aug 7, 2025",1015,1
2025-08-21,9Q4xPCkGLyg,Waste Hero Education : Circular Economy,"Aug 7, 2025",1015,0
2025-08-22,9Q4xPCkGLyg,Waste Hero Education : Circular Economy,"Aug 7, 2025",1015,0
2025-08-23,9Q4xPCkGLyg,Waste Hero Education : Circular Economy,"Aug 7, 2025",1015,0
2025-08-24,9Q4xPCkGLyg,Waste Hero Education : Circular Economy,"Aug 7, 2025",1015,0
2025-08-25,9Q4xPCkGLyg,Waste Hero Education : Circular Economy,"Aug 7, 2025",1015,2
2025-08-26,9Q4xPCkGLyg,Waste Hero Education : Circular Economy,"Aug 7, 2025",1015,0
2025-08-27,9Q4xPCkGLyg,Waste Hero Education : Circular Economy,"Aug 7, 2025",1015,2
2025-08-28,9Q4xPCkGLyg,Waste Hero Education : Circular Economy,"Aug 7, 2025",1015,0
2025-08-29,9Q4xPCkGLyg,Waste Hero Education : Circular Economy,"Aug 7, 2025",1015,0
2025-08-30,9Q4xPCkGLyg,Waste Hero Education : Circular Economy,"Aug 7, 2025",1015,0
2025-08-31,9Q4xPCkGLyg,Waste Hero Education : Circular Economy,"Aug 7, 2025",1015,0
2025-09-01,9Q4xPCkGLyg,Waste Hero Education : Circular Economy,"Aug 7, 2025",1015,0
2025-09-02,9Q4xPCkGLyg,Waste Hero Education : Circular Economy,"Aug 7, 2025",1015,0
2025-09-03,9Q4xPCkGLyg,Waste Hero Education : Circular Economy,"Aug 7, 2025",1015,0
2025-09-04,9Q4xPCkGLyg,Waste Hero Education : Circular Economy,"Aug 7, 2025",1015,31
2025-09-05,9Q4xPCkGLyg,Waste Hero Education : Circular Economy,"Aug 7, 2025",1015,198
2025-09-06,9Q4xPCkGLyg,Waste Hero Education : Circular Economy,"Aug 7, 2025",1015,316
2025-09-07,9Q4xPCkGLyg,Waste Hero Education : Circular Economy,"Aug 7, 2025",1015,1392
2025-09-08,9Q4xPCkGLyg,Waste Hero Education : Circular Economy,"Aug 7, 2025",1015,1617
2025-09-09,9Q4xPCkGLyg,Waste Hero Education : Circular Economy,"Aug 7, 2025",1015,3478
2025-09-10,9Q4xPCkGLyg,Waste Hero Education : Circular Economy,"Aug 7, 2025",1015,1685
2025-09-11,9Q4xPCkGLyg,Waste Hero Education : Circular Economy,"Aug 7, 2025",1015,2856
2025-09-12,9Q4xPCkGLyg,Waste Hero Education : Circular Economy,"Aug 7, 2025",1015,3624
2025-09-13,9Q4xPCkGLyg,Waste Hero Education : Circular Economy,"Aug 7, 2025",1015,1378
2025-09-14,9Q4xPCkGLyg,Waste Hero Education : Circular Economy,"Aug 7, 2025",1015,3277
2025-09-15,9Q4xPCkGLyg,Waste Hero Education : Circular Economy,"Aug 7, 2025",1015,4282
2025-09-16,9Q4xPCkGLyg,Waste Hero Education : Circular Economy,"Aug 7, 2025",1015,3816
2025-09-17,9Q4xPCkGLyg,Waste Hero Education : Circular Economy,"Aug 7, 2025",1015,2169
2025-09-18,9Q4xPCkGLyg,Waste Hero Education : Circular Economy,"Aug 7, 2025",1015,1334
2025-09-19,9Q4xPCkGLyg,Waste Hero Education : Circular Economy,"Aug 7, 2025",1015,3826
2025-09-20,9Q4xPCkGLyg,Waste Hero Education : Circular Economy,"Aug 7, 2025",1015,1991
2025-09-21,9Q4xPCkGLyg,Waste Hero Education : Circular Economy,"Aug 7, 2025",1015,3952
2025-09-22,9Q4xPCkGLyg,Waste Hero Education : Circular Economy,"Aug 7, 2025",1015,5254
2025-09-23,9Q4xPCkGLyg,Waste Hero Education : Circular Economy,"Aug 7, 2025",1015,3752
2025-09-24,9Q4xPCkGLyg,Waste Hero Education : Circular Economy,"Aug 7, 2025",1015,2867
2025-09-25,9Q4xPCkGLyg,Waste Hero Education : Circular Economy,"Aug 7, 2025",1015,4756
2025-09-26,9Q4xPCkGLyg,Waste Hero Education : Circular Economy,"Aug 7, 2025",1015,3866
2025-09-27,9Q4xPCkGLyg,Waste Hero Education : Circular Economy,"Aug 7, 2025",1015,5573
2025-09-28,9Q4xPCkGLyg,Waste Hero Education : Circular Economy,"Aug 7, 2025",1015,3554
2025-09-29,9Q4xPCkGLyg,Waste Hero Education : Circular Economy,"Aug 7, 2025",1015,1314
2025-09-30,9Q4xPCkGLyg,Waste Hero Education : Circular Economy,"Aug 7, 2025",1015,872
2025-10-01,9Q4xPCkGLyg,Waste Hero Education : Circular Economy,"Aug 7, 2025",1015,1020
2025-10-02,9Q4xPCkGLyg,Waste Hero Education : Circular Economy,"Aug 7, 2025",1015,1075
2025-10-03,9Q4xPCkGLyg,Waste Hero Education : Circular Economy,"Aug 7, 2025",1015,1045
2025-10-04,9Q4xPCkGLyg,Waste Hero Education : Circular Economy,"Aug 7, 2025",1015,1125
2025-10-05,9Q4xPCkGLyg,Waste Hero Education : Circular Economy,"Aug 7, 2025",1015,738
2025-10-06,9Q4xPCkGLyg,Waste Hero Education : Circular Economy,"Aug 7, 2025",1015,1871
2025-10-07,9Q4xPCkGLyg,Waste Hero Education : Circular Economy,"Aug 7, 2025",1015,805
2025-10-08,9Q4xPCkGLyg,Waste Hero Education : Circular Economy,"Aug 7, 2025",1015,542
2025-10-09,9Q4xPCkGLyg,Waste Hero Education : Circular Economy,"Aug 7, 2025",1015,1197
2025-10-10,9Q4xPCkGLyg,Waste Hero Education : Circular Economy,"Aug 7, 2025",1015,1493
2025-10-11,9Q4xPCkGLyg,Waste Hero Education : Circular Economy,"Aug 7, 2025",1015,1692
2025-10-12,9Q4xPCkGLyg,Waste Hero Education : Circular Economy,"Aug 7, 2025",1015,2591
2025-10-13,9Q4xPCkGLyg,Waste Hero Education : Circular Economy,"Aug 7, 2025",1015,2570
2025-10-14,9Q4xPCkGLyg,Waste Hero Education : Circular Economy,"Aug 7, 2025",1015,2523
2025-10-15,9Q4xPCkGLyg,Waste Hero Education : Circular Economy,"Aug 7, 2025",1015,2809
2025-10-16,9Q4xPCkGLyg,Waste Hero Education : Circular Economy,"Aug 7, 2025",1015,1673
2025-10-17,9Q4xPCkGLyg,Waste Hero Education : Circular Economy,"Aug 7, 2025",1015,1570
2025-10-18,9Q4xPCkGLyg,Waste Hero Education : Circular Economy,"Aug 7, 2025",1015,2015
2025-10-19,9Q4xPCkGLyg,Waste Hero Education : Circular Economy,"Aug 7, 2025",1015,1424
2025-10-20,9Q4xPCkGLyg,Waste Hero Education : Circular Economy,"Aug 7, 2025",1015,2921
2025-10-21,9Q4xPCkGLyg,Waste Hero Education : Circular Economy,"Aug 7, 2025",1015,3118
2025-10-22,9Q4xPCkGLyg,Waste Hero Education : Circular Economy,"Aug 7, 2025",1015,3816
2025-10-23,9Q4xPCkGLyg,Waste Hero Education : Circular Economy,"Aug 7, 2025",1015,3494
2025-10-24,9Q4xPCkGLyg,Waste Hero Education : Circular Economy,"Aug 7, 2025",1015,3942
2025-10-25,9Q4xPCkGLyg,Waste Hero Education : Circular Economy,"Aug 7, 2025",1015,3265
2025-10-26,9Q4xPCkGLyg,Waste Hero Education : Circular Economy,"Aug 7, 2025",1015,3907
2025-10-27,9Q4xPCkGLyg,Waste Hero Education : Circular Economy,"Aug 7, 2025",1015,3368
2025-10-28,9Q4xPCkGLyg,Waste Hero Education : Circular Economy,"Aug 7, 2025",1015,3252
2025-10-29,9Q4xPCkGLyg,Waste Hero Education : Circular Economy,"Aug 7, 2025",1015,2690
2025-10-30,9Q4xPCkGLyg,Waste Hero Education : Circular Economy,"Aug 7, 2025",1015,3634
2025-10-31,9Q4xPCkGLyg,Waste Hero Education : Circular Economy,"Aug 7, 2025",1015,4223
2025-11-01,9Q4xPCkGLyg,Waste Hero Education : Circular Economy,"Aug 7, 2025",1015,3689
2025-11-02,9Q4xPCkGLyg,Waste Hero Education : Circular Economy,"Aug 7, 2025",1015,4778
2025-11-03,9Q4xPCkGLyg,Waste Hero Education : Circular Economy,"Aug 7, 2025",1015,2485
2025-11-04,9Q4xPCkGLyg,Waste Hero Education : Circular Economy,"Aug 7, 2025",1015,2313
2025-11-05,9Q4xPCkGLyg,Waste Hero Education : Circular Economy,"Aug 7, 2025",1015,2037
2025-11-06,9Q4xPCkGLyg,Waste Hero Education : Circular Economy,"Aug 7, 2025",1015,1908
2025-11-07,9Q4xPCkGLyg,Waste Hero Education : Circular Economy,"Aug 7, 2025",1015,345
2025-11-08,9Q4xPCkGLyg,Waste Hero Education : Circular Economy,"Aug 7, 2025",1015,1
2025-11-09,9Q4xPCkGLyg,Waste Hero Education : Circular Economy,"Aug 7, 2025",1015,16
2025-11-10,9Q4xPCkGLyg,Waste Hero Education : Circular Economy,"Aug 7, 2025",1015,808
2025-11-11,9Q4xPCkGLyg,Waste Hero Education : Circular Economy,"Aug 7, 2025",1015,641
2025-11-12,9Q4xPCkGLyg,Waste Hero Education : Circular Economy,"Aug 7, 2025",1015,681
2025-11-13,9Q4xPCkGLyg,Waste Hero Education : Circular Economy,"Aug 7, 2025",1015,592
2025-11-14,9Q4xPCkGLyg,Waste Hero Education : Circular Economy,"Aug 7, 2025",1015,930
2025-11-15,9Q4xPCkGLyg,Waste Hero Education : Circular Economy,"Aug 7, 2025",1015,2395
2025-11-16,9Q4xPCkGLyg,Waste Hero Education : Circular Economy,"Aug 7, 2025",1015,972
2025-11-17,9Q4xPCkGLyg,Waste Hero Education : Circular Economy,"Aug 7, 2025",1015,1133
2025-11-18,9Q4xPCkGLyg,Waste Hero Education : Circular Economy,"Aug 7, 2025",1015,1117
2025-11-19,9Q4xPCkGLyg,Waste Hero Education : Circular Economy,"Aug 7, 2025",1015,727
2025-11-20,9Q4xPCkGLyg,Waste Hero Education : Circular Economy,"Aug 7, 2025",1015,434
2025-11-21,9Q4xPCkGLyg,Waste Hero Education : Circular Economy,"Aug 7, 2025",1015,276
2025-11-22,9Q4xPCkGLyg,Waste Hero Education : Circular Economy,"Aug 7, 2025",1015,579
2025-11-23,9Q4xPCkGLyg,Waste Hero Education : Circular Economy,"Aug 7, 2025",1015,542
2025-11-24,9Q4xPCkGLyg,Waste Hero Education : Circular Economy,"Aug 7, 2025",1015,534
2025-11-25,9Q4xPCkGLyg,Waste Hero Education : Circular Economy,"Aug 7, 2025",1015,248
2025-11-26,9Q4xPCkGLyg,Waste Hero Education : Circular Economy,"Aug 7, 2025",1015,204
2025-11-27,9Q4xPCkGLyg,Waste Hero Education : Circular Economy,"Aug 7, 2025",1015,131
2025-11-28,9Q4xPCkGLyg,Waste Hero Education : Circular Economy,"Aug 7, 2025",1015,134
2025-11-29,9Q4xPCkGLyg,Waste Hero Education : Circular Economy,"Aug 7, 2025",1015,119
2025-11-30,9Q4xPCkGLyg,Waste Hero Education : Circular Economy,"Aug 7, 2025",1015,137
2025-12-01,9Q4xPCkGLyg,Waste Hero Education : Circular Economy,"Aug 7, 2025",1015,207
2025-12-02,9Q4xPCkGLyg,Waste Hero Education : Circular Economy,"Aug 7, 2025",1015,258
2025-12-03,9Q4xPCkGLyg,Waste Hero Education : Circular Economy,"Aug 7, 2025",1015,117
2025-12-04,9Q4xPCkGLyg,Waste Hero Education : Circular Economy,"Aug 7, 2025",1015,51
2025-12-05,9Q4xPCkGLyg,Waste Hero Education : Circular Economy,"Aug 7, 2025",1015,26
2025-12-06,9Q4xPCkGLyg,Waste Hero Education : Circular Economy,"Aug 7, 2025",1015,227
2025-12-07,9Q4xPCkGLyg,Waste Hero Education : Circular Economy,"Aug 7, 2025",1015,119
2025-12-08,9Q4xPCkGLyg,Waste Hero Education : Circular Economy,"Aug 7, 2025",1015,107
2025-12-09,9Q4xPCkGLyg,Waste Hero Education : Circular Economy,"Aug 7, 2025",1015,69
2025-12-10,9Q4xPCkGLyg,Waste Hero Education : Circular Economy,"Aug 7, 2025",1015,581
2025-12-11,9Q4xPCkGLyg,Waste Hero Education : Circular Economy,"Aug 7, 2025",1015,498
2025-12-12,9Q4xPCkGLyg,Waste Hero Education : Circular Economy,"Aug 7, 2025",1015,1231
2025-12-13,9Q4xPCkGLyg,Waste Hero Education : Circular Economy,"Aug 7, 2025",1015,912
2025-12-14,9Q4xPCkGLyg,Waste Hero Education : Circular Economy,"Aug 7, 2025",1015,1438
2025-12-15,9Q4xPCkGLyg,Waste Hero Education : Circular Economy,"Aug 7, 2025",1015,770
2025-12-16,9Q4xPCkGLyg,Waste Hero Education : Circular Economy,"Aug 7, 2025",1015,1095
2025-12-17,9Q4xPCkGLyg,Waste Hero Education : Circular Economy,"Aug 7, 2025",1015,1164
2025-12-18,9Q4xPCkGLyg,Waste Hero Education : Circular Economy,"Aug 7, 2025",1015,820
2025-12-19,9Q4xPCkGLyg,Waste Hero Education : Circular Economy,"Aug 7, 2025",1015,1202
2025-12-20,9Q4xPCkGLyg,Waste Hero Education : Circular Economy,"Aug 7, 2025",1015,1246
2025-12-21,9Q4xPCkGLyg,Waste Hero Education : Circular Economy,"Aug 7, 2025",1015,914
2025-12-22,9Q4xPCkGLyg,Waste Hero Education : Circular Economy,"Aug 7, 2025",1015,899
2025-12-23,9Q4xPCkGLyg,Waste Hero Education : Circular Economy,"Aug 7, 2025",1015,990
2025-12-24,9Q4xPCkGLyg,Waste Hero Education : Circular Economy,"Aug 7, 2025",1015,1142
2025-12-25,9Q4xPCkGLyg,Waste Hero Education : Circular Economy,"Aug 7, 2025",1015,1126
2025-12-26,9Q4xPCkGLyg,Waste Hero Education : Circular Economy,"Aug 7, 2025",1015,1036
2025-12-27,9Q4xPCkGLyg,Waste Hero Education : Circular Economy,"Aug 7, 2025",1015,1222
2025-12-28,9Q4xPCkGLyg,Waste Hero Education : Circular Economy,"Aug 7, 2025",1015,1074
2025-12-29,9Q4xPCkGLyg,Waste Hero Education : Circular Economy,"Aug 7, 2025",1015,834
2025-12-30,9Q4xPCkGLyg,Waste Hero Education : Circular Economy,"Aug 7, 2025",1015,780
2025-12-31,9Q4xPCkGLyg,Waste Hero Education : Circular Economy,"Aug 7, 2025",1015,1077
2026-01-01,9Q4xPCkGLyg,Waste Hero Education : Circular Economy,"Aug 7, 2025",1015,515
2026-01-02,9Q4xPCkGLyg,Waste Hero Education : Circular Economy,"Aug 7, 2025",1015,751
2026-01-03,9Q4xPCkGLyg,Waste Hero Education : Circular Economy,"Aug 7, 2025",1015,621
2026-01-04,9Q4xPCkGLyg,Waste Hero Education : Circular Economy,"Aug 7, 2025",1015,902
2026-01-05,9Q4xPCkGLyg,Waste Hero Education : Circular Economy,"Aug 7, 2025",1015,835
2026-01-06,9Q4xPCkGLyg,Waste Hero Education : Circular Economy,"Aug 7, 2025",1015,814
2026-01-07,9Q4xPCkGLyg,Waste Hero Education : Circular Economy,"Aug 7, 2025",1015,748
2026-01-08,9Q4xPCkGLyg,Waste Hero Education : Circular Economy,"Aug 7, 2025",1015,635
2026-01-09,9Q4xPCkGLyg,Waste Hero Education : Circular Economy,"Aug 7, 2025",1015,485
2026-01-10,9Q4xPCkGLyg,Waste Hero Education : Circular Economy,"Aug 7, 2025",1015,846
2026-01-11,9Q4xPCkGLyg,Waste Hero Education : Circular Economy,"Aug 7, 2025",1015,846
2026-01-12,9Q4xPCkGLyg,Waste Hero Education : Circular Economy,"Aug 7, 2025",1015,829
2026-01-13,9Q4xPCkGLyg,Waste Hero Education : Circular Economy,"Aug 7, 2025",1015,504
2026-01-14,9Q4xPCkGLyg,Waste Hero Education : Circular Economy,"Aug 7, 2025",1015,591
2026-01-15,9Q4xPCkGLyg,Waste Hero Education : Circular Economy,"Aug 7, 2025",1015,884
2026-01-16,9Q4xPCkGLyg,Waste Hero Education : Circular Economy,"Aug 7, 2025",1015,792
2026-01-17,9Q4xPCkGLyg,Waste Hero Education : Circular Economy,"Aug 7, 2025",1015,1231
2026-01-18,9Q4xPCkGLyg,Waste Hero Education : Circular Economy,"Aug 7, 2025",1015,1079
2026-01-19,9Q4xPCkGLyg,Waste Hero Education : Circular Economy,"Aug 7, 2025",1015,994
2026-01-20,9Q4xPCkGLyg,Waste Hero Education : Circular Economy,"Aug 7, 2025",1015,834
2026-01-21,9Q4xPCkGLyg,Waste Hero Education : Circular Economy,"Aug 7, 2025",1015,903
2026-01-22,9Q4xPCkGLyg,Waste Hero Education : Circular Economy,"Aug 7, 2025",1015,1160
2026-01-23,9Q4xPCkGLyg,Waste Hero Education : Circular Economy,"Aug 7, 2025",1015,1296
2026-01-24,9Q4xPCkGLyg,Waste Hero Education : Circular Economy,"Aug 7, 2025",1015,911
2026-01-25,9Q4xPCkGLyg,Waste Hero Education : Circular Economy,"Aug 7, 2025",1015,1258
2026-01-26,9Q4xPCkGLyg,Waste Hero Education : Circular Economy,"Aug 7, 2025",1015,960
2026-01-27,9Q4xPCkGLyg,Waste Hero Education : Circular Economy,"Aug 7, 2025",1015,726
2026-01-28,9Q4xPCkGLyg,Waste Hero Education : Circular Economy,"Aug 7, 2025",1015,388
2026-01-29,9Q4xPCkGLyg,Waste Hero Education : Circular Economy,"Aug 7, 2025",1015,247
2026-01-30,9Q4xPCkGLyg,Waste Hero Education : Circular Economy,"Aug 7, 2025",1015,215
2026-01-31,9Q4xPCkGLyg,Waste Hero Education : Circular Economy,"Aug 7, 2025",1015,193
2026-02-01,9Q4xPCkGLyg,Waste Hero Education : Circular Economy,"Aug 7, 2025",1015,215
2026-02-02,9Q4xPCkGLyg,Waste Hero Education : Circular Economy,"Aug 7, 2025",1015,1
2026-02-03,9Q4xPCkGLyg,Waste Hero Education : Circular Economy,"Aug 7, 2025",1015,136
2026-02-04,9Q4xPCkGLyg,Waste Hero Education : Circular Economy,"Aug 7, 2025",1015,331
2026-02-05,9Q4xPCkGLyg,Waste Hero Education : Circular Economy,"Aug 7, 2025",1015,273
2026-02-06,9Q4xPCkGLyg,Waste Hero Education : Circular Economy,"Aug 7, 2025",1015,546
2026-02-07,9Q4xPCkGLyg,Waste Hero Education : Circular Economy,"Aug 7, 2025",1015,1237
2026-02-08,9Q4xPCkGLyg,Waste Hero Education : Circular Economy,"Aug 7, 2025",1015,548
2026-02-09,9Q4xPCkGLyg,Waste Hero Education : Circular Economy,"Aug 7, 2025",1015,496
2026-02-10,9Q4xPCkGLyg,Waste Hero Education : Circular Economy,"Aug 7, 2025",1015,515
2026-02-11,9Q4xPCkGLyg,Waste Hero Education : Circular Economy,"Aug 7, 2025",1015,492
2026-02-12,9Q4xPCkGLyg,Waste Hero Education : Circular Economy,"Aug 7, 2025",1015,459
2026-02-13,9Q4xPCkGLyg,Waste Hero Education : Circular Economy,"Aug 7, 2025",1015,464
2026-02-14,9Q4xPCkGLyg,Waste Hero Education : Circular Economy,"Aug 7, 2025",1015,430
2026-02-15,9Q4xPCkGLyg,Waste Hero Education : Circular Economy,"Aug 7, 2025",1015,417
2026-02-16,9Q4xPCkGLyg,Waste Hero Education : Circular Economy,"Aug 7, 2025",1015,510
2026-02-17,9Q4xPCkGLyg,Waste Hero Education : Circular Economy,"Aug 7, 2025",1015,587
2026-02-18,9Q4xPCkGLyg,Waste Hero Education : Circular Economy,"Aug 7, 2025",1015,567
2026-02-19,9Q4xPCkGLyg,Waste Hero Education : Circular Economy,"Aug 7, 2025",1015,487
2026-02-20,9Q4xPCkGLyg,Waste Hero Education : Circular Economy,"Aug 7, 2025",1015,478
2026-02-21,9Q4xPCkGLyg,Waste Hero Education : Circular Economy,"Aug 7, 2025",1015,465
2026-02-22,9Q4xPCkGLyg,Waste Hero Education : Circular Economy,"Aug 7, 2025",1015,337
2026-02-23,9Q4xPCkGLyg,Waste Hero Education : Circular Economy,"Aug 7, 2025",1015,131
2026-02-24,9Q4xPCkGLyg,Waste Hero Education : Circular Economy,"Aug 7, 2025",1015,322
2026-02-25,9Q4xPCkGLyg,Waste Hero Education : Circular Economy,"Aug 7, 2025",1015,325
2026-02-26,9Q4xPCkGLyg,Waste Hero Education : Circular Economy,"Aug 7, 2025",1015,762
2026-02-27,9Q4xPCkGLyg,Waste Hero Education : Circular Economy,"Aug 7, 2025",1015,958
2026-02-28,9Q4xPCkGLyg,Waste Hero Education : Circular Economy,"Aug 7, 2025",1015,1729
2026-03-01,9Q4xPCkGLyg,Waste Hero Education : Circular Economy,"Aug 7, 2025",1015,1300
2026-03-02,9Q4xPCkGLyg,Waste Hero Education : Circular Economy,"Aug 7, 2025",1015,2263
2026-03-03,9Q4xPCkGLyg,Waste Hero Education : Circular Economy,"Aug 7, 2025",1015,2486
2026-03-04,9Q4xPCkGLyg,Waste Hero Education : Circular Economy,"Aug 7, 2025",1015,2558
2023-03-08,w8GxkFvTPXY,What is Waste Hero Education?,"Jul 25, 2025",82,0
2023-03-09,w8GxkFvTPXY,What is Waste Hero Education?,"Jul 25, 2025",82,0
2023-03-10,w8GxkFvTPXY,What is Waste Hero Education?,"Jul 25, 2025",82,0
2023-03-11,w8GxkFvTPXY,What is Waste Hero Education?,"Jul 25, 2025",82,0
2023-03-12,w8GxkFvTPXY,What is Waste Hero Education?,"Jul 25, 2025",82,0
2023-03-13,w8GxkFvTPXY,What is Waste Hero Education?,"Jul 25, 2025",82,0
2023-03-14,w8GxkFvTPXY,What is Waste Hero Education?,"Jul 25, 2025",82,0
2023-03-15,w8GxkFvTPXY,What is Waste Hero Education?,"Jul 25, 2025",82,0
2023-03-16,w8GxkFvTPXY,What is Waste Hero Education?,"Jul 25, 2025",82,0
2023-03-17,w8GxkFvTPXY,What is Waste Hero Education?,"Jul 25, 2025",82,0
2023-03-18,w8GxkFvTPXY,What is Waste Hero Education?,"Jul 25, 2025",82,0
2023-03-19,w8GxkFvTPXY,What is Waste Hero Education?,"Jul 25, 2025",82,0
2023-03-20,w8GxkFvTPXY,What is Waste Hero Education?,"Jul 25, 2025",82,0
2023-03-21,w8GxkFvTPXY,What is Waste Hero Education?,"Jul 25, 2025",82,0
2023-03-22,w8GxkFvTPXY,What is Waste Hero Education?,"Jul 25, 2025",82,0
2023-03-23,w8GxkFvTPXY,What is Waste Hero Education?,"Jul 25, 2025",82,0
2023-03-24,w8GxkFvTPXY,What is Waste Hero Education?,"Jul 25, 2025",82,0
2023-03-25,w8GxkFvTPXY,What is Waste Hero Education?,"Jul 25, 2025",82,0
2023-03-26,w8GxkFvTPXY,What is Waste Hero Education?,"Jul 25, 2025",82,0
2023-03-27,w8GxkFvTPXY,What is Waste Hero Education?,"Jul 25, 2025",82,0
2023-03-28,w8GxkFvTPXY,What is Waste Hero Education?,"Jul 25, 2025",82,0
2023-03-29,w8GxkFvTPXY,What is Waste Hero Education?,"Jul 25, 2025",82,0
2023-03-30,w8GxkFvTPXY,What is Waste Hero Education?,"Jul 25, 2025",82,0
2023-03-31,w8GxkFvTPXY,What is Waste Hero Education?,"Jul 25, 2025",82,0
2023-04-01,w8GxkFvTPXY,What is Waste Hero Education?,"Jul 25, 2025",82,0
2023-04-02,w8GxkFvTPXY,What is Waste Hero Education?,"Jul 25, 2025",82,0
2023-04-03,w8GxkFvTPXY,What is Waste Hero Education?,"Jul 25, 2025",82,0
2023-04-04,w8GxkFvTPXY,What is Waste Hero Education?,"Jul 25, 2025",82,0
2023-04-05,w8GxkFvTPXY,What is Waste Hero Education?,"Jul 25, 2025",82,0
2023-04-06,w8GxkFvTPXY,What is Waste Hero Education?,"Jul 25, 2025",82,0
2023-04-07,w8GxkFvTPXY,What is Waste Hero Education?,"Jul 25, 2025",82,0
2023-04-08,w8GxkFvTPXY,What is Waste Hero Education?,"Jul 25, 2025",82,0
2023-04-09,w8GxkFvTPXY,What is Waste Hero Education?,"Jul 25, 2025",82,0
2023-04-10,w8GxkFvTPXY,What is Waste Hero Education?,"Jul 25, 2025",82,0
2023-04-11,w8GxkFvTPXY,What is Waste Hero Education?,"Jul 25, 2025",82,0
2023-04-12,w8GxkFvTPXY,What is Waste Hero Education?,"Jul 25, 2025",82,0
2023-04-13,w8GxkFvTPXY,What is Waste Hero Education?,"Jul 25, 2025",82,0
2023-04-14,w8GxkFvTPXY,What is Waste Hero Education?,"Jul 25, 2025",82,0
2023-04-15,w8GxkFvTPXY,What is Waste Hero Education?,"Jul 25, 2025",82,0
2023-04-16,w8GxkFvTPXY,What is Waste Hero Education?,"Jul 25, 2025",82,0
2023-04-17,w8GxkFvTPXY,What is Waste Hero Education?,"Jul 25, 2025",82,0
2023-04-18,w8GxkFvTPXY,What is Waste Hero Education?,"Jul 25, 2025",82,0
2023-04-19,w8GxkFvTPXY,What is Waste Hero Education?,"Jul 25, 2025",82,0
2023-04-20,w8GxkFvTPXY,What is Waste Hero Education?,"Jul 25, 2025",82,0
2023-04-21,w8GxkFvTPXY,What is Waste Hero Education?,"Jul 25, 2025",82,0
2023-04-22,w8GxkFvTPXY,What is Waste Hero Education?,"Jul 25, 2025",82,0
2023-04-23,w8GxkFvTPXY,What is Waste Hero Education?,"Jul 25, 2025",82,0
2023-04-24,w8GxkFvTPXY,What is Waste Hero Education?,"Jul 25, 2025",82,0
2023-04-25,w8GxkFvTPXY,What is Waste Hero Education?,"Jul 25, 2025",82,0
2023-04-26,w8GxkFvTPXY,What is Waste Hero Education?,"Jul 25, 2025",82,0
2023-04-27,w8GxkFvTPXY,What is Waste Hero Education?,"Jul 25, 2025",82,0
2023-04-28,w8GxkFvTPXY,What is Waste Hero Education?,"Jul 25, 2025",82,0
2023-04-29,w8GxkFvTPXY,What is Waste Hero Education?,"Jul 25, 2025",82,0
2023-04-30,w8GxkFvTPXY,What is Waste Hero Education?,"Jul 25, 2025",82,0
2023-05-01,w8GxkFvTPXY,What is Waste Hero Education?,"Jul 25, 2025",82,0
2023-05-02,w8GxkFvTPXY,What is Waste Hero Education?,"Jul 25, 2025",82,0
2023-05-03,w8GxkFvTPXY,What is Waste Hero Education?,"Jul 25, 2025",82,0
2023-05-04,w8GxkFvTPXY,What is Waste Hero Education?,"Jul 25, 2025",82,0
2023-05-05,w8GxkFvTPXY,What is Waste Hero Education?,"Jul 25, 2025",82,0
2023-05-06,w8GxkFvTPXY,What is Waste Hero Education?,"Jul 25, 2025",82,0
2023-05-07,w8GxkFvTPXY,What is Waste Hero Education?,"Jul 25, 2025",82,0
2023-05-08,w8GxkFvTPXY,What is Waste Hero Education?,"Jul 25, 2025",82,0
2023-05-09,w8GxkFvTPXY,What is Waste Hero Education?,"Jul 25, 2025",82,0
2023-05-10,w8GxkFvTPXY,What is Waste Hero Education?,"Jul 25, 2025",82,0
2023-05-11,w8GxkFvTPXY,What is Waste Hero Education?,"Jul 25, 2025",82,0
2023-05-12,w8GxkFvTPXY,What is Waste Hero Education?,"Jul 25, 2025",82,0
2023-05-13,w8GxkFvTPXY,What is Waste Hero Education?,"Jul 25, 2025",82,0
2023-05-14,w8GxkFvTPXY,What is Waste Hero Education?,"Jul 25, 2025",82,0
2023-05-15,w8GxkFvTPXY,What is Waste Hero Education?,"Jul 25, 2025",82,0
2023-05-16,w8GxkFvTPXY,What is Waste Hero Education?,"Jul 25, 2025",82,0
2023-05-17,w8GxkFvTPXY,What is Waste Hero Education?,"Jul 25, 2025",82,0
2023-05-18,w8GxkFvTPXY,What is Waste Hero Education?,"Jul 25, 2025",82,0
2023-05-19,w8GxkFvTPXY,What is Waste Hero Education?,"Jul 25, 2025",82,0
2023-05-20,w8GxkFvTPXY,What is Waste Hero Education?,"Jul 25, 2025",82,0
2023-05-21,w8GxkFvTPXY,What is Waste Hero Education?,"Jul 25, 2025",82,0
2023-05-22,w8GxkFvTPXY,What is Waste Hero Education?,"Jul 25, 2025",82,0
2023-05-23,w8GxkFvTPXY,What is Waste Hero Education?,"Jul 25, 2025",82,0
2023-05-24,w8GxkFvTPXY,What is Waste Hero Education?,"Jul 25, 2025",82,0
2023-05-25,w8GxkFvTPXY,What is Waste Hero Education?,"Jul 25, 2025",82,0
2023-05-26,w8GxkFvTPXY,What is Waste Hero Education?,"Jul 25, 2025",82,0
2023-05-27,w8GxkFvTPXY,What is Waste Hero Education?,"Jul 25, 2025",82,0
2023-05-28,w8GxkFvTPXY,What is Waste Hero Education?,"Jul 25, 2025",82,0
2023-05-29,w8GxkFvTPXY,What is Waste Hero Education?,"Jul 25, 2025",82,0
2023-05-30,w8GxkFvTPXY,What is Waste Hero Education?,"Jul 25, 2025",82,0
2023-05-31,w8GxkFvTPXY,What is Waste Hero Education?,"Jul 25, 2025",82,0
2023-06-01,w8GxkFvTPXY,What is Waste Hero Education?,"Jul 25, 2025",82,0
2023-06-02,w8GxkFvTPXY,What is Waste Hero Education?,"Jul 25, 2025",82,0
2023-06-03,w8GxkFvTPXY,What is Waste Hero Education?,"Jul 25, 2025",82,0
2023-06-04,w8GxkFvTPXY,What is Waste Hero Education?,"Jul 25, 2025",82,0
2023-06-05,w8GxkFvTPXY,What is Waste Hero Education?,"Jul 25, 2025",82,0
2023-06-06,w8GxkFvTPXY,What is Waste Hero Education?,"Jul 25, 2025",82,0
2023-06-07,w8GxkFvTPXY,What is Waste Hero Education?,"Jul 25, 2025",82,0
2023-06-08,w8GxkFvTPXY,What is Waste Hero Education?,"Jul 25, 2025",82,0
2023-06-09,w8GxkFvTPXY,What is Waste Hero Education?,"Jul 25, 2025",82,0
2023-06-10,w8GxkFvTPXY,What is Waste Hero Education?,"Jul 25, 2025",82,0
2023-06-11,w8GxkFvTPXY,What is Waste Hero Education?,"Jul 25, 2025",82,0
2023-06-12,w8GxkFvTPXY,What is Waste Hero Education?,"Jul 25, 2025",82,0
2023-06-13,w8GxkFvTPXY,What is Waste Hero Education?,"Jul 25, 2025",82,0
2023-06-14,w8GxkFvTPXY,What is Waste Hero Education?,"Jul 25, 2025",82,0
2023-06-15,w8GxkFvTPXY,What is Waste Hero Education?,"Jul 25, 2025",82,0
2023-06-16,w8GxkFvTPXY,What is Waste Hero Education?,"Jul 25, 2025",82,0
2023-06-17,w8GxkFvTPXY,What is Waste Hero Education?,"Jul 25, 2025",82,0
2023-06-18,w8GxkFvTPXY,What is Waste Hero Education?,"Jul 25, 2025",82,0
2023-06-19,w8GxkFvTPXY,What is Waste Hero Education?,"Jul 25, 2025",82,0
2023-06-20,w8GxkFvTPXY,What is Waste Hero Education?,"Jul 25, 2025",82,0
2023-06-21,w8GxkFvTPXY,What is Waste Hero Education?,"Jul 25, 2025",82,0
2023-06-22,w8GxkFvTPXY,What is Waste Hero Education?,"Jul 25, 2025",82,0
2023-06-23,w8GxkFvTPXY,What is Waste Hero Education?,"Jul 25, 2025",82,0
2023-06-24,w8GxkFvTPXY,What is Waste Hero Education?,"Jul 25, 2025",82,0
2023-06-25,w8GxkFvTPXY,What is Waste Hero Education?,"Jul 25, 2025",82,0
2023-06-26,w8GxkFvTPXY,What is Waste Hero Education?,"Jul 25, 2025",82,0
2023-06-27,w8GxkFvTPXY,What is Waste Hero Education?,"Jul 25, 2025",82,0
2023-06-28,w8GxkFvTPXY,What is Waste Hero Education?,"Jul 25, 2025",82,0
2023-06-29,w8GxkFvTPXY,What is Waste Hero Education?,"Jul 25, 2025",82,0
2023-06-30,w8GxkFvTPXY,What is Waste Hero Education?,"Jul 25, 2025",82,0
2023-07-01,w8GxkFvTPXY,What is Waste Hero Education?,"Jul 25, 2025",82,0
2023-07-02,w8GxkFvTPXY,What is Waste Hero Education?,"Jul 25, 2025",82,0
2023-07-03,w8GxkFvTPXY,What is Waste Hero Education?,"Jul 25, 2025",82,0
2023-07-04,w8GxkFvTPXY,What is Waste Hero Education?,"Jul 25, 2025",82,0
2023-07-05,w8GxkFvTPXY,What is Waste Hero Education?,"Jul 25, 2025",82,0
2023-07-06,w8GxkFvTPXY,What is Waste Hero Education?,"Jul 25, 2025",82,0
2023-07-07,w8GxkFvTPXY,What is Waste Hero Education?,"Jul 25, 2025",82,0
2023-07-08,w8GxkFvTPXY,What is Waste Hero Education?,"Jul 25, 2025",82,0
2023-07-09,w8GxkFvTPXY,What is Waste Hero Education?,"Jul 25, 2025",82,0
2023-07-10,w8GxkFvTPXY,What is Waste Hero Education?,"Jul 25, 2025",82,0
2023-07-11,w8GxkFvTPXY,What is Waste Hero Education?,"Jul 25, 2025",82,0
2023-07-12,w8GxkFvTPXY,What is Waste Hero Education?,"Jul 25, 2025",82,0
2023-07-13,w8GxkFvTPXY,What is Waste Hero Education?,"Jul 25, 2025",82,0
2023-07-14,w8GxkFvTPXY,What is Waste Hero Education?,"Jul 25, 2025",82,0
2023-07-15,w8GxkFvTPXY,What is Waste Hero Education?,"Jul 25, 2025",82,0
2023-07-16,w8GxkFvTPXY,What is Waste Hero Education?,"Jul 25, 2025",82,0
2023-07-17,w8GxkFvTPXY,What is Waste Hero Education?,"Jul 25, 2025",82,0
2023-07-18,w8GxkFvTPXY,What is Waste Hero Education?,"Jul 25, 2025",82,0
2023-07-19,w8GxkFvTPXY,What is Waste Hero Education?,"Jul 25, 2025",82,0
2023-07-20,w8GxkFvTPXY,What is Waste Hero Education?,"Jul 25, 2025",82,0
2023-07-21,w8GxkFvTPXY,What is Waste Hero Education?,"Jul 25, 2025",82,0
2023-07-22,w8GxkFvTPXY,What is Waste Hero Education?,"Jul 25, 2025",82,0
2023-07-23,w8GxkFvTPXY,What is Waste Hero Education?,"Jul 25, 2025",82,0
2023-07-24,w8GxkFvTPXY,What is Waste Hero Education?,"Jul 25, 2025",82,0
2023-07-25,w8GxkFvTPXY,What is Waste Hero Education?,"Jul 25, 2025",82,0
2023-07-26,w8GxkFvTPXY,What is Waste Hero Education?,"Jul 25, 2025",82,0
2023-07-27,w8GxkFvTPXY,What is Waste Hero Education?,"Jul 25, 2025",82,0
2023-07-28,w8GxkFvTPXY,What is Waste Hero Education?,"Jul 25, 2025",82,0
2023-07-29,w8GxkFvTPXY,What is Waste Hero Education?,"Jul 25, 2025",82,0
2023-07-30,w8GxkFvTPXY,What is Waste Hero Education?,"Jul 25, 2025",82,0
2023-07-31,w8GxkFvTPXY,What is Waste Hero Education?,"Jul 25, 2025",82,0
2023-08-01,w8GxkFvTPXY,What is Waste Hero Education?,"Jul 25, 2025",82,0
2023-08-02,w8GxkFvTPXY,What is Waste Hero Education?,"Jul 25, 2025",82,0
2023-08-03,w8GxkFvTPXY,What is Waste Hero Education?,"Jul 25, 2025",82,0
2023-08-04,w8GxkFvTPXY,What is Waste Hero Education?,"Jul 25, 2025",82,0
2023-08-05,w8GxkFvTPXY,What is Waste Hero Education?,"Jul 25, 2025",82,0
2023-08-06,w8GxkFvTPXY,What is Waste Hero Education?,"Jul 25, 2025",82,0
2023-08-07,w8GxkFvTPXY,What is Waste Hero Education?,"Jul 25, 2025",82,0
2023-08-08,w8GxkFvTPXY,What is Waste Hero Education?,"Jul 25, 2025",82,0
2023-08-09,w8GxkFvTPXY,What is Waste Hero Education?,"Jul 25, 2025",82,0
2023-08-10,w8GxkFvTPXY,What is Waste Hero Education?,"Jul 25, 2025",82,0
2023-08-11,w8GxkFvTPXY,What is Waste Hero Education?,"Jul 25, 2025",82,0
2023-08-12,w8GxkFvTPXY,What is Waste Hero Education?,"Jul 25, 2025",82,0
2023-08-13,w8GxkFvTPXY,What is Waste Hero Education?,"Jul 25, 2025",82,0
2023-08-14,w8GxkFvTPXY,What is Waste Hero Education?,"Jul 25, 2025",82,0
2023-08-15,w8GxkFvTPXY,What is Waste Hero Education?,"Jul 25, 2025",82,0
2023-08-16,w8GxkFvTPXY,What is Waste Hero Education?,"Jul 25, 2025",82,0
2023-08-17,w8GxkFvTPXY,What is Waste Hero Education?,"Jul 25, 2025",82,0
2023-08-18,w8GxkFvTPXY,What is Waste Hero Education?,"Jul 25, 2025",82,0
2023-08-19,w8GxkFvTPXY,What is Waste Hero Education?,"Jul 25, 2025",82,0
2023-08-20,w8GxkFvTPXY,What is Waste Hero Education?,"Jul 25, 2025",82,0
2023-08-21,w8GxkFvTPXY,What is Waste Hero Education?,"Jul 25, 2025",82,0
2023-08-22,w8GxkFvTPXY,What is Waste Hero Education?,"Jul 25, 2025",82,0
2023-08-23,w8GxkFvTPXY,What is Waste Hero Education?,"Jul 25, 2025",82,0
2023-08-24,w8GxkFvTPXY,What is Waste Hero Education?,"Jul 25, 2025",82,0
2023-08-25,w8GxkFvTPXY,What is Waste Hero Education?,"Jul 25, 2025",82,0
2023-08-26,w8GxkFvTPXY,What is Waste Hero Education?,"Jul 25, 2025",82,0
2023-08-27,w8GxkFvTPXY,What is Waste Hero Education?,"Jul 25, 2025",82,0
2023-08-28,w8GxkFvTPXY,What is Waste Hero Education?,"Jul 25, 2025",82,0
2023-08-29,w8GxkFvTPXY,What is Waste Hero Education?,"Jul 25, 2025",82,0
2023-08-30,w8GxkFvTPXY,What is Waste Hero Education?,"Jul 25, 2025",82,0
2023-08-31,w8GxkFvTPXY,What is Waste Hero Education?,"Jul 25, 2025",82,0
2023-09-01,w8GxkFvTPXY,What is Waste Hero Education?,"Jul 25, 2025",82,0
2023-09-02,w8GxkFvTPXY,What is Waste Hero Education?,"Jul 25, 2025",82,0
2023-09-03,w8GxkFvTPXY,What is Waste Hero Education?,"Jul 25, 2025",82,0
2023-09-04,w8GxkFvTPXY,What is Waste Hero Education?,"Jul 25, 2025",82,0
2023-09-05,w8GxkFvTPXY,What is Waste Hero Education?,"Jul 25, 2025",82,0
2023-09-06,w8GxkFvTPXY,What is Waste Hero Education?,"Jul 25, 2025",82,0
2023-09-07,w8GxkFvTPXY,What is Waste Hero Education?,"Jul 25, 2025",82,0
2023-09-08,w8GxkFvTPXY,What is Waste Hero Education?,"Jul 25, 2025",82,0
2023-09-09,w8GxkFvTPXY,What is Waste Hero Education?,"Jul 25, 2025",82,0
2023-09-10,w8GxkFvTPXY,What is Waste Hero Education?,"Jul 25, 2025",82,0
2023-09-11,w8GxkFvTPXY,What is Waste Hero Education?,"Jul 25, 2025",82,0
2023-09-12,w8GxkFvTPXY,What is Waste Hero Education?,"Jul 25, 2025",82,0
2023-09-13,w8GxkFvTPXY,What is Waste Hero Education?,"Jul 25, 2025",82,0
2023-09-14,w8GxkFvTPXY,What is Waste Hero Education?,"Jul 25, 2025",82,0
2023-09-15,w8GxkFvTPXY,What is Waste Hero Education?,"Jul 25, 2025",82,0
2023-09-16,w8GxkFvTPXY,What is Waste Hero Education?,"Jul 25, 2025",82,0
2023-09-17,w8GxkFvTPXY,What is Waste Hero Education?,"Jul 25, 2025",82,0
2023-09-18,w8GxkFvTPXY,What is Waste Hero Education?,"Jul 25, 2025",82,0
2023-09-19,w8GxkFvTPXY,What is Waste Hero Education?,"Jul 25, 2025",82,0
2023-09-20,w8GxkFvTPXY,What is Waste Hero Education?,"Jul 25, 2025",82,0
2023-09-21,w8GxkFvTPXY,What is Waste Hero Education?,"Jul 25, 2025",82,0
2023-09-22,w8GxkFvTPXY,What is Waste Hero Education?,"Jul 25, 2025",82,0
2023-09-23,w8GxkFvTPXY,What is Waste Hero Education?,"Jul 25, 2025",82,0
2023-09-24,w8GxkFvTPXY,What is Waste Hero Education?,"Jul 25, 2025",82,0
2023-09-25,w8GxkFvTPXY,What is Waste Hero Education?,"Jul 25, 2025",82,0
2023-09-26,w8GxkFvTPXY,What is Waste Hero Education?,"Jul 25, 2025",82,0
2023-09-27,w8GxkFvTPXY,What is Waste Hero Education?,"Jul 25, 2025",82,0
2023-09-28,w8GxkFvTPXY,What is Waste Hero Education?,"Jul 25, 2025",82,0
2023-09-29,w8GxkFvTPXY,What is Waste Hero Education?,"Jul 25, 2025",82,0
2023-09-30,w8GxkFvTPXY,What is Waste Hero Education?,"Jul 25, 2025",82,0
2023-10-01,w8GxkFvTPXY,What is Waste Hero Education?,"Jul 25, 2025",82,0
2023-10-02,w8GxkFvTPXY,What is Waste Hero Education?,"Jul 25, 2025",82,0
2023-10-03,w8GxkFvTPXY,What is Waste Hero Education?,"Jul 25, 2025",82,0
2023-10-04,w8GxkFvTPXY,What is Waste Hero Education?,"Jul 25, 2025",82,0
2023-10-05,w8GxkFvTPXY,What is Waste Hero Education?,"Jul 25, 2025",82,0
2023-10-06,w8GxkFvTPXY,What is Waste Hero Education?,"Jul 25, 2025",82,0
2023-10-07,w8GxkFvTPXY,What is Waste Hero Education?,"Jul 25, 2025",82,0
2023-10-08,w8GxkFvTPXY,What is Waste Hero Education?,"Jul 25, 2025",82,0
2023-10-09,w8GxkFvTPXY,What is Waste Hero Education?,"Jul 25, 2025",82,0
2023-10-10,w8GxkFvTPXY,What is Waste Hero Education?,"Jul 25, 2025",82,0
2023-10-11,w8GxkFvTPXY,What is Waste Hero Education?,"Jul 25, 2025",82,0
2023-10-12,w8GxkFvTPXY,What is Waste Hero Education?,"Jul 25, 2025",82,0
2023-10-13,w8GxkFvTPXY,What is Waste Hero Education?,"Jul 25, 2025",82,0
2023-10-14,w8GxkFvTPXY,What is Waste Hero Education?,"Jul 25, 2025",82,0
2023-10-15,w8GxkFvTPXY,What is Waste Hero Education?,"Jul 25, 2025",82,0
2023-10-16,w8GxkFvTPXY,What is Waste Hero Education?,"Jul 25, 2025",82,0
2023-10-17,w8GxkFvTPXY,What is Waste Hero Education?,"Jul 25, 2025",82,0
2023-10-18,w8GxkFvTPXY,What is Waste Hero Education?,"Jul 25, 2025",82,0
2023-10-19,w8GxkFvTPXY,What is Waste Hero Education?,"Jul 25, 2025",82,0
2023-10-20,w8GxkFvTPXY,What is Waste Hero Education?,"Jul 25, 2025",82,0
2023-10-21,w8GxkFvTPXY,What is Waste Hero Education?,"Jul 25, 2025",82,0
2023-10-22,w8GxkFvTPXY,What is Waste Hero Education?,"Jul 25, 2025",82,0
2023-10-23,w8GxkFvTPXY,What is Waste Hero Education?,"Jul 25, 2025",82,0
2023-10-24,w8GxkFvTPXY,What is Waste Hero Education?,"Jul 25, 2025",82,0
2023-10-25,w8GxkFvTPXY,What is Waste Hero Education?,"Jul 25, 2025",82,0
2023-10-26,w8GxkFvTPXY,What is Waste Hero Education?,"Jul 25, 2025",82,0
2023-10-27,w8GxkFvTPXY,What is Waste Hero Education?,"Jul 25, 2025",82,0
2023-10-28,w8GxkFvTPXY,What is Waste Hero Education?,"Jul 25, 2025",82,0
2023-10-29,w8GxkFvTPXY,What is Waste Hero Education?,"Jul 25, 2025",82,0
2023-10-30,w8GxkFvTPXY,What is Waste Hero Education?,"Jul 25, 2025",82,0
2023-10-31,w8GxkFvTPXY,What is Waste Hero Education?,"Jul 25, 2025",82,0
2023-11-01,w8GxkFvTPXY,What is Waste Hero Education?,"Jul 25, 2025",82,0
2023-11-02,w8GxkFvTPXY,What is Waste Hero Education?,"Jul 25, 2025",82,0
2023-11-03,w8GxkFvTPXY,What is Waste Hero Education?,"Jul 25, 2025",82,0
2023-11-04,w8GxkFvTPXY,What is Waste Hero Education?,"Jul 25, 2025",82,0
2023-11-05,w8GxkFvTPXY,What is Waste Hero Education?,"Jul 25, 2025",82,0
2023-11-06,w8GxkFvTPXY,What is Waste Hero Education?,"Jul 25, 2025",82,0
2023-11-07,w8GxkFvTPXY,What is Waste Hero Education?,"Jul 25, 2025",82,0
2023-11-08,w8GxkFvTPXY,What is Waste Hero Education?,"Jul 25, 2025",82,0
2023-11-09,w8GxkFvTPXY,What is Waste Hero Education?,"Jul 25, 2025",82,0
2023-11-10,w8GxkFvTPXY,What is Waste Hero Education?,"Jul 25, 2025",82,0
2023-11-11,w8GxkFvTPXY,What is Waste Hero Education?,"Jul 25, 2025",82,0
2023-11-12,w8GxkFvTPXY,What is Waste Hero Education?,"Jul 25, 2025",82,0
2023-11-13,w8GxkFvTPXY,What is Waste Hero Education?,"Jul 25, 2025",82,0
2023-11-14,w8GxkFvTPXY,What is Waste Hero Education?,"Jul 25, 2025",82,0
2023-11-15,w8GxkFvTPXY,What is Waste Hero Education?,"Jul 25, 2025",82,0
2023-11-16,w8GxkFvTPXY,What is Waste Hero Education?,"Jul 25, 2025",82,0
2023-11-17,w8GxkFvTPXY,What is Waste Hero Education?,"Jul 25, 2025",82,0
2023-11-18,w8GxkFvTPXY,What is Waste Hero Education?,"Jul 25, 2025",82,0
2023-11-19,w8GxkFvTPXY,What is Waste Hero Education?,"Jul 25, 2025",82,0
2023-11-20,w8GxkFvTPXY,What is Waste Hero Education?,"Jul 25, 2025",82,0
2023-11-21,w8GxkFvTPXY,What is Waste Hero Education?,"Jul 25, 2025",82,0
2023-11-22,w8GxkFvTPXY,What is Waste Hero Education?,"Jul 25, 2025",82,0
2023-11-23,w8GxkFvTPXY,What is Waste Hero Education?,"Jul 25, 2025",82,0
2023-11-24,w8GxkFvTPXY,What is Waste Hero Education?,"Jul 25, 2025",82,0
2023-11-25,w8GxkFvTPXY,What is Waste Hero Education?,"Jul 25, 2025",82,0
2023-11-26,w8GxkFvTPXY,What is Waste Hero Education?,"Jul 25, 2025",82,0
2023-11-27,w8GxkFvTPXY,What is Waste Hero Education?,"Jul 25, 2025",82,0
2023-11-28,w8GxkFvTPXY,What is Waste Hero Education?,"Jul 25, 2025",82,0
2023-11-29,w8GxkFvTPXY,What is Waste Hero Education?,"Jul 25, 2025",82,0
2023-11-30,w8GxkFvTPXY,What is Waste Hero Education?,"Jul 25, 2025",82,0
2023-12-01,w8GxkFvTPXY,What is Waste Hero Education?,"Jul 25, 2025",82,0
2023-12-02,w8GxkFvTPXY,What is Waste Hero Education?,"Jul 25, 2025",82,0
2023-12-03,w8GxkFvTPXY,What is Waste Hero Education?,"Jul 25, 2025",82,0
2023-12-04,w8GxkFvTPXY,What is Waste Hero Education?,"Jul 25, 2025",82,0
2023-12-05,w8GxkFvTPXY,What is Waste Hero Education?,"Jul 25, 2025",82,0
2023-12-06,w8GxkFvTPXY,What is Waste Hero Education?,"Jul 25, 2025",82,0
2023-12-07,w8GxkFvTPXY,What is Waste Hero Education?,"Jul 25, 2025",82,0
2023-12-08,w8GxkFvTPXY,What is Waste Hero Education?,"Jul 25, 2025",82,0
2023-12-09,w8GxkFvTPXY,What is Waste Hero Education?,"Jul 25, 2025",82,0
2023-12-10,w8GxkFvTPXY,What is Waste Hero Education?,"Jul 25, 2025",82,0
2023-12-11,w8GxkFvTPXY,What is Waste Hero Education?,"Jul 25, 2025",82,0
2023-12-12,w8GxkFvTPXY,What is Waste Hero Education?,"Jul 25, 2025",82,0
2023-12-13,w8GxkFvTPXY,What is Waste Hero Education?,"Jul 25, 2025",82,0
2023-12-14,w8GxkFvTPXY,What is Waste Hero Education?,"Jul 25, 2025",82,0
2023-12-15,w8GxkFvTPXY,What is Waste Hero Education?,"Jul 25, 2025",82,0
2023-12-16,w8GxkFvTPXY,What is Waste Hero Education?,"Jul 25, 2025",82,0
2023-12-17,w8GxkFvTPXY,What is Waste Hero Education?,"Jul 25, 2025",82,0
2023-12-18,w8GxkFvTPXY,What is Waste Hero Education?,"Jul 25, 2025",82,0
2023-12-19,w8GxkFvTPXY,What is Waste Hero Education?,"Jul 25, 2025",82,0
2023-12-20,w8GxkFvTPXY,What is Waste Hero Education?,"Jul 25, 2025",82,0
2023-12-21,w8GxkFvTPXY,What is Waste Hero Education?,"Jul 25, 2025",82,0
2023-12-22,w8GxkFvTPXY,What is Waste Hero Education?,"Jul 25, 2025",82,0
2023-12-23,w8GxkFvTPXY,What is Waste Hero Education?,"Jul 25, 2025",82,0
2023-12-24,w8GxkFvTPXY,What is Waste Hero Education?,"Jul 25, 2025",82,0
2023-12-25,w8GxkFvTPXY,What is Waste Hero Education?,"Jul 25, 2025",82,0
2023-12-26,w8GxkFvTPXY,What is Waste Hero Education?,"Jul 25, 2025",82,0
2023-12-27,w8GxkFvTPXY,What is Waste Hero Education?,"Jul 25, 2025",82,0
2023-12-28,w8GxkFvTPXY,What is Waste Hero Education?,"Jul 25, 2025",82,0
2023-12-29,w8GxkFvTPXY,What is Waste Hero Education?,"Jul 25, 2025",82,0
2023-12-30,w8GxkFvTPXY,What is Waste Hero Education?,"Jul 25, 2025",82,0
2023-12-31,w8GxkFvTPXY,What is Waste Hero Education?,"Jul 25, 2025",82,0
2024-01-01,w8GxkFvTPXY,What is Waste Hero Education?,"Jul 25, 2025",82,0
2024-01-02,w8GxkFvTPXY,What is Waste Hero Education?,"Jul 25, 2025",82,0
2024-01-03,w8GxkFvTPXY,What is Waste Hero Education?,"Jul 25, 2025",82,0
2024-01-04,w8GxkFvTPXY,What is Waste Hero Education?,"Jul 25, 2025",82,0
2024-01-05,w8GxkFvTPXY,What is Waste Hero Education?,"Jul 25, 2025",82,0
2024-01-06,w8GxkFvTPXY,What is Waste Hero Education?,"Jul 25, 2025",82,0
2024-01-07,w8GxkFvTPXY,What is Waste Hero Education?,"Jul 25, 2025",82,0
2024-01-08,w8GxkFvTPXY,What is Waste Hero Education?,"Jul 25, 2025",82,0
2024-01-09,w8GxkFvTPXY,What is Waste Hero Education?,"Jul 25, 2025",82,0
2024-01-10,w8GxkFvTPXY,What is Waste Hero Education?,"Jul 25, 2025",82,0
2024-01-11,w8GxkFvTPXY,What is Waste Hero Education?,"Jul 25, 2025",82,0
2024-01-12,w8GxkFvTPXY,What is Waste Hero Education?,"Jul 25, 2025",82,0
2024-01-13,w8GxkFvTPXY,What is Waste Hero Education?,"Jul 25, 2025",82,0
2024-01-14,w8GxkFvTPXY,What is Waste Hero Education?,"Jul 25, 2025",82,0
2024-01-15,w8GxkFvTPXY,What is Waste Hero Education?,"Jul 25, 2025",82,0
2024-01-16,w8GxkFvTPXY,What is Waste Hero Education?,"Jul 25, 2025",82,0
2024-01-17,w8GxkFvTPXY,What is Waste Hero Education?,"Jul 25, 2025",82,0
2024-01-18,w8GxkFvTPXY,What is Waste Hero Education?,"Jul 25, 2025",82,0
2024-01-19,w8GxkFvTPXY,What is Waste Hero Education?,"Jul 25, 2025",82,0
2024-01-20,w8GxkFvTPXY,What is Waste Hero Education?,"Jul 25, 2025",82,0
2024-01-21,w8GxkFvTPXY,What is Waste Hero Education?,"Jul 25, 2025",82,0
2024-01-22,w8GxkFvTPXY,What is Waste Hero Education?,"Jul 25, 2025",82,0
2024-01-23,w8GxkFvTPXY,What is Waste Hero Education?,"Jul 25, 2025",82,0
2024-01-24,w8GxkFvTPXY,What is Waste Hero Education?,"Jul 25, 2025",82,0
2024-01-25,w8GxkFvTPXY,What is Waste Hero Education?,"Jul 25, 2025",82,0
2024-01-26,w8GxkFvTPXY,What is Waste Hero Education?,"Jul 25, 2025",82,0
2024-01-27,w8GxkFvTPXY,What is Waste Hero Education?,"Jul 25, 2025",82,0
2024-01-28,w8GxkFvTPXY,What is Waste Hero Education?,"Jul 25, 2025",82,0
2024-01-29,w8GxkFvTPXY,What is Waste Hero Education?,"Jul 25, 2025",82,0
2024-01-30,w8GxkFvTPXY,What is Waste Hero Education?,"Jul 25, 2025",82,0
2024-01-31,w8GxkFvTPXY,What is Waste Hero Education?,"Jul 25, 2025",82,0
2024-02-01,w8GxkFvTPXY,What is Waste Hero Education?,"Jul 25, 2025",82,0
2024-02-02,w8GxkFvTPXY,What is Waste Hero Education?,"Jul 25, 2025",82,0
2024-02-03,w8GxkFvTPXY,What is Waste Hero Education?,"Jul 25, 2025",82,0
2024-02-04,w8GxkFvTPXY,What is Waste Hero Education?,"Jul 25, 2025",82,0
2024-02-05,w8GxkFvTPXY,What is Waste Hero Education?,"Jul 25, 2025",82,0
2024-02-06,w8GxkFvTPXY,What is Waste Hero Education?,"Jul 25, 2025",82,0
2024-02-07,w8GxkFvTPXY,What is Waste Hero Education?,"Jul 25, 2025",82,0
2024-02-08,w8GxkFvTPXY,What is Waste Hero Education?,"Jul 25, 2025",82,0
2024-02-09,w8GxkFvTPXY,What is Waste Hero Education?,"Jul 25, 2025",82,0
2024-02-10,w8GxkFvTPXY,What is Waste Hero Education?,"Jul 25, 2025",82,0
2024-02-11,w8GxkFvTPXY,What is Waste Hero Education?,"Jul 25, 2025",82,0
2024-02-12,w8GxkFvTPXY,What is Waste Hero Education?,"Jul 25, 2025",82,0
2024-02-13,w8GxkFvTPXY,What is Waste Hero Education?,"Jul 25, 2025",82,0
2024-02-14,w8GxkFvTPXY,What is Waste Hero Education?,"Jul 25, 2025",82,0
2024-02-15,w8GxkFvTPXY,What is Waste Hero Education?,"Jul 25, 2025",82,0
2024-02-16,w8GxkFvTPXY,What is Waste Hero Education?,"Jul 25, 2025",82,0
2024-02-17,w8GxkFvTPXY,What is Waste Hero Education?,"Jul 25, 2025",82,0
2024-02-18,w8GxkFvTPXY,What is Waste Hero Education?,"Jul 25, 2025",82,0
2024-02-19,w8GxkFvTPXY,What is Waste Hero Education?,"Jul 25, 2025",82,0
2024-02-20,w8GxkFvTPXY,What is Waste Hero Education?,"Jul 25, 2025",82,0
2024-02-21,w8GxkFvTPXY,What is Waste Hero Education?,"Jul 25, 2025",82,0
2024-02-22,w8GxkFvTPXY,What is Waste Hero Education?,"Jul 25, 2025",82,0
2024-02-23,w8GxkFvTPXY,What is Waste Hero Education?,"Jul 25, 2025",82,0
2024-02-24,w8GxkFvTPXY,What is Waste Hero Education?,"Jul 25, 2025",82,0
2024-02-25,w8GxkFvTPXY,What is Waste Hero Education?,"Jul 25, 2025",82,0
2024-02-26,w8GxkFvTPXY,What is Waste Hero Education?,"Jul 25, 2025",82,0
2024-02-27,w8GxkFvTPXY,What is Waste Hero Education?,"Jul 25, 2025",82,0
2024-02-28,w8GxkFvTPXY,What is Waste Hero Education?,"Jul 25, 2025",82,0
2024-02-29,w8GxkFvTPXY,What is Waste Hero Education?,"Jul 25, 2025",82,0
2024-03-01,w8GxkFvTPXY,What is Waste Hero Education?,"Jul 25, 2025",82,0
2024-03-02,w8GxkFvTPXY,What is Waste Hero Education?,"Jul 25, 2025",82,0
2024-03-03,w8GxkFvTPXY,What is Waste Hero Education?,"Jul 25, 2025",82,0
2024-03-04,w8GxkFvTPXY,What is Waste Hero Education?,"Jul 25, 2025",82,0
2024-03-05,w8GxkFvTPXY,What is Waste Hero Education?,"Jul 25, 2025",82,0
2024-03-06,w8GxkFvTPXY,What is Waste Hero Education?,"Jul 25, 2025",82,0
2024-03-07,w8GxkFvTPXY,What is Waste Hero Education?,"Jul 25, 2025",82,0
2024-03-08,w8GxkFvTPXY,What is Waste Hero Education?,"Jul 25, 2025",82,0
2024-03-09,w8GxkFvTPXY,What is Waste Hero Education?,"Jul 25, 2025",82,0
2024-03-10,w8GxkFvTPXY,What is Waste Hero Education?,"Jul 25, 2025",82,0
2024-03-11,w8GxkFvTPXY,What is Waste Hero Education?,"Jul 25, 2025",82,0
2024-03-12,w8GxkFvTPXY,What is Waste Hero Education?,"Jul 25, 2025",82,0
2024-03-13,w8GxkFvTPXY,What is Waste Hero Education?,"Jul 25, 2025",82,0
2024-03-14,w8GxkFvTPXY,What is Waste Hero Education?,"Jul 25, 2025",82,0
2024-03-15,w8GxkFvTPXY,What is Waste Hero Education?,"Jul 25, 2025",82,0
2024-03-16,w8GxkFvTPXY,What is Waste Hero Education?,"Jul 25, 2025",82,0
2024-03-17,w8GxkFvTPXY,What is Waste Hero Education?,"Jul 25, 2025",82,0
2024-03-18,w8GxkFvTPXY,What is Waste Hero Education?,"Jul 25, 2025",82,0
2024-03-19,w8GxkFvTPXY,What is Waste Hero Education?,"Jul 25, 2025",82,0
2024-03-20,w8GxkFvTPXY,What is Waste Hero Education?,"Jul 25, 2025",82,0
2024-03-21,w8GxkFvTPXY,What is Waste Hero Education?,"Jul 25, 2025",82,0
2024-03-22,w8GxkFvTPXY,What is Waste Hero Education?,"Jul 25, 2025",82,0
2024-03-23,w8GxkFvTPXY,What is Waste Hero Education?,"Jul 25, 2025",82,0
2024-03-24,w8GxkFvTPXY,What is Waste Hero Education?,"Jul 25, 2025",82,0
2024-03-25,w8GxkFvTPXY,What is Waste Hero Education?,"Jul 25, 2025",82,0
2024-03-26,w8GxkFvTPXY,What is Waste Hero Education?,"Jul 25, 2025",82,0
2024-03-27,w8GxkFvTPXY,What is Waste Hero Education?,"Jul 25, 2025",82,0
2024-03-28,w8GxkFvTPXY,What is Waste Hero Education?,"Jul 25, 2025",82,0
2024-03-29,w8GxkFvTPXY,What is Waste Hero Education?,"Jul 25, 2025",82,0
2024-03-30,w8GxkFvTPXY,What is Waste Hero Education?,"Jul 25, 2025",82,0
2024-03-31,w8GxkFvTPXY,What is Waste Hero Education?,"Jul 25, 2025",82,0
2024-04-01,w8GxkFvTPXY,What is Waste Hero Education?,"Jul 25, 2025",82,0
2024-04-02,w8GxkFvTPXY,What is Waste Hero Education?,"Jul 25, 2025",82,0
2024-04-03,w8GxkFvTPXY,What is Waste Hero Education?,"Jul 25, 2025",82,0
2024-04-04,w8GxkFvTPXY,What is Waste Hero Education?,"Jul 25, 2025",82,0
2024-04-05,w8GxkFvTPXY,What is Waste Hero Education?,"Jul 25, 2025",82,0
2024-04-06,w8GxkFvTPXY,What is Waste Hero Education?,"Jul 25, 2025",82,0
2024-04-07,w8GxkFvTPXY,What is Waste Hero Education?,"Jul 25, 2025",82,0
2024-04-08,w8GxkFvTPXY,What is Waste Hero Education?,"Jul 25, 2025",82,0
2024-04-09,w8GxkFvTPXY,What is Waste Hero Education?,"Jul 25, 2025",82,0
2024-04-10,w8GxkFvTPXY,What is Waste Hero Education?,"Jul 25, 2025",82,0
2024-04-11,w8GxkFvTPXY,What is Waste Hero Education?,"Jul 25, 2025",82,0
2024-04-12,w8GxkFvTPXY,What is Waste Hero Education?,"Jul 25, 2025",82,0
2024-04-13,w8GxkFvTPXY,What is Waste Hero Education?,"Jul 25, 2025",82,0
2024-04-14,w8GxkFvTPXY,What is Waste Hero Education?,"Jul 25, 2025",82,0
2024-04-15,w8GxkFvTPXY,What is Waste Hero Education?,"Jul 25, 2025",82,0
2024-04-16,w8GxkFvTPXY,What is Waste Hero Education?,"Jul 25, 2025",82,0
2024-04-17,w8GxkFvTPXY,What is Waste Hero Education?,"Jul 25, 2025",82,0
2024-04-18,w8GxkFvTPXY,What is Waste Hero Education?,"Jul 25, 2025",82,0
2024-04-19,w8GxkFvTPXY,What is Waste Hero Education?,"Jul 25, 2025",82,0
2024-04-20,w8GxkFvTPXY,What is Waste Hero Education?,"Jul 25, 2025",82,0
2024-04-21,w8GxkFvTPXY,What is Waste Hero Education?,"Jul 25, 2025",82,0
2024-04-22,w8GxkFvTPXY,What is Waste Hero Education?,"Jul 25, 2025",82,0
2024-04-23,w8GxkFvTPXY,What is Waste Hero Education?,"Jul 25, 2025",82,0
2024-04-24,w8GxkFvTPXY,What is Waste Hero Education?,"Jul 25, 2025",82,0
2024-04-25,w8GxkFvTPXY,What is Waste Hero Education?,"Jul 25, 2025",82,0
2024-04-26,w8GxkFvTPXY,What is Waste Hero Education?,"Jul 25, 2025",82,0
2024-04-27,w8GxkFvTPXY,What is Waste Hero Education?,"Jul 25, 2025",82,0
2024-04-28,w8GxkFvTPXY,What is Waste Hero Education?,"Jul 25, 2025",82,0
2024-04-29,w8GxkFvTPXY,What is Waste Hero Education?,"Jul 25, 2025",82,0
2024-04-30,w8GxkFvTPXY,What is Waste Hero Education?,"Jul 25, 2025",82,0
2024-05-01,w8GxkFvTPXY,What is Waste Hero Education?,"Jul 25, 2025",82,0
2024-05-02,w8GxkFvTPXY,What is Waste Hero Education?,"Jul 25, 2025",82,0
2024-05-03,w8GxkFvTPXY,What is Waste Hero Education?,"Jul 25, 2025",82,0
2024-05-04,w8GxkFvTPXY,What is Waste Hero Education?,"Jul 25, 2025",82,0
2024-05-05,w8GxkFvTPXY,What is Waste Hero Education?,"Jul 25, 2025",82,0
2024-05-06,w8GxkFvTPXY,What is Waste Hero Education?,"Jul 25, 2025",82,0
2024-05-07,w8GxkFvTPXY,What is Waste Hero Education?,"Jul 25, 2025",82,0
2024-05-08,w8GxkFvTPXY,What is Waste Hero Education?,"Jul 25, 2025",82,0
2024-05-09,w8GxkFvTPXY,What is Waste Hero Education?,"Jul 25, 2025",82,0
2024-05-10,w8GxkFvTPXY,What is Waste Hero Education?,"Jul 25, 2025",82,0
2024-05-11,w8GxkFvTPXY,What is Waste Hero Education?,"Jul 25, 2025",82,0
2024-05-12,w8GxkFvTPXY,What is Waste Hero Education?,"Jul 25, 2025",82,0
2024-05-13,w8GxkFvTPXY,What is Waste Hero Education?,"Jul 25, 2025",82,0
2024-05-14,w8GxkFvTPXY,What is Waste Hero Education?,"Jul 25, 2025",82,0
2024-05-15,w8GxkFvTPXY,What is Waste Hero Education?,"Jul 25, 2025",82,0
2024-05-16,w8GxkFvTPXY,What is Waste Hero Education?,"Jul 25, 2025",82,0
2024-05-17,w8GxkFvTPXY,What is Waste Hero Education?,"Jul 25, 2025",82,0
2024-05-18,w8GxkFvTPXY,What is Waste Hero Education?,"Jul 25, 2025",82,0
2024-05-19,w8GxkFvTPXY,What is Waste Hero Education?,"Jul 25, 2025",82,0
2024-05-20,w8GxkFvTPXY,What is Waste Hero Education?,"Jul 25, 2025",82,0
2024-05-21,w8GxkFvTPXY,What is Waste Hero Education?,"Jul 25, 2025",82,0
2024-05-22,w8GxkFvTPXY,What is Waste Hero Education?,"Jul 25, 2025",82,0
2024-05-23,w8GxkFvTPXY,What is Waste Hero Education?,"Jul 25, 2025",82,0
2024-05-24,w8GxkFvTPXY,What is Waste Hero Education?,"Jul 25, 2025",82,0
2024-05-25,w8GxkFvTPXY,What is Waste Hero Education?,"Jul 25, 2025",82,0
2024-05-26,w8GxkFvTPXY,What is Waste Hero Education?,"Jul 25, 2025",82,0
2024-05-27,w8GxkFvTPXY,What is Waste Hero Education?,"Jul 25, 2025",82,0
2024-05-28,w8GxkFvTPXY,What is Waste Hero Education?,"Jul 25, 2025",82,0
2024-05-29,w8GxkFvTPXY,What is Waste Hero Education?,"Jul 25, 2025",82,0
2024-05-30,w8GxkFvTPXY,What is Waste Hero Education?,"Jul 25, 2025",82,0
2024-05-31,w8GxkFvTPXY,What is Waste Hero Education?,"Jul 25, 2025",82,0
2024-06-01,w8GxkFvTPXY,What is Waste Hero Education?,"Jul 25, 2025",82,0
2024-06-02,w8GxkFvTPXY,What is Waste Hero Education?,"Jul 25, 2025",82,0
2024-06-03,w8GxkFvTPXY,What is Waste Hero Education?,"Jul 25, 2025",82,0
2024-06-04,w8GxkFvTPXY,What is Waste Hero Education?,"Jul 25, 2025",82,0
2024-06-05,w8GxkFvTPXY,What is Waste Hero Education?,"Jul 25, 2025",82,0
2024-06-06,w8GxkFvTPXY,What is Waste Hero Education?,"Jul 25, 2025",82,0
2024-06-07,w8GxkFvTPXY,What is Waste Hero Education?,"Jul 25, 2025",82,0
2024-06-08,w8GxkFvTPXY,What is Waste Hero Education?,"Jul 25, 2025",82,0
2024-06-09,w8GxkFvTPXY,What is Waste Hero Education?,"Jul 25, 2025",82,0
2024-06-10,w8GxkFvTPXY,What is Waste Hero Education?,"Jul 25, 2025",82,0
2024-06-11,w8GxkFvTPXY,What is Waste Hero Education?,"Jul 25, 2025",82,0
2024-06-12,w8GxkFvTPXY,What is Waste Hero Education?,"Jul 25, 2025",82,0
2024-06-13,w8GxkFvTPXY,What is Waste Hero Education?,"Jul 25, 2025",82,0
2024-06-14,w8GxkFvTPXY,What is Waste Hero Education?,"Jul 25, 2025",82,0
2024-06-15,w8GxkFvTPXY,What is Waste Hero Education?,"Jul 25, 2025",82,0
2024-06-16,w8GxkFvTPXY,What is Waste Hero Education?,"Jul 25, 2025",82,0
2024-06-17,w8GxkFvTPXY,What is Waste Hero Education?,"Jul 25, 2025",82,0
2024-06-18,w8GxkFvTPXY,What is Waste Hero Education?,"Jul 25, 2025",82,0
2024-06-19,w8GxkFvTPXY,What is Waste Hero Education?,"Jul 25, 2025",82,0
2024-06-20,w8GxkFvTPXY,What is Waste Hero Education?,"Jul 25, 2025",82,0
2024-06-21,w8GxkFvTPXY,What is Waste Hero Education?,"Jul 25, 2025",82,0
2024-06-22,w8GxkFvTPXY,What is Waste Hero Education?,"Jul 25, 2025",82,0
2024-06-23,w8GxkFvTPXY,What is Waste Hero Education?,"Jul 25, 2025",82,0
2024-06-24,w8GxkFvTPXY,What is Waste Hero Education?,"Jul 25, 2025",82,0
2024-06-25,w8GxkFvTPXY,What is Waste Hero Education?,"Jul 25, 2025",82,0
2024-06-26,w8GxkFvTPXY,What is Waste Hero Education?,"Jul 25, 2025",82,0
2024-06-27,w8GxkFvTPXY,What is Waste Hero Education?,"Jul 25, 2025",82,0
2024-06-28,w8GxkFvTPXY,What is Waste Hero Education?,"Jul 25, 2025",82,0
2024-06-29,w8GxkFvTPXY,What is Waste Hero Education?,"Jul 25, 2025",82,0
2024-06-30,w8GxkFvTPXY,What is Waste Hero Education?,"Jul 25, 2025",82,0
2024-07-01,w8GxkFvTPXY,What is Waste Hero Education?,"Jul 25, 2025",82,0
2024-07-02,w8GxkFvTPXY,What is Waste Hero Education?,"Jul 25, 2025",82,0
2024-07-03,w8GxkFvTPXY,What is Waste Hero Education?,"Jul 25, 2025",82,0
2024-07-04,w8GxkFvTPXY,What is Waste Hero Education?,"Jul 25, 2025",82,0
2024-07-05,w8GxkFvTPXY,What is Waste Hero Education?,"Jul 25, 2025",82,0
2024-07-06,w8GxkFvTPXY,What is Waste Hero Education?,"Jul 25, 2025",82,0
2024-07-07,w8GxkFvTPXY,What is Waste Hero Education?,"Jul 25, 2025",82,0
2024-07-08,w8GxkFvTPXY,What is Waste Hero Education?,"Jul 25, 2025",82,0
2024-07-09,w8GxkFvTPXY,What is Waste Hero Education?,"Jul 25, 2025",82,0
2024-07-10,w8GxkFvTPXY,What is Waste Hero Education?,"Jul 25, 2025",82,0
2024-07-11,w8GxkFvTPXY,What is Waste Hero Education?,"Jul 25, 2025",82,0
2024-07-12,w8GxkFvTPXY,What is Waste Hero Education?,"Jul 25, 2025",82,0
2024-07-13,w8GxkFvTPXY,What is Waste Hero Education?,"Jul 25, 2025",82,0
2024-07-14,w8GxkFvTPXY,What is Waste Hero Education?,"Jul 25, 2025",82,0
2024-07-15,w8GxkFvTPXY,What is Waste Hero Education?,"Jul 25, 2025",82,0
2024-07-16,w8GxkFvTPXY,What is Waste Hero Education?,"Jul 25, 2025",82,0
2024-07-17,w8GxkFvTPXY,What is Waste Hero Education?,"Jul 25, 2025",82,0
2024-07-18,w8GxkFvTPXY,What is Waste Hero Education?,"Jul 25, 2025",82,0
2024-07-19,w8GxkFvTPXY,What is Waste Hero Education?,"Jul 25, 2025",82,0
2024-07-20,w8GxkFvTPXY,What is Waste Hero Education?,"Jul 25, 2025",82,0
2024-07-21,w8GxkFvTPXY,What is Waste Hero Education?,"Jul 25, 2025",82,0
2024-07-22,w8GxkFvTPXY,What is Waste Hero Education?,"Jul 25, 2025",82,0
2024-07-23,w8GxkFvTPXY,What is Waste Hero Education?,"Jul 25, 2025",82,0
2024-07-24,w8GxkFvTPXY,What is Waste Hero Education?,"Jul 25, 2025",82,0
2024-07-25,w8GxkFvTPXY,What is Waste Hero Education?,"Jul 25, 2025",82,0
2024-07-26,w8GxkFvTPXY,What is Waste Hero Education?,"Jul 25, 2025",82,0
2024-07-27,w8GxkFvTPXY,What is Waste Hero Education?,"Jul 25, 2025",82,0
2024-07-28,w8GxkFvTPXY,What is Waste Hero Education?,"Jul 25, 2025",82,0
2024-07-29,w8GxkFvTPXY,What is Waste Hero Education?,"Jul 25, 2025",82,0
2024-07-30,w8GxkFvTPXY,What is Waste Hero Education?,"Jul 25, 2025",82,0
2024-07-31,w8GxkFvTPXY,What is Waste Hero Education?,"Jul 25, 2025",82,0
2024-08-01,w8GxkFvTPXY,What is Waste Hero Education?,"Jul 25, 2025",82,0
2024-08-02,w8GxkFvTPXY,What is Waste Hero Education?,"Jul 25, 2025",82,0
2024-08-03,w8GxkFvTPXY,What is Waste Hero Education?,"Jul 25, 2025",82,0
2024-08-04,w8GxkFvTPXY,What is Waste Hero Education?,"Jul 25, 2025",82,0
2024-08-05,w8GxkFvTPXY,What is Waste Hero Education?,"Jul 25, 2025",82,0
2024-08-06,w8GxkFvTPXY,What is Waste Hero Education?,"Jul 25, 2025",82,0
2024-08-07,w8GxkFvTPXY,What is Waste Hero Education?,"Jul 25, 2025",82,0
2024-08-08,w8GxkFvTPXY,What is Waste Hero Education?,"Jul 25, 2025",82,0
2024-08-09,w8GxkFvTPXY,What is Waste Hero Education?,"Jul 25, 2025",82,0
2024-08-10,w8GxkFvTPXY,What is Waste Hero Education?,"Jul 25, 2025",82,0
2024-08-11,w8GxkFvTPXY,What is Waste Hero Education?,"Jul 25, 2025",82,0
2024-08-12,w8GxkFvTPXY,What is Waste Hero Education?,"Jul 25, 2025",82,0
2024-08-13,w8GxkFvTPXY,What is Waste Hero Education?,"Jul 25, 2025",82,0
2024-08-14,w8GxkFvTPXY,What is Waste Hero Education?,"Jul 25, 2025",82,0
2024-08-15,w8GxkFvTPXY,What is Waste Hero Education?,"Jul 25, 2025",82,0
2024-08-16,w8GxkFvTPXY,What is Waste Hero Education?,"Jul 25, 2025",82,0
2024-08-17,w8GxkFvTPXY,What is Waste Hero Education?,"Jul 25, 2025",82,0
2024-08-18,w8GxkFvTPXY,What is Waste Hero Education?,"Jul 25, 2025",82,0
2024-08-19,w8GxkFvTPXY,What is Waste Hero Education?,"Jul 25, 2025",82,0
2024-08-20,w8GxkFvTPXY,What is Waste Hero Education?,"Jul 25, 2025",82,0
2024-08-21,w8GxkFvTPXY,What is Waste Hero Education?,"Jul 25, 2025",82,0
2024-08-22,w8GxkFvTPXY,What is Waste Hero Education?,"Jul 25, 2025",82,0
2024-08-23,w8GxkFvTPXY,What is Waste Hero Education?,"Jul 25, 2025",82,0
2024-08-24,w8GxkFvTPXY,What is Waste Hero Education?,"Jul 25, 2025",82,0
2024-08-25,w8GxkFvTPXY,What is Waste Hero Education?,"Jul 25, 2025",82,0
2024-08-26,w8GxkFvTPXY,What is Waste Hero Education?,"Jul 25, 2025",82,0
2024-08-27,w8GxkFvTPXY,What is Waste Hero Education?,"Jul 25, 2025",82,0
2024-08-28,w8GxkFvTPXY,What is Waste Hero Education?,"Jul 25, 2025",82,0
2024-08-29,w8GxkFvTPXY,What is Waste Hero Education?,"Jul 25, 2025",82,0
2024-08-30,w8GxkFvTPXY,What is Waste Hero Education?,"Jul 25, 2025",82,0
2024-08-31,w8GxkFvTPXY,What is Waste Hero Education?,"Jul 25, 2025",82,0
2024-09-01,w8GxkFvTPXY,What is Waste Hero Education?,"Jul 25, 2025",82,0
2024-09-02,w8GxkFvTPXY,What is Waste Hero Education?,"Jul 25, 2025",82,0
2024-09-03,w8GxkFvTPXY,What is Waste Hero Education?,"Jul 25, 2025",82,0
2024-09-04,w8GxkFvTPXY,What is Waste Hero Education?,"Jul 25, 2025",82,0
2024-09-05,w8GxkFvTPXY,What is Waste Hero Education?,"Jul 25, 2025",82,0
2024-09-06,w8GxkFvTPXY,What is Waste Hero Education?,"Jul 25, 2025",82,0
2024-09-07,w8GxkFvTPXY,What is Waste Hero Education?,"Jul 25, 2025",82,0
2024-09-08,w8GxkFvTPXY,What is Waste Hero Education?,"Jul 25, 2025",82,0
2024-09-09,w8GxkFvTPXY,What is Waste Hero Education?,"Jul 25, 2025",82,0
2024-09-10,w8GxkFvTPXY,What is Waste Hero Education?,"Jul 25, 2025",82,0
2024-09-11,w8GxkFvTPXY,What is Waste Hero Education?,"Jul 25, 2025",82,0
2024-09-12,w8GxkFvTPXY,What is Waste Hero Education?,"Jul 25, 2025",82,0
2024-09-13,w8GxkFvTPXY,What is Waste Hero Education?,"Jul 25, 2025",82,0
2024-09-14,w8GxkFvTPXY,What is Waste Hero Education?,"Jul 25, 2025",82,0
2024-09-15,w8GxkFvTPXY,What is Waste Hero Education?,"Jul 25, 2025",82,0
2024-09-16,w8GxkFvTPXY,What is Waste Hero Education?,"Jul 25, 2025",82,0
2024-09-17,w8GxkFvTPXY,What is Waste Hero Education?,"Jul 25, 2025",82,0
2024-09-18,w8GxkFvTPXY,What is Waste Hero Education?,"Jul 25, 2025",82,0
2024-09-19,w8GxkFvTPXY,What is Waste Hero Education?,"Jul 25, 2025",82,0
2024-09-20,w8GxkFvTPXY,What is Waste Hero Education?,"Jul 25, 2025",82,0
2024-09-21,w8GxkFvTPXY,What is Waste Hero Education?,"Jul 25, 2025",82,0
2024-09-22,w8GxkFvTPXY,What is Waste Hero Education?,"Jul 25, 2025",82,0
2024-09-23,w8GxkFvTPXY,What is Waste Hero Education?,"Jul 25, 2025",82,0
2024-09-24,w8GxkFvTPXY,What is Waste Hero Education?,"Jul 25, 2025",82,0
2024-09-25,w8GxkFvTPXY,What is Waste Hero Education?,"Jul 25, 2025",82,0
2024-09-26,w8GxkFvTPXY,What is Waste Hero Education?,"Jul 25, 2025",82,0
2024-09-27,w8GxkFvTPXY,What is Waste Hero Education?,"Jul 25, 2025",82,0
2024-09-28,w8GxkFvTPXY,What is Waste Hero Education?,"Jul 25, 2025",82,0
2024-09-29,w8GxkFvTPXY,What is Waste Hero Education?,"Jul 25, 2025",82,0
2024-09-30,w8GxkFvTPXY,What is Waste Hero Education?,"Jul 25, 2025",82,0
2024-10-01,w8GxkFvTPXY,What is Waste Hero Education?,"Jul 25, 2025",82,0
2024-10-02,w8GxkFvTPXY,What is Waste Hero Education?,"Jul 25, 2025",82,0
2024-10-03,w8GxkFvTPXY,What is Waste Hero Education?,"Jul 25, 2025",82,0
2024-10-04,w8GxkFvTPXY,What is Waste Hero Education?,"Jul 25, 2025",82,0
2024-10-05,w8GxkFvTPXY,What is Waste Hero Education?,"Jul 25, 2025",82,0
2024-10-06,w8GxkFvTPXY,What is Waste Hero Education?,"Jul 25, 2025",82,0
2024-10-07,w8GxkFvTPXY,What is Waste Hero Education?,"Jul 25, 2025",82,0
2024-10-08,w8GxkFvTPXY,What is Waste Hero Education?,"Jul 25, 2025",82,0
2024-10-09,w8GxkFvTPXY,What is Waste Hero Education?,"Jul 25, 2025",82,0
2024-10-10,w8GxkFvTPXY,What is Waste Hero Education?,"Jul 25, 2025",82,0
2024-10-11,w8GxkFvTPXY,What is Waste Hero Education?,"Jul 25, 2025",82,0
2024-10-12,w8GxkFvTPXY,What is Waste Hero Education?,"Jul 25, 2025",82,0
2024-10-13,w8GxkFvTPXY,What is Waste Hero Education?,"Jul 25, 2025",82,0
2024-10-14,w8GxkFvTPXY,What is Waste Hero Education?,"Jul 25, 2025",82,0
2024-10-15,w8GxkFvTPXY,What is Waste Hero Education?,"Jul 25, 2025",82,0
2024-10-16,w8GxkFvTPXY,What is Waste Hero Education?,"Jul 25, 2025",82,0
2024-10-17,w8GxkFvTPXY,What is Waste Hero Education?,"Jul 25, 2025",82,0
2024-10-18,w8GxkFvTPXY,What is Waste Hero Education?,"Jul 25, 2025",82,0
2024-10-19,w8GxkFvTPXY,What is Waste Hero Education?,"Jul 25, 2025",82,0
2024-10-20,w8GxkFvTPXY,What is Waste Hero Education?,"Jul 25, 2025",82,0
2024-10-21,w8GxkFvTPXY,What is Waste Hero Education?,"Jul 25, 2025",82,0
2024-10-22,w8GxkFvTPXY,What is Waste Hero Education?,"Jul 25, 2025",82,0
2024-10-23,w8GxkFvTPXY,What is Waste Hero Education?,"Jul 25, 2025",82,0
2024-10-24,w8GxkFvTPXY,What is Waste Hero Education?,"Jul 25, 2025",82,0
2024-10-25,w8GxkFvTPXY,What is Waste Hero Education?,"Jul 25, 2025",82,0
2024-10-26,w8GxkFvTPXY,What is Waste Hero Education?,"Jul 25, 2025",82,0
2024-10-27,w8GxkFvTPXY,What is Waste Hero Education?,"Jul 25, 2025",82,0
2024-10-28,w8GxkFvTPXY,What is Waste Hero Education?,"Jul 25, 2025",82,0
2024-10-29,w8GxkFvTPXY,What is Waste Hero Education?,"Jul 25, 2025",82,0
2024-10-30,w8GxkFvTPXY,What is Waste Hero Education?,"Jul 25, 2025",82,0
2024-10-31,w8GxkFvTPXY,What is Waste Hero Education?,"Jul 25, 2025",82,0
2024-11-01,w8GxkFvTPXY,What is Waste Hero Education?,"Jul 25, 2025",82,0
2024-11-02,w8GxkFvTPXY,What is Waste Hero Education?,"Jul 25, 2025",82,0
2024-11-03,w8GxkFvTPXY,What is Waste Hero Education?,"Jul 25, 2025",82,0
2024-11-04,w8GxkFvTPXY,What is Waste Hero Education?,"Jul 25, 2025",82,0
2024-11-05,w8GxkFvTPXY,What is Waste Hero Education?,"Jul 25, 2025",82,0
2024-11-06,w8GxkFvTPXY,What is Waste Hero Education?,"Jul 25, 2025",82,0
2024-11-07,w8GxkFvTPXY,What is Waste Hero Education?,"Jul 25, 2025",82,0
2024-11-08,w8GxkFvTPXY,What is Waste Hero Education?,"Jul 25, 2025",82,0
2024-11-09,w8GxkFvTPXY,What is Waste Hero Education?,"Jul 25, 2025",82,0
2024-11-10,w8GxkFvTPXY,What is Waste Hero Education?,"Jul 25, 2025",82,0
2024-11-11,w8GxkFvTPXY,What is Waste Hero Education?,"Jul 25, 2025",82,0
2024-11-12,w8GxkFvTPXY,What is Waste Hero Education?,"Jul 25, 2025",82,0
2024-11-13,w8GxkFvTPXY,What is Waste Hero Education?,"Jul 25, 2025",82,0
2024-11-14,w8GxkFvTPXY,What is Waste Hero Education?,"Jul 25, 2025",82,0
2024-11-15,w8GxkFvTPXY,What is Waste Hero Education?,"Jul 25, 2025",82,0
2024-11-16,w8GxkFvTPXY,What is Waste Hero Education?,"Jul 25, 2025",82,0
2024-11-17,w8GxkFvTPXY,What is Waste Hero Education?,"Jul 25, 2025",82,0
2024-11-18,w8GxkFvTPXY,What is Waste Hero Education?,"Jul 25, 2025",82,0
2024-11-19,w8GxkFvTPXY,What is Waste Hero Education?,"Jul 25, 2025",82,0
2024-11-20,w8GxkFvTPXY,What is Waste Hero Education?,"Jul 25, 2025",82,0
2024-11-21,w8GxkFvTPXY,What is Waste Hero Education?,"Jul 25, 2025",82,0
2024-11-22,w8GxkFvTPXY,What is Waste Hero Education?,"Jul 25, 2025",82,0
2024-11-23,w8GxkFvTPXY,What is Waste Hero Education?,"Jul 25, 2025",82,0
2024-11-24,w8GxkFvTPXY,What is Waste Hero Education?,"Jul 25, 2025",82,0
2024-11-25,w8GxkFvTPXY,What is Waste Hero Education?,"Jul 25, 2025",82,0
2024-11-26,w8GxkFvTPXY,What is Waste Hero Education?,"Jul 25, 2025",82,0
2024-11-27,w8GxkFvTPXY,What is Waste Hero Education?,"Jul 25, 2025",82,0
2024-11-28,w8GxkFvTPXY,What is Waste Hero Education?,"Jul 25, 2025",82,0
2024-11-29,w8GxkFvTPXY,What is Waste Hero Education?,"Jul 25, 2025",82,0
2024-11-30,w8GxkFvTPXY,What is Waste Hero Education?,"Jul 25, 2025",82,0
2024-12-01,w8GxkFvTPXY,What is Waste Hero Education?,"Jul 25, 2025",82,0
2024-12-02,w8GxkFvTPXY,What is Waste Hero Education?,"Jul 25, 2025",82,0
2024-12-03,w8GxkFvTPXY,What is Waste Hero Education?,"Jul 25, 2025",82,0
2024-12-04,w8GxkFvTPXY,What is Waste Hero Education?,"Jul 25, 2025",82,0
2024-12-05,w8GxkFvTPXY,What is Waste Hero Education?,"Jul 25, 2025",82,0
2024-12-06,w8GxkFvTPXY,What is Waste Hero Education?,"Jul 25, 2025",82,0
2024-12-07,w8GxkFvTPXY,What is Waste Hero Education?,"Jul 25, 2025",82,0
2024-12-08,w8GxkFvTPXY,What is Waste Hero Education?,"Jul 25, 2025",82,0
2024-12-09,w8GxkFvTPXY,What is Waste Hero Education?,"Jul 25, 2025",82,0
2024-12-10,w8GxkFvTPXY,What is Waste Hero Education?,"Jul 25, 2025",82,0
2024-12-11,w8GxkFvTPXY,What is Waste Hero Education?,"Jul 25, 2025",82,0
2024-12-12,w8GxkFvTPXY,What is Waste Hero Education?,"Jul 25, 2025",82,0
2024-12-13,w8GxkFvTPXY,What is Waste Hero Education?,"Jul 25, 2025",82,0
2024-12-14,w8GxkFvTPXY,What is Waste Hero Education?,"Jul 25, 2025",82,0
2024-12-15,w8GxkFvTPXY,What is Waste Hero Education?,"Jul 25, 2025",82,0
2024-12-16,w8GxkFvTPXY,What is Waste Hero Education?,"Jul 25, 2025",82,0
2024-12-17,w8GxkFvTPXY,What is Waste Hero Education?,"Jul 25, 2025",82,0
2024-12-18,w8GxkFvTPXY,What is Waste Hero Education?,"Jul 25, 2025",82,0
2024-12-19,w8GxkFvTPXY,What is Waste Hero Education?,"Jul 25, 2025",82,0
2024-12-20,w8GxkFvTPXY,What is Waste Hero Education?,"Jul 25, 2025",82,0
2024-12-21,w8GxkFvTPXY,What is Waste Hero Education?,"Jul 25, 2025",82,0
2024-12-22,w8GxkFvTPXY,What is Waste Hero Education?,"Jul 25, 2025",82,0
2024-12-23,w8GxkFvTPXY,What is Waste Hero Education?,"Jul 25, 2025",82,0
2024-12-24,w8GxkFvTPXY,What is Waste Hero Education?,"Jul 25, 2025",82,0
2024-12-25,w8GxkFvTPXY,What is Waste Hero Education?,"Jul 25, 2025",82,0
2024-12-26,w8GxkFvTPXY,What is Waste Hero Education?,"Jul 25, 2025",82,0
2024-12-27,w8GxkFvTPXY,What is Waste Hero Education?,"Jul 25, 2025",82,0
2024-12-28,w8GxkFvTPXY,What is Waste Hero Education?,"Jul 25, 2025",82,0
2024-12-29,w8GxkFvTPXY,What is Waste Hero Education?,"Jul 25, 2025",82,0
2024-12-30,w8GxkFvTPXY,What is Waste Hero Education?,"Jul 25, 2025",82,0
2024-12-31,w8GxkFvTPXY,What is Waste Hero Education?,"Jul 25, 2025",82,0
2025-01-01,w8GxkFvTPXY,What is Waste Hero Education?,"Jul 25, 2025",82,0
2025-01-02,w8GxkFvTPXY,What is Waste Hero Education?,"Jul 25, 2025",82,0
2025-01-03,w8GxkFvTPXY,What is Waste Hero Education?,"Jul 25, 2025",82,0
2025-01-04,w8GxkFvTPXY,What is Waste Hero Education?,"Jul 25, 2025",82,0
2025-01-05,w8GxkFvTPXY,What is Waste Hero Education?,"Jul 25, 2025",82,0
2025-01-06,w8GxkFvTPXY,What is Waste Hero Education?,"Jul 25, 2025",82,0
2025-01-07,w8GxkFvTPXY,What is Waste Hero Education?,"Jul 25, 2025",82,0
2025-01-08,w8GxkFvTPXY,What is Waste Hero Education?,"Jul 25, 2025",82,0
2025-01-09,w8GxkFvTPXY,What is Waste Hero Education?,"Jul 25, 2025",82,0
2025-01-10,w8GxkFvTPXY,What is Waste Hero Education?,"Jul 25, 2025",82,0
2025-01-11,w8GxkFvTPXY,What is Waste Hero Education?,"Jul 25, 2025",82,0
2025-01-12,w8GxkFvTPXY,What is Waste Hero Education?,"Jul 25, 2025",82,0
2025-01-13,w8GxkFvTPXY,What is Waste Hero Education?,"Jul 25, 2025",82,0
2025-01-14,w8GxkFvTPXY,What is Waste Hero Education?,"Jul 25, 2025",82,0
2025-01-15,w8GxkFvTPXY,What is Waste Hero Education?,"Jul 25, 2025",82,0
2025-01-16,w8GxkFvTPXY,What is Waste Hero Education?,"Jul 25, 2025",82,0
2025-01-17,w8GxkFvTPXY,What is Waste Hero Education?,"Jul 25, 2025",82,0
2025-01-18,w8GxkFvTPXY,What is Waste Hero Education?,"Jul 25, 2025",82,0
2025-01-19,w8GxkFvTPXY,What is Waste Hero Education?,"Jul 25, 2025",82,0
2025-01-20,w8GxkFvTPXY,What is Waste Hero Education?,"Jul 25, 2025",82,0
2025-01-21,w8GxkFvTPXY,What is Waste Hero Education?,"Jul 25, 2025",82,0
2025-01-22,w8GxkFvTPXY,What is Waste Hero Education?,"Jul 25, 2025",82,0
2025-01-23,w8GxkFvTPXY,What is Waste Hero Education?,"Jul 25, 2025",82,0
2025-01-24,w8GxkFvTPXY,What is Waste Hero Education?,"Jul 25, 2025",82,0
2025-01-25,w8GxkFvTPXY,What is Waste Hero Education?,"Jul 25, 2025",82,0
2025-01-26,w8GxkFvTPXY,What is Waste Hero Education?,"Jul 25, 2025",82,0
2025-01-27,w8GxkFvTPXY,What is Waste Hero Education?,"Jul 25, 2025",82,0
2025-01-28,w8GxkFvTPXY,What is Waste Hero Education?,"Jul 25, 2025",82,0
2025-01-29,w8GxkFvTPXY,What is Waste Hero Education?,"Jul 25, 2025",82,0
2025-01-30,w8GxkFvTPXY,What is Waste Hero Education?,"Jul 25, 2025",82,0
2025-01-31,w8GxkFvTPXY,What is Waste Hero Education?,"Jul 25, 2025",82,0
2025-02-01,w8GxkFvTPXY,What is Waste Hero Education?,"Jul 25, 2025",82,0
2025-02-02,w8GxkFvTPXY,What is Waste Hero Education?,"Jul 25, 2025",82,0
2025-02-03,w8GxkFvTPXY,What is Waste Hero Education?,"Jul 25, 2025",82,0
2025-02-04,w8GxkFvTPXY,What is Waste Hero Education?,"Jul 25, 2025",82,0
2025-02-05,w8GxkFvTPXY,What is Waste Hero Education?,"Jul 25, 2025",82,0
2025-02-06,w8GxkFvTPXY,What is Waste Hero Education?,"Jul 25, 2025",82,0
2025-02-07,w8GxkFvTPXY,What is Waste Hero Education?,"Jul 25, 2025",82,0
2025-02-08,w8GxkFvTPXY,What is Waste Hero Education?,"Jul 25, 2025",82,0
2025-02-09,w8GxkFvTPXY,What is Waste Hero Education?,"Jul 25, 2025",82,0
2025-02-10,w8GxkFvTPXY,What is Waste Hero Education?,"Jul 25, 2025",82,0
2025-02-11,w8GxkFvTPXY,What is Waste Hero Education?,"Jul 25, 2025",82,0
2025-02-12,w8GxkFvTPXY,What is Waste Hero Education?,"Jul 25, 2025",82,0
2025-02-13,w8GxkFvTPXY,What is Waste Hero Education?,"Jul 25, 2025",82,0
2025-02-14,w8GxkFvTPXY,What is Waste Hero Education?,"Jul 25, 2025",82,0
2025-02-15,w8GxkFvTPXY,What is Waste Hero Education?,"Jul 25, 2025",82,0
2025-02-16,w8GxkFvTPXY,What is Waste Hero Education?,"Jul 25, 2025",82,0
2025-02-17,w8GxkFvTPXY,What is Waste Hero Education?,"Jul 25, 2025",82,0
2025-02-18,w8GxkFvTPXY,What is Waste Hero Education?,"Jul 25, 2025",82,0
2025-02-19,w8GxkFvTPXY,What is Waste Hero Education?,"Jul 25, 2025",82,0
2025-02-20,w8GxkFvTPXY,What is Waste Hero Education?,"Jul 25, 2025",82,0
2025-02-21,w8GxkFvTPXY,What is Waste Hero Education?,"Jul 25, 2025",82,0
2025-02-22,w8GxkFvTPXY,What is Waste Hero Education?,"Jul 25, 2025",82,0
2025-02-23,w8GxkFvTPXY,What is Waste Hero Education?,"Jul 25, 2025",82,0
2025-02-24,w8GxkFvTPXY,What is Waste Hero Education?,"Jul 25, 2025",82,0
2025-02-25,w8GxkFvTPXY,What is Waste Hero Education?,"Jul 25, 2025",82,0
2025-02-26,w8GxkFvTPXY,What is Waste Hero Education?,"Jul 25, 2025",82,0
2025-02-27,w8GxkFvTPXY,What is Waste Hero Education?,"Jul 25, 2025",82,0
2025-02-28,w8GxkFvTPXY,What is Waste Hero Education?,"Jul 25, 2025",82,0
2025-03-01,w8GxkFvTPXY,What is Waste Hero Education?,"Jul 25, 2025",82,0
2025-03-02,w8GxkFvTPXY,What is Waste Hero Education?,"Jul 25, 2025",82,0
2025-03-03,w8GxkFvTPXY,What is Waste Hero Education?,"Jul 25, 2025",82,0
2025-03-04,w8GxkFvTPXY,What is Waste Hero Education?,"Jul 25, 2025",82,0
2025-03-05,w8GxkFvTPXY,What is Waste Hero Education?,"Jul 25, 2025",82,0
2025-03-06,w8GxkFvTPXY,What is Waste Hero Education?,"Jul 25, 2025",82,0
2025-03-07,w8GxkFvTPXY,What is Waste Hero Education?,"Jul 25, 2025",82,0
2025-03-08,w8GxkFvTPXY,What is Waste Hero Education?,"Jul 25, 2025",82,0
2025-03-09,w8GxkFvTPXY,What is Waste Hero Education?,"Jul 25, 2025",82,0
2025-03-10,w8GxkFvTPXY,What is Waste Hero Education?,"Jul 25, 2025",82,0
2025-03-11,w8GxkFvTPXY,What is Waste Hero Education?,"Jul 25, 2025",82,0
2025-03-12,w8GxkFvTPXY,What is Waste Hero Education?,"Jul 25, 2025",82,0
2025-03-13,w8GxkFvTPXY,What is Waste Hero Education?,"Jul 25, 2025",82,0
2025-03-14,w8GxkFvTPXY,What is Waste Hero Education?,"Jul 25, 2025",82,0
2025-03-15,w8GxkFvTPXY,What is Waste Hero Education?,"Jul 25, 2025",82,0
2025-03-16,w8GxkFvTPXY,What is Waste Hero Education?,"Jul 25, 2025",82,0
2025-03-17,w8GxkFvTPXY,What is Waste Hero Education?,"Jul 25, 2025",82,0
2025-03-18,w8GxkFvTPXY,What is Waste Hero Education?,"Jul 25, 2025",82,0
2025-03-19,w8GxkFvTPXY,What is Waste Hero Education?,"Jul 25, 2025",82,0
2025-03-20,w8GxkFvTPXY,What is Waste Hero Education?,"Jul 25, 2025",82,0
2025-03-21,w8GxkFvTPXY,What is Waste Hero Education?,"Jul 25, 2025",82,0
2025-03-22,w8GxkFvTPXY,What is Waste Hero Education?,"Jul 25, 2025",82,0
2025-03-23,w8GxkFvTPXY,What is Waste Hero Education?,"Jul 25, 2025",82,0
2025-03-24,w8GxkFvTPXY,What is Waste Hero Education?,"Jul 25, 2025",82,0
2025-03-25,w8GxkFvTPXY,What is Waste Hero Education?,"Jul 25, 2025",82,0
2025-03-26,w8GxkFvTPXY,What is Waste Hero Education?,"Jul 25, 2025",82,0
2025-03-27,w8GxkFvTPXY,What is Waste Hero Education?,"Jul 25, 2025",82,0
2025-03-28,w8GxkFvTPXY,What is Waste Hero Education?,"Jul 25, 2025",82,0
2025-03-29,w8GxkFvTPXY,What is Waste Hero Education?,"Jul 25, 2025",82,0
2025-03-30,w8GxkFvTPXY,What is Waste Hero Education?,"Jul 25, 2025",82,0
2025-03-31,w8GxkFvTPXY,What is Waste Hero Education?,"Jul 25, 2025",82,0
2025-04-01,w8GxkFvTPXY,What is Waste Hero Education?,"Jul 25, 2025",82,0
2025-04-02,w8GxkFvTPXY,What is Waste Hero Education?,"Jul 25, 2025",82,0
2025-04-03,w8GxkFvTPXY,What is Waste Hero Education?,"Jul 25, 2025",82,0
2025-04-04,w8GxkFvTPXY,What is Waste Hero Education?,"Jul 25, 2025",82,0
2025-04-05,w8GxkFvTPXY,What is Waste Hero Education?,"Jul 25, 2025",82,0
2025-04-06,w8GxkFvTPXY,What is Waste Hero Education?,"Jul 25, 2025",82,0
2025-04-07,w8GxkFvTPXY,What is Waste Hero Education?,"Jul 25, 2025",82,0
2025-04-08,w8GxkFvTPXY,What is Waste Hero Education?,"Jul 25, 2025",82,0
2025-04-09,w8GxkFvTPXY,What is Waste Hero Education?,"Jul 25, 2025",82,0
2025-04-10,w8GxkFvTPXY,What is Waste Hero Education?,"Jul 25, 2025",82,0
2025-04-11,w8GxkFvTPXY,What is Waste Hero Education?,"Jul 25, 2025",82,0
2025-04-12,w8GxkFvTPXY,What is Waste Hero Education?,"Jul 25, 2025",82,0
2025-04-13,w8GxkFvTPXY,What is Waste Hero Education?,"Jul 25, 2025",82,0
2025-04-14,w8GxkFvTPXY,What is Waste Hero Education?,"Jul 25, 2025",82,0
2025-04-15,w8GxkFvTPXY,What is Waste Hero Education?,"Jul 25, 2025",82,0
2025-04-16,w8GxkFvTPXY,What is Waste Hero Education?,"Jul 25, 2025",82,0
2025-04-17,w8GxkFvTPXY,What is Waste Hero Education?,"Jul 25, 2025",82,0
2025-04-18,w8GxkFvTPXY,What is Waste Hero Education?,"Jul 25, 2025",82,0
2025-04-19,w8GxkFvTPXY,What is Waste Hero Education?,"Jul 25, 2025",82,0
2025-04-20,w8GxkFvTPXY,What is Waste Hero Education?,"Jul 25, 2025",82,0
2025-04-21,w8GxkFvTPXY,What is Waste Hero Education?,"Jul 25, 2025",82,0
2025-04-22,w8GxkFvTPXY,What is Waste Hero Education?,"Jul 25, 2025",82,0
2025-04-23,w8GxkFvTPXY,What is Waste Hero Education?,"Jul 25, 2025",82,0
2025-04-24,w8GxkFvTPXY,What is Waste Hero Education?,"Jul 25, 2025",82,0
2025-04-25,w8GxkFvTPXY,What is Waste Hero Education?,"Jul 25, 2025",82,0
2025-04-26,w8GxkFvTPXY,What is Waste Hero Education?,"Jul 25, 2025",82,0
2025-04-27,w8GxkFvTPXY,What is Waste Hero Education?,"Jul 25, 2025",82,0
2025-04-28,w8GxkFvTPXY,What is Waste Hero Education?,"Jul 25, 2025",82,0
2025-04-29,w8GxkFvTPXY,What is Waste Hero Education?,"Jul 25, 2025",82,0
2025-04-30,w8GxkFvTPXY,What is Waste Hero Education?,"Jul 25, 2025",82,0
2025-05-01,w8GxkFvTPXY,What is Waste Hero Education?,"Jul 25, 2025",82,0
2025-05-02,w8GxkFvTPXY,What is Waste Hero Education?,"Jul 25, 2025",82,0
2025-05-03,w8GxkFvTPXY,What is Waste Hero Education?,"Jul 25, 2025",82,0
2025-05-04,w8GxkFvTPXY,What is Waste Hero Education?,"Jul 25, 2025",82,0
2025-05-05,w8GxkFvTPXY,What is Waste Hero Education?,"Jul 25, 2025",82,0
2025-05-06,w8GxkFvTPXY,What is Waste Hero Education?,"Jul 25, 2025",82,0
2025-05-07,w8GxkFvTPXY,What is Waste Hero Education?,"Jul 25, 2025",82,0
2025-05-08,w8GxkFvTPXY,What is Waste Hero Education?,"Jul 25, 2025",82,0
2025-05-09,w8GxkFvTPXY,What is Waste Hero Education?,"Jul 25, 2025",82,0
2025-05-10,w8GxkFvTPXY,What is Waste Hero Education?,"Jul 25, 2025",82,0
2025-05-11,w8GxkFvTPXY,What is Waste Hero Education?,"Jul 25, 2025",82,0
2025-05-12,w8GxkFvTPXY,What is Waste Hero Education?,"Jul 25, 2025",82,0
2025-05-13,w8GxkFvTPXY,What is Waste Hero Education?,"Jul 25, 2025",82,0
2025-05-14,w8GxkFvTPXY,What is Waste Hero Education?,"Jul 25, 2025",82,0
2025-05-15,w8GxkFvTPXY,What is Waste Hero Education?,"Jul 25, 2025",82,0
2025-05-16,w8GxkFvTPXY,What is Waste Hero Education?,"Jul 25, 2025",82,0
2025-05-17,w8GxkFvTPXY,What is Waste Hero Education?,"Jul 25, 2025",82,0
2025-05-18,w8GxkFvTPXY,What is Waste Hero Education?,"Jul 25, 2025",82,0
2025-05-19,w8GxkFvTPXY,What is Waste Hero Education?,"Jul 25, 2025",82,0
2025-05-20,w8GxkFvTPXY,What is Waste Hero Education?,"Jul 25, 2025",82,0
2025-05-21,w8GxkFvTPXY,What is Waste Hero Education?,"Jul 25, 2025",82,0
2025-05-22,w8GxkFvTPXY,What is Waste Hero Education?,"Jul 25, 2025",82,0
2025-05-23,w8GxkFvTPXY,What is Waste Hero Education?,"Jul 25, 2025",82,0
2025-05-24,w8GxkFvTPXY,What is Waste Hero Education?,"Jul 25, 2025",82,0
2025-05-25,w8GxkFvTPXY,What is Waste Hero Education?,"Jul 25, 2025",82,0
2025-05-26,w8GxkFvTPXY,What is Waste Hero Education?,"Jul 25, 2025",82,0
2025-05-27,w8GxkFvTPXY,What is Waste Hero Education?,"Jul 25, 2025",82,0
2025-05-28,w8GxkFvTPXY,What is Waste Hero Education?,"Jul 25, 2025",82,0
2025-05-29,w8GxkFvTPXY,What is Waste Hero Education?,"Jul 25, 2025",82,0
2025-05-30,w8GxkFvTPXY,What is Waste Hero Education?,"Jul 25, 2025",82,0
2025-05-31,w8GxkFvTPXY,What is Waste Hero Education?,"Jul 25, 2025",82,0
2025-06-01,w8GxkFvTPXY,What is Waste Hero Education?,"Jul 25, 2025",82,0
2025-06-02,w8GxkFvTPXY,What is Waste Hero Education?,"Jul 25, 2025",82,0
2025-06-03,w8GxkFvTPXY,What is Waste Hero Education?,"Jul 25, 2025",82,0
2025-06-04,w8GxkFvTPXY,What is Waste Hero Education?,"Jul 25, 2025",82,0
2025-06-05,w8GxkFvTPXY,What is Waste Hero Education?,"Jul 25, 2025",82,0
2025-06-06,w8GxkFvTPXY,What is Waste Hero Education?,"Jul 25, 2025",82,0
2025-06-07,w8GxkFvTPXY,What is Waste Hero Education?,"Jul 25, 2025",82,0
2025-06-08,w8GxkFvTPXY,What is Waste Hero Education?,"Jul 25, 2025",82,0
2025-06-09,w8GxkFvTPXY,What is Waste Hero Education?,"Jul 25, 2025",82,0
2025-06-10,w8GxkFvTPXY,What is Waste Hero Education?,"Jul 25, 2025",82,0
2025-06-11,w8GxkFvTPXY,What is Waste Hero Education?,"Jul 25, 2025",82,0
2025-06-12,w8GxkFvTPXY,What is Waste Hero Education?,"Jul 25, 2025",82,0
2025-06-13,w8GxkFvTPXY,What is Waste Hero Education?,"Jul 25, 2025",82,0
2025-06-14,w8GxkFvTPXY,What is Waste Hero Education?,"Jul 25, 2025",82,0
2025-06-15,w8GxkFvTPXY,What is Waste Hero Education?,"Jul 25, 2025",82,0
2025-06-16,w8GxkFvTPXY,What is Waste Hero Education?,"Jul 25, 2025",82,0
2025-06-17,w8GxkFvTPXY,What is Waste Hero Education?,"Jul 25, 2025",82,0
2025-06-18,w8GxkFvTPXY,What is Waste Hero Education?,"Jul 25, 2025",82,0
2025-06-19,w8GxkFvTPXY,What is Waste Hero Education?,"Jul 25, 2025",82,0
2025-06-20,w8GxkFvTPXY,What is Waste Hero Education?,"Jul 25, 2025",82,0
2025-06-21,w8GxkFvTPXY,What is Waste Hero Education?,"Jul 25, 2025",82,0
2025-06-22,w8GxkFvTPXY,What is Waste Hero Education?,"Jul 25, 2025",82,0
2025-06-23,w8GxkFvTPXY,What is Waste Hero Education?,"Jul 25, 2025",82,0
2025-06-24,w8GxkFvTPXY,What is Waste Hero Education?,"Jul 25, 2025",82,0
2025-06-25,w8GxkFvTPXY,What is Waste Hero Education?,"Jul 25, 2025",82,0
2025-06-26,w8GxkFvTPXY,What is Waste Hero Education?,"Jul 25, 2025",82,0
2025-06-27,w8GxkFvTPXY,What is Waste Hero Education?,"Jul 25, 2025",82,0
2025-06-28,w8GxkFvTPXY,What is Waste Hero Education?,"Jul 25, 2025",82,0
2025-06-29,w8GxkFvTPXY,What is Waste Hero Education?,"Jul 25, 2025",82,0
2025-06-30,w8GxkFvTPXY,What is Waste Hero Education?,"Jul 25, 2025",82,0
2025-07-01,w8GxkFvTPXY,What is Waste Hero Education?,"Jul 25, 2025",82,0
2025-07-02,w8GxkFvTPXY,What is Waste Hero Education?,"Jul 25, 2025",82,0
2025-07-03,w8GxkFvTPXY,What is Waste Hero Education?,"Jul 25, 2025",82,0
2025-07-04,w8GxkFvTPXY,What is Waste Hero Education?,"Jul 25, 2025",82,0
2025-07-05,w8GxkFvTPXY,What is Waste Hero Education?,"Jul 25, 2025",82,0
2025-07-06,w8GxkFvTPXY,What is Waste Hero Education?,"Jul 25, 2025",82,0
2025-07-07,w8GxkFvTPXY,What is Waste Hero Education?,"Jul 25, 2025",82,0
2025-07-08,w8GxkFvTPXY,What is Waste Hero Education?,"Jul 25, 2025",82,0
2025-07-09,w8GxkFvTPXY,What is Waste Hero Education?,"Jul 25, 2025",82,0
2025-07-10,w8GxkFvTPXY,What is Waste Hero Education?,"Jul 25, 2025",82,0
2025-07-11,w8GxkFvTPXY,What is Waste Hero Education?,"Jul 25, 2025",82,0
2025-07-12,w8GxkFvTPXY,What is Waste Hero Education?,"Jul 25, 2025",82,0
2025-07-13,w8GxkFvTPXY,What is Waste Hero Education?,"Jul 25, 2025",82,0
2025-07-14,w8GxkFvTPXY,What is Waste Hero Education?,"Jul 25, 2025",82,0
2025-07-15,w8GxkFvTPXY,What is Waste Hero Education?,"Jul 25, 2025",82,0
2025-07-16,w8GxkFvTPXY,What is Waste Hero Education?,"Jul 25, 2025",82,0
2025-07-17,w8GxkFvTPXY,What is Waste Hero Education?,"Jul 25, 2025",82,0
2025-07-18,w8GxkFvTPXY,What is Waste Hero Education?,"Jul 25, 2025",82,0
2025-07-19,w8GxkFvTPXY,What is Waste Hero Education?,"Jul 25, 2025",82,0
2025-07-20,w8GxkFvTPXY,What is Waste Hero Education?,"Jul 25, 2025",82,0
2025-07-21,w8GxkFvTPXY,What is Waste Hero Education?,"Jul 25, 2025",82,0
2025-07-22,w8GxkFvTPXY,What is Waste Hero Education?,"Jul 25, 2025",82,0
2025-07-23,w8GxkFvTPXY,What is Waste Hero Education?,"Jul 25, 2025",82,0
2025-07-24,w8GxkFvTPXY,What is Waste Hero Education?,"Jul 25, 2025",82,0
2025-07-25,w8GxkFvTPXY,What is Waste Hero Education?,"Jul 25, 2025",82,0
2025-07-26,w8GxkFvTPXY,What is Waste Hero Education?,"Jul 25, 2025",82,0
2025-07-27,w8GxkFvTPXY,What is Waste Hero Education?,"Jul 25, 2025",82,2
2025-07-28,w8GxkFvTPXY,What is Waste Hero Education?,"Jul 25, 2025",82,1
2025-07-29,w8GxkFvTPXY,What is Waste Hero Education?,"Jul 25, 2025",82,0
2025-07-30,w8GxkFvTPXY,What is Waste Hero Education?,"Jul 25, 2025",82,0
2025-07-31,w8GxkFvTPXY,What is Waste Hero Education?,"Jul 25, 2025",82,0
2025-08-01,w8GxkFvTPXY,What is Waste Hero Education?,"Jul 25, 2025",82,0
2025-08-02,w8GxkFvTPXY,What is Waste Hero Education?,"Jul 25, 2025",82,0
2025-08-03,w8GxkFvTPXY,What is Waste Hero Education?,"Jul 25, 2025",82,0
2025-08-04,w8GxkFvTPXY,What is Waste Hero Education?,"Jul 25, 2025",82,0
2025-08-05,w8GxkFvTPXY,What is Waste Hero Education?,"Jul 25, 2025",82,764
2025-08-06,w8GxkFvTPXY,What is Waste Hero Education?,"Jul 25, 2025",82,2
2025-08-07,w8GxkFvTPXY,What is Waste Hero Education?,"Jul 25, 2025",82,353
2025-08-08,w8GxkFvTPXY,What is Waste Hero Education?,"Jul 25, 2025",82,3806
2025-08-09,w8GxkFvTPXY,What is Waste Hero Education?,"Jul 25, 2025",82,4257
2025-08-10,w8GxkFvTPXY,What is Waste Hero Education?,"Jul 25, 2025",82,5434
2025-08-11,w8GxkFvTPXY,What is Waste Hero Education?,"Jul 25, 2025",82,1386
2025-08-12,w8GxkFvTPXY,What is Waste Hero Education?,"Jul 25, 2025",82,4068
2025-08-13,w8GxkFvTPXY,What is Waste Hero Education?,"Jul 25, 2025",82,945
2025-08-14,w8GxkFvTPXY,What is Waste Hero Education?,"Jul 25, 2025",82,2654
2025-08-15,w8GxkFvTPXY,What is Waste Hero Education?,"Jul 25, 2025",82,1574
2025-08-16,w8GxkFvTPXY,What is Waste Hero Education?,"Jul 25, 2025",82,2275
2025-08-17,w8GxkFvTPXY,What is Waste Hero Education?,"Jul 25, 2025",82,3222
2025-08-18,w8GxkFvTPXY,What is Waste Hero Education?,"Jul 25, 2025",82,1892
2025-08-19,w8GxkFvTPXY,What is Waste Hero Education?,"Jul 25, 2025",82,5789
2025-08-20,w8GxkFvTPXY,What is Waste Hero Education?,"Jul 25, 2025",82,3015
2025-08-21,w8GxkFvTPXY,What is Waste Hero Education?,"Jul 25, 2025",82,1071
2025-08-22,w8GxkFvTPXY,What is Waste Hero Education?,"Jul 25, 2025",82,2924
2025-08-23,w8GxkFvTPXY,What is Waste Hero Education?,"Jul 25, 2025",82,2704
2025-08-24,w8GxkFvTPXY,What is Waste Hero Education?,"Jul 25, 2025",82,1205
2025-08-25,w8GxkFvTPXY,What is Waste Hero Education?,"Jul 25, 2025",82,2998
2025-08-26,w8GxkFvTPXY,What is Waste Hero Education?,"Jul 25, 2025",82,1499
2025-08-27,w8GxkFvTPXY,What is Waste Hero Education?,"Jul 25, 2025",82,8358
2025-08-28,w8GxkFvTPXY,What is Waste Hero Education?,"Jul 25, 2025",82,1439
2025-08-29,w8GxkFvTPXY,What is Waste Hero Education?,"Jul 25, 2025",82,5722
2025-08-30,w8GxkFvTPXY,What is Waste Hero Education?,"Jul 25, 2025",82,359
2025-08-31,w8GxkFvTPXY,What is Waste Hero Education?,"Jul 25, 2025",82,3845
2025-09-01,w8GxkFvTPXY,What is Waste Hero Education?,"Jul 25, 2025",82,8404
2025-09-02,w8GxkFvTPXY,What is Waste Hero Education?,"Jul 25, 2025",82,7474
2025-09-03,w8GxkFvTPXY,What is Waste Hero Education?,"Jul 25, 2025",82,10246
2025-09-04,w8GxkFvTPXY,What is Waste Hero Education?,"Jul 25, 2025",82,3458
2025-09-05,w8GxkFvTPXY,What is Waste Hero Education?,"Jul 25, 2025",82,8359
2025-09-06,w8GxkFvTPXY,What is Waste Hero Education?,"Jul 25, 2025",82,10305
2025-09-07,w8GxkFvTPXY,What is Waste Hero Education?,"Jul 25, 2025",82,10059
2025-09-08,w8GxkFvTPXY,What is Waste Hero Education?,"Jul 25, 2025",82,9472
2025-09-09,w8GxkFvTPXY,What is Waste Hero Education?,"Jul 25, 2025",82,4498
2025-09-10,w8GxkFvTPXY,What is Waste Hero Education?,"Jul 25, 2025",82,7982
2025-09-11,w8GxkFvTPXY,What is Waste Hero Education?,"Jul 25, 2025",82,7623
2025-09-12,w8GxkFvTPXY,What is Waste Hero Education?,"Jul 25, 2025",82,8715
2025-09-13,w8GxkFvTPXY,What is Waste Hero Education?,"Jul 25, 2025",82,8194
2025-09-14,w8GxkFvTPXY,What is Waste Hero Education?,"Jul 25, 2025",82,9253
2025-09-15,w8GxkFvTPXY,What is Waste Hero Education?,"Jul 25, 2025",82,5986
2025-09-16,w8GxkFvTPXY,What is Waste Hero Education?,"Jul 25, 2025",82,6132
2025-09-17,w8GxkFvTPXY,What is Waste Hero Education?,"Jul 25, 2025",82,9912
2025-09-18,w8GxkFvTPXY,What is Waste Hero Education?,"Jul 25, 2025",82,11120
2025-09-19,w8GxkFvTPXY,What is Waste Hero Education?,"Jul 25, 2025",82,7488
2025-09-20,w8GxkFvTPXY,What is Waste Hero Education?,"Jul 25, 2025",82,6825
2025-09-21,w8GxkFvTPXY,What is Waste Hero Education?,"Jul 25, 2025",82,7246
2025-09-22,w8GxkFvTPXY,What is Waste Hero Education?,"Jul 25, 2025",82,8274
2025-09-23,w8GxkFvTPXY,What is Waste Hero Education?,"Jul 25, 2025",82,6706
2025-09-24,w8GxkFvTPXY,What is Waste Hero Education?,"Jul 25, 2025",82,2629
2025-09-25,w8GxkFvTPXY,What is Waste Hero Education?,"Jul 25, 2025",82,383
2025-09-26,w8GxkFvTPXY,What is Waste Hero Education?,"Jul 25, 2025",82,6001
2025-09-27,w8GxkFvTPXY,What is Waste Hero Education?,"Jul 25, 2025",82,7029
2025-09-28,w8GxkFvTPXY,What is Waste Hero Education?,"Jul 25, 2025",82,5575
2025-09-29,w8GxkFvTPXY,What is Waste Hero Education?,"Jul 25, 2025",82,6512
2025-09-30,w8GxkFvTPXY,What is Waste Hero Education?,"Jul 25, 2025",82,8313
2025-10-01,w8GxkFvTPXY,What is Waste Hero Education?,"Jul 25, 2025",82,11599
2025-10-02,w8GxkFvTPXY,What is Waste Hero Education?,"Jul 25, 2025",82,3876
2025-10-03,w8GxkFvTPXY,What is Waste Hero Education?,"Jul 25, 2025",82,4337
2025-10-04,w8GxkFvTPXY,What is Waste Hero Education?,"Jul 25, 2025",82,6784
2025-10-05,w8GxkFvTPXY,What is Waste Hero Education?,"Jul 25, 2025",82,6707
2025-10-06,w8GxkFvTPXY,What is Waste Hero Education?,"Jul 25, 2025",82,5709
2025-10-07,w8GxkFvTPXY,What is Waste Hero Education?,"Jul 25, 2025",82,2333
2025-10-08,w8GxkFvTPXY,What is Waste Hero Education?,"Jul 25, 2025",82,907
2025-10-09,w8GxkFvTPXY,What is Waste Hero Education?,"Jul 25, 2025",82,519
2025-10-10,w8GxkFvTPXY,What is Waste Hero Education?,"Jul 25, 2025",82,469
2025-10-11,w8GxkFvTPXY,What is Waste Hero Education?,"Jul 25, 2025",82,948
2025-10-12,w8GxkFvTPXY,What is Waste Hero Education?,"Jul 25, 2025",82,1151
2025-10-13,w8GxkFvTPXY,What is Waste Hero Education?,"Jul 25, 2025",82,1493
2025-10-14,w8GxkFvTPXY,What is Waste Hero Education?,"Jul 25, 2025",82,2778
2025-10-15,w8GxkFvTPXY,What is Waste Hero Education?,"Jul 25, 2025",82,2097
2025-10-16,w8GxkFvTPXY,What is Waste Hero Education?,"Jul 25, 2025",82,3442
2025-10-17,w8GxkFvTPXY,What is Waste Hero Education?,"Jul 25, 2025",82,1865
2025-10-18,w8GxkFvTPXY,What is Waste Hero Education?,"Jul 25, 2025",82,2917
2025-10-19,w8GxkFvTPXY,What is Waste Hero Education?,"Jul 25, 2025",82,1218
2025-10-20,w8GxkFvTPXY,What is Waste Hero Education?,"Jul 25, 2025",82,1941
2025-10-21,w8GxkFvTPXY,What is Waste Hero Education?,"Jul 25, 2025",82,2243
2025-10-22,w8GxkFvTPXY,What is Waste Hero Education?,"Jul 25, 2025",82,1412
2025-10-23,w8GxkFvTPXY,What is Waste Hero Education?,"Jul 25, 2025",82,1085
2025-10-24,w8GxkFvTPXY,What is Waste Hero Education?,"Jul 25, 2025",82,1687
2025-10-25,w8GxkFvTPXY,What is Waste Hero Education?,"Jul 25, 2025",82,1875
2025-10-26,w8GxkFvTPXY,What is Waste Hero Education?,"Jul 25, 2025",82,2010
2025-10-27,w8GxkFvTPXY,What is Waste Hero Education?,"Jul 25, 2025",82,1799
2025-10-28,w8GxkFvTPXY,What is Waste Hero Education?,"Jul 25, 2025",82,2443
2025-10-29,w8GxkFvTPXY,What is Waste Hero Education?,"Jul 25, 2025",82,1052
2025-10-30,w8GxkFvTPXY,What is Waste Hero Education?,"Jul 25, 2025",82,1260
2025-10-31,w8GxkFvTPXY,What is Waste Hero Education?,"Jul 25, 2025",82,1072
2025-11-01,w8GxkFvTPXY,What is Waste Hero Education?,"Jul 25, 2025",82,1365
2025-11-02,w8GxkFvTPXY,What is Waste Hero Education?,"Jul 25, 2025",82,1275
2025-11-03,w8GxkFvTPXY,What is Waste Hero Education?,"Jul 25, 2025",82,1647
2025-11-04,w8GxkFvTPXY,What is Waste Hero Education?,"Jul 25, 2025",82,2856
2025-11-05,w8GxkFvTPXY,What is Waste Hero Education?,"Jul 25, 2025",82,2845
2025-11-06,w8GxkFvTPXY,What is Waste Hero Education?,"Jul 25, 2025",82,3002
2025-11-07,w8GxkFvTPXY,What is Waste Hero Education?,"Jul 25, 2025",82,719
2025-11-08,w8GxkFvTPXY,What is Waste Hero Education?,"Jul 25, 2025",82,0
2025-11-09,w8GxkFvTPXY,What is Waste Hero Education?,"Jul 25, 2025",82,49
2025-11-10,w8GxkFvTPXY,What is Waste Hero Education?,"Jul 25, 2025",82,4145
2025-11-11,w8GxkFvTPXY,What is Waste Hero Education?,"Jul 25, 2025",82,2166
2025-11-12,w8GxkFvTPXY,What is Waste Hero Education?,"Jul 25, 2025",82,3307
2025-11-13,w8GxkFvTPXY,What is Waste Hero Education?,"Jul 25, 2025",82,2137
2025-11-14,w8GxkFvTPXY,What is Waste Hero Education?,"Jul 25, 2025",82,1303
2025-11-15,w8GxkFvTPXY,What is Waste Hero Education?,"Jul 25, 2025",82,3696
2025-11-16,w8GxkFvTPXY,What is Waste Hero Education?,"Jul 25, 2025",82,1183
2025-11-17,w8GxkFvTPXY,What is Waste Hero Education?,"Jul 25, 2025",82,1668
2025-11-18,w8GxkFvTPXY,What is Waste Hero Education?,"Jul 25, 2025",82,2412
2025-11-19,w8GxkFvTPXY,What is Waste Hero Education?,"Jul 25, 2025",82,2324
2025-11-20,w8GxkFvTPXY,What is Waste Hero Education?,"Jul 25, 2025",82,2612
2025-11-21,w8GxkFvTPXY,What is Waste Hero Education?,"Jul 25, 2025",82,1564
2025-11-22,w8GxkFvTPXY,What is Waste Hero Education?,"Jul 25, 2025",82,2799
2025-11-23,w8GxkFvTPXY,What is Waste Hero Education?,"Jul 25, 2025",82,2958
2025-11-24,w8GxkFvTPXY,What is Waste Hero Education?,"Jul 25, 2025",82,3255
2025-11-25,w8GxkFvTPXY,What is Waste Hero Education?,"Jul 25, 2025",82,2450
2025-11-26,w8GxkFvTPXY,What is Waste Hero Education?,"Jul 25, 2025",82,3206
2025-11-27,w8GxkFvTPXY,What is Waste Hero Education?,"Jul 25, 2025",82,3151
2025-11-28,w8GxkFvTPXY,What is Waste Hero Education?,"Jul 25, 2025",82,2961
2025-11-29,w8GxkFvTPXY,What is Waste Hero Education?,"Jul 25, 2025",82,2908
2025-11-30,w8GxkFvTPXY,What is Waste Hero Education?,"Jul 25, 2025",82,3051
2025-12-01,w8GxkFvTPXY,What is Waste Hero Education?,"Jul 25, 2025",82,3290
2025-12-02,w8GxkFvTPXY,What is Waste Hero Education?,"Jul 25, 2025",82,3478
2025-12-03,w8GxkFvTPXY,What is Waste Hero Education?,"Jul 25, 2025",82,1604
2025-12-04,w8GxkFvTPXY,What is Waste Hero Education?,"Jul 25, 2025",82,824
2025-12-05,w8GxkFvTPXY,What is Waste Hero Education?,"Jul 25, 2025",82,371
2025-12-06,w8GxkFvTPXY,What is Waste Hero Education?,"Jul 25, 2025",82,5994
2025-12-07,w8GxkFvTPXY,What is Waste Hero Education?,"Jul 25, 2025",82,2491
2025-12-08,w8GxkFvTPXY,What is Waste Hero Education?,"Jul 25, 2025",82,1719
2025-12-09,w8GxkFvTPXY,What is Waste Hero Education?,"Jul 25, 2025",82,997
2025-12-10,w8GxkFvTPXY,What is Waste Hero Education?,"Jul 25, 2025",82,2807
2025-12-11,w8GxkFvTPXY,What is Waste Hero Education?,"Jul 25, 2025",82,2658
2025-12-12,w8GxkFvTPXY,What is Waste Hero Education?,"Jul 25, 2025",82,4183
2025-12-13,w8GxkFvTPXY,What is Waste Hero Education?,"Jul 25, 2025",82,2108
2025-12-14,w8GxkFvTPXY,What is Waste Hero Education?,"Jul 25, 2025",82,2633
2025-12-15,w8GxkFvTPXY,What is Waste Hero Education?,"Jul 25, 2025",82,2408
2025-12-16,w8GxkFvTPXY,What is Waste Hero Education?,"Jul 25, 2025",82,2519
2025-12-17,w8GxkFvTPXY,What is Waste Hero Education?,"Jul 25, 2025",82,2349
2025-12-18,w8GxkFvTPXY,What is Waste Hero Education?,"Jul 25, 2025",82,2128
2025-12-19,w8GxkFvTPXY,What is Waste Hero Education?,"Jul 25, 2025",82,2664
2025-12-20,w8GxkFvTPXY,What is Waste Hero Education?,"Jul 25, 2025",82,3320
2025-12-21,w8GxkFvTPXY,What is Waste Hero Education?,"Jul 25, 2025",82,2408
2025-12-22,w8GxkFvTPXY,What is Waste Hero Education?,"Jul 25, 2025",82,2729
2025-12-23,w8GxkFvTPXY,What is Waste Hero Education?,"Jul 25, 2025",82,2619
2025-12-24,w8GxkFvTPXY,What is Waste Hero Education?,"Jul 25, 2025",82,2064
2025-12-25,w8GxkFvTPXY,What is Waste Hero Education?,"Jul 25, 2025",82,1833
2025-12-26,w8GxkFvTPXY,What is Waste Hero Education?,"Jul 25, 2025",82,2001
2025-12-27,w8GxkFvTPXY,What is Waste Hero Education?,"Jul 25, 2025",82,2539
2025-12-28,w8GxkFvTPXY,What is Waste Hero Education?,"Jul 25, 2025",82,2611
2025-12-29,w8GxkFvTPXY,What is Waste Hero Education?,"Jul 25, 2025",82,2429
2025-12-30,w8GxkFvTPXY,What is Waste Hero Education?,"Jul 25, 2025",82,2524
2025-12-31,w8GxkFvTPXY,What is Waste Hero Education?,"Jul 25, 2025",82,5552
2026-01-01,w8GxkFvTPXY,What is Waste Hero Education?,"Jul 25, 2025",82,1873
2026-01-02,w8GxkFvTPXY,What is Waste Hero Education?,"Jul 25, 2025",82,2726
2026-01-03,w8GxkFvTPXY,What is Waste Hero Education?,"Jul 25, 2025",82,2906
2026-01-04,w8GxkFvTPXY,What is Waste Hero Education?,"Jul 25, 2025",82,3247
2026-01-05,w8GxkFvTPXY,What is Waste Hero Education?,"Jul 25, 2025",82,2939
2026-01-06,w8GxkFvTPXY,What is Waste Hero Education?,"Jul 25, 2025",82,2702
2026-01-07,w8GxkFvTPXY,What is Waste Hero Education?,"Jul 25, 2025",82,2577
2026-01-08,w8GxkFvTPXY,What is Waste Hero Education?,"Jul 25, 2025",82,2526
2026-01-09,w8GxkFvTPXY,What is Waste Hero Education?,"Jul 25, 2025",82,2012
2026-01-10,w8GxkFvTPXY,What is Waste Hero Education?,"Jul 25, 2025",82,3647
2026-01-11,w8GxkFvTPXY,What is Waste Hero Education?,"Jul 25, 2025",82,2452
2026-01-12,w8GxkFvTPXY,What is Waste Hero Education?,"Jul 25, 2025",82,2374
2026-01-13,w8GxkFvTPXY,What is Waste Hero Education?,"Jul 25, 2025",82,2307
2026-01-14,w8GxkFvTPXY,What is Waste Hero Education?,"Jul 25, 2025",82,2538
2026-01-15,w8GxkFvTPXY,What is Waste Hero Education?,"Jul 25, 2025",82,3150
2026-01-16,w8GxkFvTPXY,What is Waste Hero Education?,"Jul 25, 2025",82,1950
2026-01-17,w8GxkFvTPXY,What is Waste Hero Education?,"Jul 25, 2025",82,2800
2026-01-18,w8GxkFvTPXY,What is Waste Hero Education?,"Jul 25, 2025",82,3216
2026-01-19,w8GxkFvTPXY,What is Waste Hero Education?,"Jul 25, 2025",82,2374
2026-01-20,w8GxkFvTPXY,What is Waste Hero Education?,"Jul 25, 2025",82,2194
2026-01-21,w8GxkFvTPXY,What is Waste Hero Education?,"Jul 25, 2025",82,1530
2026-01-22,w8GxkFvTPXY,What is Waste Hero Education?,"Jul 25, 2025",82,2113
2026-01-23,w8GxkFvTPXY,What is Waste Hero Education?,"Jul 25, 2025",82,2207
2026-01-24,w8GxkFvTPXY,What is Waste Hero Education?,"Jul 25, 2025",82,1854
2026-01-25,w8GxkFvTPXY,What is Waste Hero Education?,"Jul 25, 2025",82,2754
2026-01-26,w8GxkFvTPXY,What is Waste Hero Education?,"Jul 25, 2025",82,1819
2026-01-27,w8GxkFvTPXY,What is Waste Hero Education?,"Jul 25, 2025",82,2087
2026-01-28,w8GxkFvTPXY,What is Waste Hero Education?,"Jul 25, 2025",82,2325
2026-01-29,w8GxkFvTPXY,What is Waste Hero Education?,"Jul 25, 2025",82,3030
2026-01-30,w8GxkFvTPXY,What is Waste Hero Education?,"Jul 25, 2025",82,2286
2026-01-31,w8GxkFvTPXY,What is Waste Hero Education?,"Jul 25, 2025",82,3132
2026-02-01,w8GxkFvTPXY,What is Waste Hero Education?,"Jul 25, 2025",82,4143
2026-02-02,w8GxkFvTPXY,What is Waste Hero Education?,"Jul 25, 2025",82,13
2026-02-03,w8GxkFvTPXY,What is Waste Hero Education?,"Jul 25, 2025",82,1743
2026-02-04,w8GxkFvTPXY,What is Waste Hero Education?,"Jul 25, 2025",82,2195
2026-02-05,w8GxkFvTPXY,What is Waste Hero Education?,"Jul 25, 2025",82,2530
2026-02-06,w8GxkFvTPXY,What is Waste Hero Education?,"Jul 25, 2025",82,3312
2026-02-07,w8GxkFvTPXY,What is Waste Hero Education?,"Jul 25, 2025",82,5619
2026-02-08,w8GxkFvTPXY,What is Waste Hero Education?,"Jul 25, 2025",82,2468
2026-02-09,w8GxkFvTPXY,What is Waste Hero Education?,"Jul 25, 2025",82,3659
2026-02-10,w8GxkFvTPXY,What is Waste Hero Education?,"Jul 25, 2025",82,2529
2026-02-11,w8GxkFvTPXY,What is Waste Hero Education?,"Jul 25, 2025",82,2799
2026-02-12,w8GxkFvTPXY,What is Waste Hero Education?,"Jul 25, 2025",82,3021
2026-02-13,w8GxkFvTPXY,What is Waste Hero Education?,"Jul 25, 2025",82,2408
2026-02-14,w8GxkFvTPXY,What is Waste Hero Education?,"Jul 25, 2025",82,5571
2026-02-15,w8GxkFvTPXY,What is Waste Hero Education?,"Jul 25, 2025",82,2843
2026-02-16,w8GxkFvTPXY,What is Waste Hero Education?,"Jul 25, 2025",82,3457
2026-02-17,w8GxkFvTPXY,What is Waste Hero Education?,"Jul 25, 2025",82,3303
2026-02-18,w8GxkFvTPXY,What is Waste Hero Education?,"Jul 25, 2025",82,3011
2026-02-19,w8GxkFvTPXY,What is Waste Hero Education?,"Jul 25, 2025",82,3866
2026-02-20,w8GxkFvTPXY,What is Waste Hero Education?,"Jul 25, 2025",82,2460
2026-02-21,w8GxkFvTPXY,What is Waste Hero Education?,"Jul 25, 2025",82,3391
2026-02-22,w8GxkFvTPXY,What is Waste Hero Education?,"Jul 25, 2025",82,4527
2026-02-23,w8GxkFvTPXY,What is Waste Hero Education?,"Jul 25, 2025",82,3377
2026-02-24,w8GxkFvTPXY,What is Waste Hero Education?,"Jul 25, 2025",82,3239
2026-02-25,w8GxkFvTPXY,What is Waste Hero Education?,"Jul 25, 2025",82,1502
2026-02-26,w8GxkFvTPXY,What is Waste Hero Education?,"Jul 25, 2025",82,2580
2026-02-27,w8GxkFvTPXY,What is Waste Hero Education?,"Jul 25, 2025",82,2189
2026-02-28,w8GxkFvTPXY,What is Waste Hero Education?,"Jul 25, 2025",82,2191
2026-03-01,w8GxkFvTPXY,What is Waste Hero Education?,"Jul 25, 2025",82,1548
2026-03-02,w8GxkFvTPXY,What is Waste Hero Education?,"Jul 25, 2025",82,1934
2026-03-03,w8GxkFvTPXY,What is Waste Hero Education?,"Jul 25, 2025",82,1732
2026-03-04,w8GxkFvTPXY,What is Waste Hero Education?,"Jul 25, 2025",82,1242
2023-03-08,x4-bTDYXdhQ,Waste Hero Education : What is recycling,"Aug 7, 2025",428,0
2023-03-09,x4-bTDYXdhQ,Waste Hero Education : What is recycling,"Aug 7, 2025",428,0
2023-03-10,x4-bTDYXdhQ,Waste Hero Education : What is recycling,"Aug 7, 2025",428,0
2023-03-11,x4-bTDYXdhQ,Waste Hero Education : What is recycling,"Aug 7, 2025",428,0
2023-03-12,x4-bTDYXdhQ,Waste Hero Education : What is recycling,"Aug 7, 2025",428,0
2023-03-13,x4-bTDYXdhQ,Waste Hero Education : What is recycling,"Aug 7, 2025",428,0
2023-03-14,x4-bTDYXdhQ,Waste Hero Education : What is recycling,"Aug 7, 2025",428,0
2023-03-15,x4-bTDYXdhQ,Waste Hero Education : What is recycling,"Aug 7, 2025",428,0
2023-03-16,x4-bTDYXdhQ,Waste Hero Education : What is recycling,"Aug 7, 2025",428,0
2023-03-17,x4-bTDYXdhQ,Waste Hero Education : What is recycling,"Aug 7, 2025",428,0
2023-03-18,x4-bTDYXdhQ,Waste Hero Education : What is recycling,"Aug 7, 2025",428,0
2023-03-19,x4-bTDYXdhQ,Waste Hero Education : What is recycling,"Aug 7, 2025",428,0
2023-03-20,x4-bTDYXdhQ,Waste Hero Education : What is recycling,"Aug 7, 2025",428,0
2023-03-21,x4-bTDYXdhQ,Waste Hero Education : What is recycling,"Aug 7, 2025",428,0
2023-03-22,x4-bTDYXdhQ,Waste Hero Education : What is recycling,"Aug 7, 2025",428,0
2023-03-23,x4-bTDYXdhQ,Waste Hero Education : What is recycling,"Aug 7, 2025",428,0
2023-03-24,x4-bTDYXdhQ,Waste Hero Education : What is recycling,"Aug 7, 2025",428,0
2023-03-25,x4-bTDYXdhQ,Waste Hero Education : What is recycling,"Aug 7, 2025",428,0
2023-03-26,x4-bTDYXdhQ,Waste Hero Education : What is recycling,"Aug 7, 2025",428,0
2023-03-27,x4-bTDYXdhQ,Waste Hero Education : What is recycling,"Aug 7, 2025",428,0
2023-03-28,x4-bTDYXdhQ,Waste Hero Education : What is recycling,"Aug 7, 2025",428,0
2023-03-29,x4-bTDYXdhQ,Waste Hero Education : What is recycling,"Aug 7, 2025",428,0
2023-03-30,x4-bTDYXdhQ,Waste Hero Education : What is recycling,"Aug 7, 2025",428,0
2023-03-31,x4-bTDYXdhQ,Waste Hero Education : What is recycling,"Aug 7, 2025",428,0
2023-04-01,x4-bTDYXdhQ,Waste Hero Education : What is recycling,"Aug 7, 2025",428,0
2023-04-02,x4-bTDYXdhQ,Waste Hero Education : What is recycling,"Aug 7, 2025",428,0
2023-04-03,x4-bTDYXdhQ,Waste Hero Education : What is recycling,"Aug 7, 2025",428,0
2023-04-04,x4-bTDYXdhQ,Waste Hero Education : What is recycling,"Aug 7, 2025",428,0
2023-04-05,x4-bTDYXdhQ,Waste Hero Education : What is recycling,"Aug 7, 2025",428,0
2023-04-06,x4-bTDYXdhQ,Waste Hero Education : What is recycling,"Aug 7, 2025",428,0
2023-04-07,x4-bTDYXdhQ,Waste Hero Education : What is recycling,"Aug 7, 2025",428,0
2023-04-08,x4-bTDYXdhQ,Waste Hero Education : What is recycling,"Aug 7, 2025",428,0
2023-04-09,x4-bTDYXdhQ,Waste Hero Education : What is recycling,"Aug 7, 2025",428,0
2023-04-10,x4-bTDYXdhQ,Waste Hero Education : What is recycling,"Aug 7, 2025",428,0
2023-04-11,x4-bTDYXdhQ,Waste Hero Education : What is recycling,"Aug 7, 2025",428,0
2023-04-12,x4-bTDYXdhQ,Waste Hero Education : What is recycling,"Aug 7, 2025",428,0
2023-04-13,x4-bTDYXdhQ,Waste Hero Education : What is recycling,"Aug 7, 2025",428,0
2023-04-14,x4-bTDYXdhQ,Waste Hero Education : What is recycling,"Aug 7, 2025",428,0
2023-04-15,x4-bTDYXdhQ,Waste Hero Education : What is recycling,"Aug 7, 2025",428,0
2023-04-16,x4-bTDYXdhQ,Waste Hero Education : What is recycling,"Aug 7, 2025",428,0
2023-04-17,x4-bTDYXdhQ,Waste Hero Education : What is recycling,"Aug 7, 2025",428,0
2023-04-18,x4-bTDYXdhQ,Waste Hero Education : What is recycling,"Aug 7, 2025",428,0
2023-04-19,x4-bTDYXdhQ,Waste Hero Education : What is recycling,"Aug 7, 2025",428,0
2023-04-20,x4-bTDYXdhQ,Waste Hero Education : What is recycling,"Aug 7, 2025",428,0
2023-04-21,x4-bTDYXdhQ,Waste Hero Education : What is recycling,"Aug 7, 2025",428,0
2023-04-22,x4-bTDYXdhQ,Waste Hero Education : What is recycling,"Aug 7, 2025",428,0
2023-04-23,x4-bTDYXdhQ,Waste Hero Education : What is recycling,"Aug 7, 2025",428,0
2023-04-24,x4-bTDYXdhQ,Waste Hero Education : What is recycling,"Aug 7, 2025",428,0
2023-04-25,x4-bTDYXdhQ,Waste Hero Education : What is recycling,"Aug 7, 2025",428,0
2023-04-26,x4-bTDYXdhQ,Waste Hero Education : What is recycling,"Aug 7, 2025",428,0
2023-04-27,x4-bTDYXdhQ,Waste Hero Education : What is recycling,"Aug 7, 2025",428,0
2023-04-28,x4-bTDYXdhQ,Waste Hero Education : What is recycling,"Aug 7, 2025",428,0
2023-04-29,x4-bTDYXdhQ,Waste Hero Education : What is recycling,"Aug 7, 2025",428,0
2023-04-30,x4-bTDYXdhQ,Waste Hero Education : What is recycling,"Aug 7, 2025",428,0
2023-05-01,x4-bTDYXdhQ,Waste Hero Education : What is recycling,"Aug 7, 2025",428,0
2023-05-02,x4-bTDYXdhQ,Waste Hero Education : What is recycling,"Aug 7, 2025",428,0
2023-05-03,x4-bTDYXdhQ,Waste Hero Education : What is recycling,"Aug 7, 2025",428,0
2023-05-04,x4-bTDYXdhQ,Waste Hero Education : What is recycling,"Aug 7, 2025",428,0
2023-05-05,x4-bTDYXdhQ,Waste Hero Education : What is recycling,"Aug 7, 2025",428,0
2023-05-06,x4-bTDYXdhQ,Waste Hero Education : What is recycling,"Aug 7, 2025",428,0
2023-05-07,x4-bTDYXdhQ,Waste Hero Education : What is recycling,"Aug 7, 2025",428,0
2023-05-08,x4-bTDYXdhQ,Waste Hero Education : What is recycling,"Aug 7, 2025",428,0
2023-05-09,x4-bTDYXdhQ,Waste Hero Education : What is recycling,"Aug 7, 2025",428,0
2023-05-10,x4-bTDYXdhQ,Waste Hero Education : What is recycling,"Aug 7, 2025",428,0
2023-05-11,x4-bTDYXdhQ,Waste Hero Education : What is recycling,"Aug 7, 2025",428,0
2023-05-12,x4-bTDYXdhQ,Waste Hero Education : What is recycling,"Aug 7, 2025",428,0
2023-05-13,x4-bTDYXdhQ,Waste Hero Education : What is recycling,"Aug 7, 2025",428,0
2023-05-14,x4-bTDYXdhQ,Waste Hero Education : What is recycling,"Aug 7, 2025",428,0
2023-05-15,x4-bTDYXdhQ,Waste Hero Education : What is recycling,"Aug 7, 2025",428,0
2023-05-16,x4-bTDYXdhQ,Waste Hero Education : What is recycling,"Aug 7, 2025",428,0
2023-05-17,x4-bTDYXdhQ,Waste Hero Education : What is recycling,"Aug 7, 2025",428,0
2023-05-18,x4-bTDYXdhQ,Waste Hero Education : What is recycling,"Aug 7, 2025",428,0
2023-05-19,x4-bTDYXdhQ,Waste Hero Education : What is recycling,"Aug 7, 2025",428,0
2023-05-20,x4-bTDYXdhQ,Waste Hero Education : What is recycling,"Aug 7, 2025",428,0
2023-05-21,x4-bTDYXdhQ,Waste Hero Education : What is recycling,"Aug 7, 2025",428,0
2023-05-22,x4-bTDYXdhQ,Waste Hero Education : What is recycling,"Aug 7, 2025",428,0
2023-05-23,x4-bTDYXdhQ,Waste Hero Education : What is recycling,"Aug 7, 2025",428,0
2023-05-24,x4-bTDYXdhQ,Waste Hero Education : What is recycling,"Aug 7, 2025",428,0
2023-05-25,x4-bTDYXdhQ,Waste Hero Education : What is recycling,"Aug 7, 2025",428,0
2023-05-26,x4-bTDYXdhQ,Waste Hero Education : What is recycling,"Aug 7, 2025",428,0
2023-05-27,x4-bTDYXdhQ,Waste Hero Education : What is recycling,"Aug 7, 2025",428,0
2023-05-28,x4-bTDYXdhQ,Waste Hero Education : What is recycling,"Aug 7, 2025",428,0
2023-05-29,x4-bTDYXdhQ,Waste Hero Education : What is recycling,"Aug 7, 2025",428,0
2023-05-30,x4-bTDYXdhQ,Waste Hero Education : What is recycling,"Aug 7, 2025",428,0
2023-05-31,x4-bTDYXdhQ,Waste Hero Education : What is recycling,"Aug 7, 2025",428,0
2023-06-01,x4-bTDYXdhQ,Waste Hero Education : What is recycling,"Aug 7, 2025",428,0
2023-06-02,x4-bTDYXdhQ,Waste Hero Education : What is recycling,"Aug 7, 2025",428,0
2023-06-03,x4-bTDYXdhQ,Waste Hero Education : What is recycling,"Aug 7, 2025",428,0
2023-06-04,x4-bTDYXdhQ,Waste Hero Education : What is recycling,"Aug 7, 2025",428,0
2023-06-05,x4-bTDYXdhQ,Waste Hero Education : What is recycling,"Aug 7, 2025",428,0
2023-06-06,x4-bTDYXdhQ,Waste Hero Education : What is recycling,"Aug 7, 2025",428,0
2023-06-07,x4-bTDYXdhQ,Waste Hero Education : What is recycling,"Aug 7, 2025",428,0
2023-06-08,x4-bTDYXdhQ,Waste Hero Education : What is recycling,"Aug 7, 2025",428,0
2023-06-09,x4-bTDYXdhQ,Waste Hero Education : What is recycling,"Aug 7, 2025",428,0
2023-06-10,x4-bTDYXdhQ,Waste Hero Education : What is recycling,"Aug 7, 2025",428,0
2023-06-11,x4-bTDYXdhQ,Waste Hero Education : What is recycling,"Aug 7, 2025",428,0
2023-06-12,x4-bTDYXdhQ,Waste Hero Education : What is recycling,"Aug 7, 2025",428,0
2023-06-13,x4-bTDYXdhQ,Waste Hero Education : What is recycling,"Aug 7, 2025",428,0
2023-06-14,x4-bTDYXdhQ,Waste Hero Education : What is recycling,"Aug 7, 2025",428,0
2023-06-15,x4-bTDYXdhQ,Waste Hero Education : What is recycling,"Aug 7, 2025",428,0
2023-06-16,x4-bTDYXdhQ,Waste Hero Education : What is recycling,"Aug 7, 2025",428,0
2023-06-17,x4-bTDYXdhQ,Waste Hero Education : What is recycling,"Aug 7, 2025",428,0
2023-06-18,x4-bTDYXdhQ,Waste Hero Education : What is recycling,"Aug 7, 2025",428,0
2023-06-19,x4-bTDYXdhQ,Waste Hero Education : What is recycling,"Aug 7, 2025",428,0
2023-06-20,x4-bTDYXdhQ,Waste Hero Education : What is recycling,"Aug 7, 2025",428,0
2023-06-21,x4-bTDYXdhQ,Waste Hero Education : What is recycling,"Aug 7, 2025",428,0
2023-06-22,x4-bTDYXdhQ,Waste Hero Education : What is recycling,"Aug 7, 2025",428,0
2023-06-23,x4-bTDYXdhQ,Waste Hero Education : What is recycling,"Aug 7, 2025",428,0
2023-06-24,x4-bTDYXdhQ,Waste Hero Education : What is recycling,"Aug 7, 2025",428,0
2023-06-25,x4-bTDYXdhQ,Waste Hero Education : What is recycling,"Aug 7, 2025",428,0
2023-06-26,x4-bTDYXdhQ,Waste Hero Education : What is recycling,"Aug 7, 2025",428,0
2023-06-27,x4-bTDYXdhQ,Waste Hero Education : What is recycling,"Aug 7, 2025",428,0
2023-06-28,x4-bTDYXdhQ,Waste Hero Education : What is recycling,"Aug 7, 2025",428,0
2023-06-29,x4-bTDYXdhQ,Waste Hero Education : What is recycling,"Aug 7, 2025",428,0
2023-06-30,x4-bTDYXdhQ,Waste Hero Education : What is recycling,"Aug 7, 2025",428,0
2023-07-01,x4-bTDYXdhQ,Waste Hero Education : What is recycling,"Aug 7, 2025",428,0
2023-07-02,x4-bTDYXdhQ,Waste Hero Education : What is recycling,"Aug 7, 2025",428,0
2023-07-03,x4-bTDYXdhQ,Waste Hero Education : What is recycling,"Aug 7, 2025",428,0
2023-07-04,x4-bTDYXdhQ,Waste Hero Education : What is recycling,"Aug 7, 2025",428,0
2023-07-05,x4-bTDYXdhQ,Waste Hero Education : What is recycling,"Aug 7, 2025",428,0
2023-07-06,x4-bTDYXdhQ,Waste Hero Education : What is recycling,"Aug 7, 2025",428,0
2023-07-07,x4-bTDYXdhQ,Waste Hero Education : What is recycling,"Aug 7, 2025",428,0
2023-07-08,x4-bTDYXdhQ,Waste Hero Education : What is recycling,"Aug 7, 2025",428,0
2023-07-09,x4-bTDYXdhQ,Waste Hero Education : What is recycling,"Aug 7, 2025",428,0
2023-07-10,x4-bTDYXdhQ,Waste Hero Education : What is recycling,"Aug 7, 2025",428,0
2023-07-11,x4-bTDYXdhQ,Waste Hero Education : What is recycling,"Aug 7, 2025",428,0
2023-07-12,x4-bTDYXdhQ,Waste Hero Education : What is recycling,"Aug 7, 2025",428,0
2023-07-13,x4-bTDYXdhQ,Waste Hero Education : What is recycling,"Aug 7, 2025",428,0
2023-07-14,x4-bTDYXdhQ,Waste Hero Education : What is recycling,"Aug 7, 2025",428,0
2023-07-15,x4-bTDYXdhQ,Waste Hero Education : What is recycling,"Aug 7, 2025",428,0
2023-07-16,x4-bTDYXdhQ,Waste Hero Education : What is recycling,"Aug 7, 2025",428,0
2023-07-17,x4-bTDYXdhQ,Waste Hero Education : What is recycling,"Aug 7, 2025",428,0
2023-07-18,x4-bTDYXdhQ,Waste Hero Education : What is recycling,"Aug 7, 2025",428,0
2023-07-19,x4-bTDYXdhQ,Waste Hero Education : What is recycling,"Aug 7, 2025",428,0
2023-07-20,x4-bTDYXdhQ,Waste Hero Education : What is recycling,"Aug 7, 2025",428,0
2023-07-21,x4-bTDYXdhQ,Waste Hero Education : What is recycling,"Aug 7, 2025",428,0
2023-07-22,x4-bTDYXdhQ,Waste Hero Education : What is recycling,"Aug 7, 2025",428,0
2023-07-23,x4-bTDYXdhQ,Waste Hero Education : What is recycling,"Aug 7, 2025",428,0
2023-07-24,x4-bTDYXdhQ,Waste Hero Education : What is recycling,"Aug 7, 2025",428,0
2023-07-25,x4-bTDYXdhQ,Waste Hero Education : What is recycling,"Aug 7, 2025",428,0
2023-07-26,x4-bTDYXdhQ,Waste Hero Education : What is recycling,"Aug 7, 2025",428,0
2023-07-27,x4-bTDYXdhQ,Waste Hero Education : What is recycling,"Aug 7, 2025",428,0
2023-07-28,x4-bTDYXdhQ,Waste Hero Education : What is recycling,"Aug 7, 2025",428,0
2023-07-29,x4-bTDYXdhQ,Waste Hero Education : What is recycling,"Aug 7, 2025",428,0
2023-07-30,x4-bTDYXdhQ,Waste Hero Education : What is recycling,"Aug 7, 2025",428,0
2023-07-31,x4-bTDYXdhQ,Waste Hero Education : What is recycling,"Aug 7, 2025",428,0
2023-08-01,x4-bTDYXdhQ,Waste Hero Education : What is recycling,"Aug 7, 2025",428,0
2023-08-02,x4-bTDYXdhQ,Waste Hero Education : What is recycling,"Aug 7, 2025",428,0
2023-08-03,x4-bTDYXdhQ,Waste Hero Education : What is recycling,"Aug 7, 2025",428,0
2023-08-04,x4-bTDYXdhQ,Waste Hero Education : What is recycling,"Aug 7, 2025",428,0
2023-08-05,x4-bTDYXdhQ,Waste Hero Education : What is recycling,"Aug 7, 2025",428,0
2023-08-06,x4-bTDYXdhQ,Waste Hero Education : What is recycling,"Aug 7, 2025",428,0
2023-08-07,x4-bTDYXdhQ,Waste Hero Education : What is recycling,"Aug 7, 2025",428,0
2023-08-08,x4-bTDYXdhQ,Waste Hero Education : What is recycling,"Aug 7, 2025",428,0
2023-08-09,x4-bTDYXdhQ,Waste Hero Education : What is recycling,"Aug 7, 2025",428,0
2023-08-10,x4-bTDYXdhQ,Waste Hero Education : What is recycling,"Aug 7, 2025",428,0
2023-08-11,x4-bTDYXdhQ,Waste Hero Education : What is recycling,"Aug 7, 2025",428,0
2023-08-12,x4-bTDYXdhQ,Waste Hero Education : What is recycling,"Aug 7, 2025",428,0
2023-08-13,x4-bTDYXdhQ,Waste Hero Education : What is recycling,"Aug 7, 2025",428,0
2023-08-14,x4-bTDYXdhQ,Waste Hero Education : What is recycling,"Aug 7, 2025",428,0
2023-08-15,x4-bTDYXdhQ,Waste Hero Education : What is recycling,"Aug 7, 2025",428,0
2023-08-16,x4-bTDYXdhQ,Waste Hero Education : What is recycling,"Aug 7, 2025",428,0
2023-08-17,x4-bTDYXdhQ,Waste Hero Education : What is recycling,"Aug 7, 2025",428,0
2023-08-18,x4-bTDYXdhQ,Waste Hero Education : What is recycling,"Aug 7, 2025",428,0
2023-08-19,x4-bTDYXdhQ,Waste Hero Education : What is recycling,"Aug 7, 2025",428,0
2023-08-20,x4-bTDYXdhQ,Waste Hero Education : What is recycling,"Aug 7, 2025",428,0
2023-08-21,x4-bTDYXdhQ,Waste Hero Education : What is recycling,"Aug 7, 2025",428,0
2023-08-22,x4-bTDYXdhQ,Waste Hero Education : What is recycling,"Aug 7, 2025",428,0
2023-08-23,x4-bTDYXdhQ,Waste Hero Education : What is recycling,"Aug 7, 2025",428,0
2023-08-24,x4-bTDYXdhQ,Waste Hero Education : What is recycling,"Aug 7, 2025",428,0
2023-08-25,x4-bTDYXdhQ,Waste Hero Education : What is recycling,"Aug 7, 2025",428,0
2023-08-26,x4-bTDYXdhQ,Waste Hero Education : What is recycling,"Aug 7, 2025",428,0
2023-08-27,x4-bTDYXdhQ,Waste Hero Education : What is recycling,"Aug 7, 2025",428,0
2023-08-28,x4-bTDYXdhQ,Waste Hero Education : What is recycling,"Aug 7, 2025",428,0
2023-08-29,x4-bTDYXdhQ,Waste Hero Education : What is recycling,"Aug 7, 2025",428,0
2023-08-30,x4-bTDYXdhQ,Waste Hero Education : What is recycling,"Aug 7, 2025",428,0
2023-08-31,x4-bTDYXdhQ,Waste Hero Education : What is recycling,"Aug 7, 2025",428,0
2023-09-01,x4-bTDYXdhQ,Waste Hero Education : What is recycling,"Aug 7, 2025",428,0
2023-09-02,x4-bTDYXdhQ,Waste Hero Education : What is recycling,"Aug 7, 2025",428,0
2023-09-03,x4-bTDYXdhQ,Waste Hero Education : What is recycling,"Aug 7, 2025",428,0
2023-09-04,x4-bTDYXdhQ,Waste Hero Education : What is recycling,"Aug 7, 2025",428,0
2023-09-05,x4-bTDYXdhQ,Waste Hero Education : What is recycling,"Aug 7, 2025",428,0
2023-09-06,x4-bTDYXdhQ,Waste Hero Education : What is recycling,"Aug 7, 2025",428,0
2023-09-07,x4-bTDYXdhQ,Waste Hero Education : What is recycling,"Aug 7, 2025",428,0
2023-09-08,x4-bTDYXdhQ,Waste Hero Education : What is recycling,"Aug 7, 2025",428,0
2023-09-09,x4-bTDYXdhQ,Waste Hero Education : What is recycling,"Aug 7, 2025",428,0
2023-09-10,x4-bTDYXdhQ,Waste Hero Education : What is recycling,"Aug 7, 2025",428,0
2023-09-11,x4-bTDYXdhQ,Waste Hero Education : What is recycling,"Aug 7, 2025",428,0
2023-09-12,x4-bTDYXdhQ,Waste Hero Education : What is recycling,"Aug 7, 2025",428,0
2023-09-13,x4-bTDYXdhQ,Waste Hero Education : What is recycling,"Aug 7, 2025",428,0
2023-09-14,x4-bTDYXdhQ,Waste Hero Education : What is recycling,"Aug 7, 2025",428,0
2023-09-15,x4-bTDYXdhQ,Waste Hero Education : What is recycling,"Aug 7, 2025",428,0
2023-09-16,x4-bTDYXdhQ,Waste Hero Education : What is recycling,"Aug 7, 2025",428,0
2023-09-17,x4-bTDYXdhQ,Waste Hero Education : What is recycling,"Aug 7, 2025",428,0
2023-09-18,x4-bTDYXdhQ,Waste Hero Education : What is recycling,"Aug 7, 2025",428,0
2023-09-19,x4-bTDYXdhQ,Waste Hero Education : What is recycling,"Aug 7, 2025",428,0
2023-09-20,x4-bTDYXdhQ,Waste Hero Education : What is recycling,"Aug 7, 2025",428,0
2023-09-21,x4-bTDYXdhQ,Waste Hero Education : What is recycling,"Aug 7, 2025",428,0
2023-09-22,x4-bTDYXdhQ,Waste Hero Education : What is recycling,"Aug 7, 2025",428,0
2023-09-23,x4-bTDYXdhQ,Waste Hero Education : What is recycling,"Aug 7, 2025",428,0
2023-09-24,x4-bTDYXdhQ,Waste Hero Education : What is recycling,"Aug 7, 2025",428,0
2023-09-25,x4-bTDYXdhQ,Waste Hero Education : What is recycling,"Aug 7, 2025",428,0
2023-09-26,x4-bTDYXdhQ,Waste Hero Education : What is recycling,"Aug 7, 2025",428,0
2023-09-27,x4-bTDYXdhQ,Waste Hero Education : What is recycling,"Aug 7, 2025",428,0
2023-09-28,x4-bTDYXdhQ,Waste Hero Education : What is recycling,"Aug 7, 2025",428,0
2023-09-29,x4-bTDYXdhQ,Waste Hero Education : What is recycling,"Aug 7, 2025",428,0
2023-09-30,x4-bTDYXdhQ,Waste Hero Education : What is recycling,"Aug 7, 2025",428,0
2023-10-01,x4-bTDYXdhQ,Waste Hero Education : What is recycling,"Aug 7, 2025",428,0
2023-10-02,x4-bTDYXdhQ,Waste Hero Education : What is recycling,"Aug 7, 2025",428,0
2023-10-03,x4-bTDYXdhQ,Waste Hero Education : What is recycling,"Aug 7, 2025",428,0
2023-10-04,x4-bTDYXdhQ,Waste Hero Education : What is recycling,"Aug 7, 2025",428,0
2023-10-05,x4-bTDYXdhQ,Waste Hero Education : What is recycling,"Aug 7, 2025",428,0
2023-10-06,x4-bTDYXdhQ,Waste Hero Education : What is recycling,"Aug 7, 2025",428,0
2023-10-07,x4-bTDYXdhQ,Waste Hero Education : What is recycling,"Aug 7, 2025",428,0
2023-10-08,x4-bTDYXdhQ,Waste Hero Education : What is recycling,"Aug 7, 2025",428,0
2023-10-09,x4-bTDYXdhQ,Waste Hero Education : What is recycling,"Aug 7, 2025",428,0
2023-10-10,x4-bTDYXdhQ,Waste Hero Education : What is recycling,"Aug 7, 2025",428,0
2023-10-11,x4-bTDYXdhQ,Waste Hero Education : What is recycling,"Aug 7, 2025",428,0
2023-10-12,x4-bTDYXdhQ,Waste Hero Education : What is recycling,"Aug 7, 2025",428,0
2023-10-13,x4-bTDYXdhQ,Waste Hero Education : What is recycling,"Aug 7, 2025",428,0
2023-10-14,x4-bTDYXdhQ,Waste Hero Education : What is recycling,"Aug 7, 2025",428,0
2023-10-15,x4-bTDYXdhQ,Waste Hero Education : What is recycling,"Aug 7, 2025",428,0
2023-10-16,x4-bTDYXdhQ,Waste Hero Education : What is recycling,"Aug 7, 2025",428,0
2023-10-17,x4-bTDYXdhQ,Waste Hero Education : What is recycling,"Aug 7, 2025",428,0
2023-10-18,x4-bTDYXdhQ,Waste Hero Education : What is recycling,"Aug 7, 2025",428,0
2023-10-19,x4-bTDYXdhQ,Waste Hero Education : What is recycling,"Aug 7, 2025",428,0
2023-10-20,x4-bTDYXdhQ,Waste Hero Education : What is recycling,"Aug 7, 2025",428,0
2023-10-21,x4-bTDYXdhQ,Waste Hero Education : What is recycling,"Aug 7, 2025",428,0
2023-10-22,x4-bTDYXdhQ,Waste Hero Education : What is recycling,"Aug 7, 2025",428,0
2023-10-23,x4-bTDYXdhQ,Waste Hero Education : What is recycling,"Aug 7, 2025",428,0
2023-10-24,x4-bTDYXdhQ,Waste Hero Education : What is recycling,"Aug 7, 2025",428,0
2023-10-25,x4-bTDYXdhQ,Waste Hero Education : What is recycling,"Aug 7, 2025",428,0
2023-10-26,x4-bTDYXdhQ,Waste Hero Education : What is recycling,"Aug 7, 2025",428,0
2023-10-27,x4-bTDYXdhQ,Waste Hero Education : What is recycling,"Aug 7, 2025",428,0
2023-10-28,x4-bTDYXdhQ,Waste Hero Education : What is recycling,"Aug 7, 2025",428,0
2023-10-29,x4-bTDYXdhQ,Waste Hero Education : What is recycling,"Aug 7, 2025",428,0
2023-10-30,x4-bTDYXdhQ,Waste Hero Education : What is recycling,"Aug 7, 2025",428,0
2023-10-31,x4-bTDYXdhQ,Waste Hero Education : What is recycling,"Aug 7, 2025",428,0
2023-11-01,x4-bTDYXdhQ,Waste Hero Education : What is recycling,"Aug 7, 2025",428,0
2023-11-02,x4-bTDYXdhQ,Waste Hero Education : What is recycling,"Aug 7, 2025",428,0
2023-11-03,x4-bTDYXdhQ,Waste Hero Education : What is recycling,"Aug 7, 2025",428,0
2023-11-04,x4-bTDYXdhQ,Waste Hero Education : What is recycling,"Aug 7, 2025",428,0
2023-11-05,x4-bTDYXdhQ,Waste Hero Education : What is recycling,"Aug 7, 2025",428,0
2023-11-06,x4-bTDYXdhQ,Waste Hero Education : What is recycling,"Aug 7, 2025",428,0
2023-11-07,x4-bTDYXdhQ,Waste Hero Education : What is recycling,"Aug 7, 2025",428,0
2023-11-08,x4-bTDYXdhQ,Waste Hero Education : What is recycling,"Aug 7, 2025",428,0
2023-11-09,x4-bTDYXdhQ,Waste Hero Education : What is recycling,"Aug 7, 2025",428,0
2023-11-10,x4-bTDYXdhQ,Waste Hero Education : What is recycling,"Aug 7, 2025",428,0
2023-11-11,x4-bTDYXdhQ,Waste Hero Education : What is recycling,"Aug 7, 2025",428,0
2023-11-12,x4-bTDYXdhQ,Waste Hero Education : What is recycling,"Aug 7, 2025",428,0
2023-11-13,x4-bTDYXdhQ,Waste Hero Education : What is recycling,"Aug 7, 2025",428,0
2023-11-14,x4-bTDYXdhQ,Waste Hero Education : What is recycling,"Aug 7, 2025",428,0
2023-11-15,x4-bTDYXdhQ,Waste Hero Education : What is recycling,"Aug 7, 2025",428,0
2023-11-16,x4-bTDYXdhQ,Waste Hero Education : What is recycling,"Aug 7, 2025",428,0
2023-11-17,x4-bTDYXdhQ,Waste Hero Education : What is recycling,"Aug 7, 2025",428,0
2023-11-18,x4-bTDYXdhQ,Waste Hero Education : What is recycling,"Aug 7, 2025",428,0
2023-11-19,x4-bTDYXdhQ,Waste Hero Education : What is recycling,"Aug 7, 2025",428,0
2023-11-20,x4-bTDYXdhQ,Waste Hero Education : What is recycling,"Aug 7, 2025",428,0
2023-11-21,x4-bTDYXdhQ,Waste Hero Education : What is recycling,"Aug 7, 2025",428,0
2023-11-22,x4-bTDYXdhQ,Waste Hero Education : What is recycling,"Aug 7, 2025",428,0
2023-11-23,x4-bTDYXdhQ,Waste Hero Education : What is recycling,"Aug 7, 2025",428,0
2023-11-24,x4-bTDYXdhQ,Waste Hero Education : What is recycling,"Aug 7, 2025",428,0
2023-11-25,x4-bTDYXdhQ,Waste Hero Education : What is recycling,"Aug 7, 2025",428,0
2023-11-26,x4-bTDYXdhQ,Waste Hero Education : What is recycling,"Aug 7, 2025",428,0
2023-11-27,x4-bTDYXdhQ,Waste Hero Education : What is recycling,"Aug 7, 2025",428,0
2023-11-28,x4-bTDYXdhQ,Waste Hero Education : What is recycling,"Aug 7, 2025",428,0
2023-11-29,x4-bTDYXdhQ,Waste Hero Education : What is recycling,"Aug 7, 2025",428,0
2023-11-30,x4-bTDYXdhQ,Waste Hero Education : What is recycling,"Aug 7, 2025",428,0
2023-12-01,x4-bTDYXdhQ,Waste Hero Education : What is recycling,"Aug 7, 2025",428,0
2023-12-02,x4-bTDYXdhQ,Waste Hero Education : What is recycling,"Aug 7, 2025",428,0
2023-12-03,x4-bTDYXdhQ,Waste Hero Education : What is recycling,"Aug 7, 2025",428,0
2023-12-04,x4-bTDYXdhQ,Waste Hero Education : What is recycling,"Aug 7, 2025",428,0
2023-12-05,x4-bTDYXdhQ,Waste Hero Education : What is recycling,"Aug 7, 2025",428,0
2023-12-06,x4-bTDYXdhQ,Waste Hero Education : What is recycling,"Aug 7, 2025",428,0
2023-12-07,x4-bTDYXdhQ,Waste Hero Education : What is recycling,"Aug 7, 2025",428,0
2023-12-08,x4-bTDYXdhQ,Waste Hero Education : What is recycling,"Aug 7, 2025",428,0
2023-12-09,x4-bTDYXdhQ,Waste Hero Education : What is recycling,"Aug 7, 2025",428,0
2023-12-10,x4-bTDYXdhQ,Waste Hero Education : What is recycling,"Aug 7, 2025",428,0
2023-12-11,x4-bTDYXdhQ,Waste Hero Education : What is recycling,"Aug 7, 2025",428,0
2023-12-12,x4-bTDYXdhQ,Waste Hero Education : What is recycling,"Aug 7, 2025",428,0
2023-12-13,x4-bTDYXdhQ,Waste Hero Education : What is recycling,"Aug 7, 2025",428,0
2023-12-14,x4-bTDYXdhQ,Waste Hero Education : What is recycling,"Aug 7, 2025",428,0
2023-12-15,x4-bTDYXdhQ,Waste Hero Education : What is recycling,"Aug 7, 2025",428,0
2023-12-16,x4-bTDYXdhQ,Waste Hero Education : What is recycling,"Aug 7, 2025",428,0
2023-12-17,x4-bTDYXdhQ,Waste Hero Education : What is recycling,"Aug 7, 2025",428,0
2023-12-18,x4-bTDYXdhQ,Waste Hero Education : What is recycling,"Aug 7, 2025",428,0
2023-12-19,x4-bTDYXdhQ,Waste Hero Education : What is recycling,"Aug 7, 2025",428,0
2023-12-20,x4-bTDYXdhQ,Waste Hero Education : What is recycling,"Aug 7, 2025",428,0
2023-12-21,x4-bTDYXdhQ,Waste Hero Education : What is recycling,"Aug 7, 2025",428,0
2023-12-22,x4-bTDYXdhQ,Waste Hero Education : What is recycling,"Aug 7, 2025",428,0
2023-12-23,x4-bTDYXdhQ,Waste Hero Education : What is recycling,"Aug 7, 2025",428,0
2023-12-24,x4-bTDYXdhQ,Waste Hero Education : What is recycling,"Aug 7, 2025",428,0
2023-12-25,x4-bTDYXdhQ,Waste Hero Education : What is recycling,"Aug 7, 2025",428,0
2023-12-26,x4-bTDYXdhQ,Waste Hero Education : What is recycling,"Aug 7, 2025",428,0
2023-12-27,x4-bTDYXdhQ,Waste Hero Education : What is recycling,"Aug 7, 2025",428,0
2023-12-28,x4-bTDYXdhQ,Waste Hero Education : What is recycling,"Aug 7, 2025",428,0
2023-12-29,x4-bTDYXdhQ,Waste Hero Education : What is recycling,"Aug 7, 2025",428,0
2023-12-30,x4-bTDYXdhQ,Waste Hero Education : What is recycling,"Aug 7, 2025",428,0
2023-12-31,x4-bTDYXdhQ,Waste Hero Education : What is recycling,"Aug 7, 2025",428,0
2024-01-01,x4-bTDYXdhQ,Waste Hero Education : What is recycling,"Aug 7, 2025",428,0
2024-01-02,x4-bTDYXdhQ,Waste Hero Education : What is recycling,"Aug 7, 2025",428,0
2024-01-03,x4-bTDYXdhQ,Waste Hero Education : What is recycling,"Aug 7, 2025",428,0
2024-01-04,x4-bTDYXdhQ,Waste Hero Education : What is recycling,"Aug 7, 2025",428,0
2024-01-05,x4-bTDYXdhQ,Waste Hero Education : What is recycling,"Aug 7, 2025",428,0
2024-01-06,x4-bTDYXdhQ,Waste Hero Education : What is recycling,"Aug 7, 2025",428,0
2024-01-07,x4-bTDYXdhQ,Waste Hero Education : What is recycling,"Aug 7, 2025",428,0
2024-01-08,x4-bTDYXdhQ,Waste Hero Education : What is recycling,"Aug 7, 2025",428,0
2024-01-09,x4-bTDYXdhQ,Waste Hero Education : What is recycling,"Aug 7, 2025",428,0
2024-01-10,x4-bTDYXdhQ,Waste Hero Education : What is recycling,"Aug 7, 2025",428,0
2024-01-11,x4-bTDYXdhQ,Waste Hero Education : What is recycling,"Aug 7, 2025",428,0
2024-01-12,x4-bTDYXdhQ,Waste Hero Education : What is recycling,"Aug 7, 2025",428,0
2024-01-13,x4-bTDYXdhQ,Waste Hero Education : What is recycling,"Aug 7, 2025",428,0
2024-01-14,x4-bTDYXdhQ,Waste Hero Education : What is recycling,"Aug 7, 2025",428,0
2024-01-15,x4-bTDYXdhQ,Waste Hero Education : What is recycling,"Aug 7, 2025",428,0
2024-01-16,x4-bTDYXdhQ,Waste Hero Education : What is recycling,"Aug 7, 2025",428,0
2024-01-17,x4-bTDYXdhQ,Waste Hero Education : What is recycling,"Aug 7, 2025",428,0
2024-01-18,x4-bTDYXdhQ,Waste Hero Education : What is recycling,"Aug 7, 2025",428,0
2024-01-19,x4-bTDYXdhQ,Waste Hero Education : What is recycling,"Aug 7, 2025",428,0
2024-01-20,x4-bTDYXdhQ,Waste Hero Education : What is recycling,"Aug 7, 2025",428,0
2024-01-21,x4-bTDYXdhQ,Waste Hero Education : What is recycling,"Aug 7, 2025",428,0
2024-01-22,x4-bTDYXdhQ,Waste Hero Education : What is recycling,"Aug 7, 2025",428,0
2024-01-23,x4-bTDYXdhQ,Waste Hero Education : What is recycling,"Aug 7, 2025",428,0
2024-01-24,x4-bTDYXdhQ,Waste Hero Education : What is recycling,"Aug 7, 2025",428,0
2024-01-25,x4-bTDYXdhQ,Waste Hero Education : What is recycling,"Aug 7, 2025",428,0
2024-01-26,x4-bTDYXdhQ,Waste Hero Education : What is recycling,"Aug 7, 2025",428,0
2024-01-27,x4-bTDYXdhQ,Waste Hero Education : What is recycling,"Aug 7, 2025",428,0
2024-01-28,x4-bTDYXdhQ,Waste Hero Education : What is recycling,"Aug 7, 2025",428,0
2024-01-29,x4-bTDYXdhQ,Waste Hero Education : What is recycling,"Aug 7, 2025",428,0
2024-01-30,x4-bTDYXdhQ,Waste Hero Education : What is recycling,"Aug 7, 2025",428,0
2024-01-31,x4-bTDYXdhQ,Waste Hero Education : What is recycling,"Aug 7, 2025",428,0
2024-02-01,x4-bTDYXdhQ,Waste Hero Education : What is recycling,"Aug 7, 2025",428,0
2024-02-02,x4-bTDYXdhQ,Waste Hero Education : What is recycling,"Aug 7, 2025",428,0
2024-02-03,x4-bTDYXdhQ,Waste Hero Education : What is recycling,"Aug 7, 2025",428,0
2024-02-04,x4-bTDYXdhQ,Waste Hero Education : What is recycling,"Aug 7, 2025",428,0
2024-02-05,x4-bTDYXdhQ,Waste Hero Education : What is recycling,"Aug 7, 2025",428,0
2024-02-06,x4-bTDYXdhQ,Waste Hero Education : What is recycling,"Aug 7, 2025",428,0
2024-02-07,x4-bTDYXdhQ,Waste Hero Education : What is recycling,"Aug 7, 2025",428,0
2024-02-08,x4-bTDYXdhQ,Waste Hero Education : What is recycling,"Aug 7, 2025",428,0
2024-02-09,x4-bTDYXdhQ,Waste Hero Education : What is recycling,"Aug 7, 2025",428,0
2024-02-10,x4-bTDYXdhQ,Waste Hero Education : What is recycling,"Aug 7, 2025",428,0
2024-02-11,x4-bTDYXdhQ,Waste Hero Education : What is recycling,"Aug 7, 2025",428,0
2024-02-12,x4-bTDYXdhQ,Waste Hero Education : What is recycling,"Aug 7, 2025",428,0
2024-02-13,x4-bTDYXdhQ,Waste Hero Education : What is recycling,"Aug 7, 2025",428,0
2024-02-14,x4-bTDYXdhQ,Waste Hero Education : What is recycling,"Aug 7, 2025",428,0
2024-02-15,x4-bTDYXdhQ,Waste Hero Education : What is recycling,"Aug 7, 2025",428,0
2024-02-16,x4-bTDYXdhQ,Waste Hero Education : What is recycling,"Aug 7, 2025",428,0
2024-02-17,x4-bTDYXdhQ,Waste Hero Education : What is recycling,"Aug 7, 2025",428,0
2024-02-18,x4-bTDYXdhQ,Waste Hero Education : What is recycling,"Aug 7, 2025",428,0
2024-02-19,x4-bTDYXdhQ,Waste Hero Education : What is recycling,"Aug 7, 2025",428,0
2024-02-20,x4-bTDYXdhQ,Waste Hero Education : What is recycling,"Aug 7, 2025",428,0
2024-02-21,x4-bTDYXdhQ,Waste Hero Education : What is recycling,"Aug 7, 2025",428,0
2024-02-22,x4-bTDYXdhQ,Waste Hero Education : What is recycling,"Aug 7, 2025",428,0
2024-02-23,x4-bTDYXdhQ,Waste Hero Education : What is recycling,"Aug 7, 2025",428,0
2024-02-24,x4-bTDYXdhQ,Waste Hero Education : What is recycling,"Aug 7, 2025",428,0
2024-02-25,x4-bTDYXdhQ,Waste Hero Education : What is recycling,"Aug 7, 2025",428,0
2024-02-26,x4-bTDYXdhQ,Waste Hero Education : What is recycling,"Aug 7, 2025",428,0
2024-02-27,x4-bTDYXdhQ,Waste Hero Education : What is recycling,"Aug 7, 2025",428,0
2024-02-28,x4-bTDYXdhQ,Waste Hero Education : What is recycling,"Aug 7, 2025",428,0
2024-02-29,x4-bTDYXdhQ,Waste Hero Education : What is recycling,"Aug 7, 2025",428,0
2024-03-01,x4-bTDYXdhQ,Waste Hero Education : What is recycling,"Aug 7, 2025",428,0
2024-03-02,x4-bTDYXdhQ,Waste Hero Education : What is recycling,"Aug 7, 2025",428,0
2024-03-03,x4-bTDYXdhQ,Waste Hero Education : What is recycling,"Aug 7, 2025",428,0
2024-03-04,x4-bTDYXdhQ,Waste Hero Education : What is recycling,"Aug 7, 2025",428,0
2024-03-05,x4-bTDYXdhQ,Waste Hero Education : What is recycling,"Aug 7, 2025",428,0
2024-03-06,x4-bTDYXdhQ,Waste Hero Education : What is recycling,"Aug 7, 2025",428,0
2024-03-07,x4-bTDYXdhQ,Waste Hero Education : What is recycling,"Aug 7, 2025",428,0
2024-03-08,x4-bTDYXdhQ,Waste Hero Education : What is recycling,"Aug 7, 2025",428,0
2024-03-09,x4-bTDYXdhQ,Waste Hero Education : What is recycling,"Aug 7, 2025",428,0
2024-03-10,x4-bTDYXdhQ,Waste Hero Education : What is recycling,"Aug 7, 2025",428,0
2024-03-11,x4-bTDYXdhQ,Waste Hero Education : What is recycling,"Aug 7, 2025",428,0
2024-03-12,x4-bTDYXdhQ,Waste Hero Education : What is recycling,"Aug 7, 2025",428,0
2024-03-13,x4-bTDYXdhQ,Waste Hero Education : What is recycling,"Aug 7, 2025",428,0
2024-03-14,x4-bTDYXdhQ,Waste Hero Education : What is recycling,"Aug 7, 2025",428,0
2024-03-15,x4-bTDYXdhQ,Waste Hero Education : What is recycling,"Aug 7, 2025",428,0
2024-03-16,x4-bTDYXdhQ,Waste Hero Education : What is recycling,"Aug 7, 2025",428,0
2024-03-17,x4-bTDYXdhQ,Waste Hero Education : What is recycling,"Aug 7, 2025",428,0
2024-03-18,x4-bTDYXdhQ,Waste Hero Education : What is recycling,"Aug 7, 2025",428,0
2024-03-19,x4-bTDYXdhQ,Waste Hero Education : What is recycling,"Aug 7, 2025",428,0
2024-03-20,x4-bTDYXdhQ,Waste Hero Education : What is recycling,"Aug 7, 2025",428,0
2024-03-21,x4-bTDYXdhQ,Waste Hero Education : What is recycling,"Aug 7, 2025",428,0
2024-03-22,x4-bTDYXdhQ,Waste Hero Education : What is recycling,"Aug 7, 2025",428,0
2024-03-23,x4-bTDYXdhQ,Waste Hero Education : What is recycling,"Aug 7, 2025",428,0
2024-03-24,x4-bTDYXdhQ,Waste Hero Education : What is recycling,"Aug 7, 2025",428,0
2024-03-25,x4-bTDYXdhQ,Waste Hero Education : What is recycling,"Aug 7, 2025",428,0
2024-03-26,x4-bTDYXdhQ,Waste Hero Education : What is recycling,"Aug 7, 2025",428,0
2024-03-27,x4-bTDYXdhQ,Waste Hero Education : What is recycling,"Aug 7, 2025",428,0
2024-03-28,x4-bTDYXdhQ,Waste Hero Education : What is recycling,"Aug 7, 2025",428,0
2024-03-29,x4-bTDYXdhQ,Waste Hero Education : What is recycling,"Aug 7, 2025",428,0
2024-03-30,x4-bTDYXdhQ,Waste Hero Education : What is recycling,"Aug 7, 2025",428,0
2024-03-31,x4-bTDYXdhQ,Waste Hero Education : What is recycling,"Aug 7, 2025",428,0
2024-04-01,x4-bTDYXdhQ,Waste Hero Education : What is recycling,"Aug 7, 2025",428,0
2024-04-02,x4-bTDYXdhQ,Waste Hero Education : What is recycling,"Aug 7, 2025",428,0
2024-04-03,x4-bTDYXdhQ,Waste Hero Education : What is recycling,"Aug 7, 2025",428,0
2024-04-04,x4-bTDYXdhQ,Waste Hero Education : What is recycling,"Aug 7, 2025",428,0
2024-04-05,x4-bTDYXdhQ,Waste Hero Education : What is recycling,"Aug 7, 2025",428,0
2024-04-06,x4-bTDYXdhQ,Waste Hero Education : What is recycling,"Aug 7, 2025",428,0
2024-04-07,x4-bTDYXdhQ,Waste Hero Education : What is recycling,"Aug 7, 2025",428,0
2024-04-08,x4-bTDYXdhQ,Waste Hero Education : What is recycling,"Aug 7, 2025",428,0
2024-04-09,x4-bTDYXdhQ,Waste Hero Education : What is recycling,"Aug 7, 2025",428,0
2024-04-10,x4-bTDYXdhQ,Waste Hero Education : What is recycling,"Aug 7, 2025",428,0
2024-04-11,x4-bTDYXdhQ,Waste Hero Education : What is recycling,"Aug 7, 2025",428,0
2024-04-12,x4-bTDYXdhQ,Waste Hero Education : What is recycling,"Aug 7, 2025",428,0
2024-04-13,x4-bTDYXdhQ,Waste Hero Education : What is recycling,"Aug 7, 2025",428,0
2024-04-14,x4-bTDYXdhQ,Waste Hero Education : What is recycling,"Aug 7, 2025",428,0
2024-04-15,x4-bTDYXdhQ,Waste Hero Education : What is recycling,"Aug 7, 2025",428,0
2024-04-16,x4-bTDYXdhQ,Waste Hero Education : What is recycling,"Aug 7, 2025",428,0
2024-04-17,x4-bTDYXdhQ,Waste Hero Education : What is recycling,"Aug 7, 2025",428,0
2024-04-18,x4-bTDYXdhQ,Waste Hero Education : What is recycling,"Aug 7, 2025",428,0
2024-04-19,x4-bTDYXdhQ,Waste Hero Education : What is recycling,"Aug 7, 2025",428,0
2024-04-20,x4-bTDYXdhQ,Waste Hero Education : What is recycling,"Aug 7, 2025",428,0
2024-04-21,x4-bTDYXdhQ,Waste Hero Education : What is recycling,"Aug 7, 2025",428,0
2024-04-22,x4-bTDYXdhQ,Waste Hero Education : What is recycling,"Aug 7, 2025",428,0
2024-04-23,x4-bTDYXdhQ,Waste Hero Education : What is recycling,"Aug 7, 2025",428,0
2024-04-24,x4-bTDYXdhQ,Waste Hero Education : What is recycling,"Aug 7, 2025",428,0
2024-04-25,x4-bTDYXdhQ,Waste Hero Education : What is recycling,"Aug 7, 2025",428,0
2024-04-26,x4-bTDYXdhQ,Waste Hero Education : What is recycling,"Aug 7, 2025",428,0
2024-04-27,x4-bTDYXdhQ,Waste Hero Education : What is recycling,"Aug 7, 2025",428,0
2024-04-28,x4-bTDYXdhQ,Waste Hero Education : What is recycling,"Aug 7, 2025",428,0
2024-04-29,x4-bTDYXdhQ,Waste Hero Education : What is recycling,"Aug 7, 2025",428,0
2024-04-30,x4-bTDYXdhQ,Waste Hero Education : What is recycling,"Aug 7, 2025",428,0
2024-05-01,x4-bTDYXdhQ,Waste Hero Education : What is recycling,"Aug 7, 2025",428,0
2024-05-02,x4-bTDYXdhQ,Waste Hero Education : What is recycling,"Aug 7, 2025",428,0
2024-05-03,x4-bTDYXdhQ,Waste Hero Education : What is recycling,"Aug 7, 2025",428,0
2024-05-04,x4-bTDYXdhQ,Waste Hero Education : What is recycling,"Aug 7, 2025",428,0
2024-05-05,x4-bTDYXdhQ,Waste Hero Education : What is recycling,"Aug 7, 2025",428,0
2024-05-06,x4-bTDYXdhQ,Waste Hero Education : What is recycling,"Aug 7, 2025",428,0
2024-05-07,x4-bTDYXdhQ,Waste Hero Education : What is recycling,"Aug 7, 2025",428,0
2024-05-08,x4-bTDYXdhQ,Waste Hero Education : What is recycling,"Aug 7, 2025",428,0
2024-05-09,x4-bTDYXdhQ,Waste Hero Education : What is recycling,"Aug 7, 2025",428,0
2024-05-10,x4-bTDYXdhQ,Waste Hero Education : What is recycling,"Aug 7, 2025",428,0
2024-05-11,x4-bTDYXdhQ,Waste Hero Education : What is recycling,"Aug 7, 2025",428,0
2024-05-12,x4-bTDYXdhQ,Waste Hero Education : What is recycling,"Aug 7, 2025",428,0
2024-05-13,x4-bTDYXdhQ,Waste Hero Education : What is recycling,"Aug 7, 2025",428,0
2024-05-14,x4-bTDYXdhQ,Waste Hero Education : What is recycling,"Aug 7, 2025",428,0
2024-05-15,x4-bTDYXdhQ,Waste Hero Education : What is recycling,"Aug 7, 2025",428,0
2024-05-16,x4-bTDYXdhQ,Waste Hero Education : What is recycling,"Aug 7, 2025",428,0
2024-05-17,x4-bTDYXdhQ,Waste Hero Education : What is recycling,"Aug 7, 2025",428,0
2024-05-18,x4-bTDYXdhQ,Waste Hero Education : What is recycling,"Aug 7, 2025",428,0
2024-05-19,x4-bTDYXdhQ,Waste Hero Education : What is recycling,"Aug 7, 2025",428,0
2024-05-20,x4-bTDYXdhQ,Waste Hero Education : What is recycling,"Aug 7, 2025",428,0
2024-05-21,x4-bTDYXdhQ,Waste Hero Education : What is recycling,"Aug 7, 2025",428,0
2024-05-22,x4-bTDYXdhQ,Waste Hero Education : What is recycling,"Aug 7, 2025",428,0
2024-05-23,x4-bTDYXdhQ,Waste Hero Education : What is recycling,"Aug 7, 2025",428,0
2024-05-24,x4-bTDYXdhQ,Waste Hero Education : What is recycling,"Aug 7, 2025",428,0
2024-05-25,x4-bTDYXdhQ,Waste Hero Education : What is recycling,"Aug 7, 2025",428,0
2024-05-26,x4-bTDYXdhQ,Waste Hero Education : What is recycling,"Aug 7, 2025",428,0
2024-05-27,x4-bTDYXdhQ,Waste Hero Education : What is recycling,"Aug 7, 2025",428,0
2024-05-28,x4-bTDYXdhQ,Waste Hero Education : What is recycling,"Aug 7, 2025",428,0
2024-05-29,x4-bTDYXdhQ,Waste Hero Education : What is recycling,"Aug 7, 2025",428,0
2024-05-30,x4-bTDYXdhQ,Waste Hero Education : What is recycling,"Aug 7, 2025",428,0
2024-05-31,x4-bTDYXdhQ,Waste Hero Education : What is recycling,"Aug 7, 2025",428,0
2024-06-01,x4-bTDYXdhQ,Waste Hero Education : What is recycling,"Aug 7, 2025",428,0
2024-06-02,x4-bTDYXdhQ,Waste Hero Education : What is recycling,"Aug 7, 2025",428,0
2024-06-03,x4-bTDYXdhQ,Waste Hero Education : What is recycling,"Aug 7, 2025",428,0
2024-06-04,x4-bTDYXdhQ,Waste Hero Education : What is recycling,"Aug 7, 2025",428,0
2024-06-05,x4-bTDYXdhQ,Waste Hero Education : What is recycling,"Aug 7, 2025",428,0
2024-06-06,x4-bTDYXdhQ,Waste Hero Education : What is recycling,"Aug 7, 2025",428,0
2024-06-07,x4-bTDYXdhQ,Waste Hero Education : What is recycling,"Aug 7, 2025",428,0
2024-06-08,x4-bTDYXdhQ,Waste Hero Education : What is recycling,"Aug 7, 2025",428,0
2024-06-09,x4-bTDYXdhQ,Waste Hero Education : What is recycling,"Aug 7, 2025",428,0
2024-06-10,x4-bTDYXdhQ,Waste Hero Education : What is recycling,"Aug 7, 2025",428,0
2024-06-11,x4-bTDYXdhQ,Waste Hero Education : What is recycling,"Aug 7, 2025",428,0
2024-06-12,x4-bTDYXdhQ,Waste Hero Education : What is recycling,"Aug 7, 2025",428,0
2024-06-13,x4-bTDYXdhQ,Waste Hero Education : What is recycling,"Aug 7, 2025",428,0
2024-06-14,x4-bTDYXdhQ,Waste Hero Education : What is recycling,"Aug 7, 2025",428,0
2024-06-15,x4-bTDYXdhQ,Waste Hero Education : What is recycling,"Aug 7, 2025",428,0
2024-06-16,x4-bTDYXdhQ,Waste Hero Education : What is recycling,"Aug 7, 2025",428,0
2024-06-17,x4-bTDYXdhQ,Waste Hero Education : What is recycling,"Aug 7, 2025",428,0
2024-06-18,x4-bTDYXdhQ,Waste Hero Education : What is recycling,"Aug 7, 2025",428,0
2024-06-19,x4-bTDYXdhQ,Waste Hero Education : What is recycling,"Aug 7, 2025",428,0
2024-06-20,x4-bTDYXdhQ,Waste Hero Education : What is recycling,"Aug 7, 2025",428,0
2024-06-21,x4-bTDYXdhQ,Waste Hero Education : What is recycling,"Aug 7, 2025",428,0
2024-06-22,x4-bTDYXdhQ,Waste Hero Education : What is recycling,"Aug 7, 2025",428,0
2024-06-23,x4-bTDYXdhQ,Waste Hero Education : What is recycling,"Aug 7, 2025",428,0
2024-06-24,x4-bTDYXdhQ,Waste Hero Education : What is recycling,"Aug 7, 2025",428,0
2024-06-25,x4-bTDYXdhQ,Waste Hero Education : What is recycling,"Aug 7, 2025",428,0
2024-06-26,x4-bTDYXdhQ,Waste Hero Education : What is recycling,"Aug 7, 2025",428,0
2024-06-27,x4-bTDYXdhQ,Waste Hero Education : What is recycling,"Aug 7, 2025",428,0
2024-06-28,x4-bTDYXdhQ,Waste Hero Education : What is recycling,"Aug 7, 2025",428,0
2024-06-29,x4-bTDYXdhQ,Waste Hero Education : What is recycling,"Aug 7, 2025",428,0
2024-06-30,x4-bTDYXdhQ,Waste Hero Education : What is recycling,"Aug 7, 2025",428,0
2024-07-01,x4-bTDYXdhQ,Waste Hero Education : What is recycling,"Aug 7, 2025",428,0
2024-07-02,x4-bTDYXdhQ,Waste Hero Education : What is recycling,"Aug 7, 2025",428,0
2024-07-03,x4-bTDYXdhQ,Waste Hero Education : What is recycling,"Aug 7, 2025",428,0
2024-07-04,x4-bTDYXdhQ,Waste Hero Education : What is recycling,"Aug 7, 2025",428,0
2024-07-05,x4-bTDYXdhQ,Waste Hero Education : What is recycling,"Aug 7, 2025",428,0
2024-07-06,x4-bTDYXdhQ,Waste Hero Education : What is recycling,"Aug 7, 2025",428,0
2024-07-07,x4-bTDYXdhQ,Waste Hero Education : What is recycling,"Aug 7, 2025",428,0
2024-07-08,x4-bTDYXdhQ,Waste Hero Education : What is recycling,"Aug 7, 2025",428,0
2024-07-09,x4-bTDYXdhQ,Waste Hero Education : What is recycling,"Aug 7, 2025",428,0
2024-07-10,x4-bTDYXdhQ,Waste Hero Education : What is recycling,"Aug 7, 2025",428,0
2024-07-11,x4-bTDYXdhQ,Waste Hero Education : What is recycling,"Aug 7, 2025",428,0
2024-07-12,x4-bTDYXdhQ,Waste Hero Education : What is recycling,"Aug 7, 2025",428,0
2024-07-13,x4-bTDYXdhQ,Waste Hero Education : What is recycling,"Aug 7, 2025",428,0
2024-07-14,x4-bTDYXdhQ,Waste Hero Education : What is recycling,"Aug 7, 2025",428,0
2024-07-15,x4-bTDYXdhQ,Waste Hero Education : What is recycling,"Aug 7, 2025",428,0
2024-07-16,x4-bTDYXdhQ,Waste Hero Education : What is recycling,"Aug 7, 2025",428,0
2024-07-17,x4-bTDYXdhQ,Waste Hero Education : What is recycling,"Aug 7, 2025",428,0
2024-07-18,x4-bTDYXdhQ,Waste Hero Education : What is recycling,"Aug 7, 2025",428,0
2024-07-19,x4-bTDYXdhQ,Waste Hero Education : What is recycling,"Aug 7, 2025",428,0
2024-07-20,x4-bTDYXdhQ,Waste Hero Education : What is recycling,"Aug 7, 2025",428,0
2024-07-21,x4-bTDYXdhQ,Waste Hero Education : What is recycling,"Aug 7, 2025",428,0
2024-07-22,x4-bTDYXdhQ,Waste Hero Education : What is recycling,"Aug 7, 2025",428,0
2024-07-23,x4-bTDYXdhQ,Waste Hero Education : What is recycling,"Aug 7, 2025",428,0
2024-07-24,x4-bTDYXdhQ,Waste Hero Education : What is recycling,"Aug 7, 2025",428,0
2024-07-25,x4-bTDYXdhQ,Waste Hero Education : What is recycling,"Aug 7, 2025",428,0
2024-07-26,x4-bTDYXdhQ,Waste Hero Education : What is recycling,"Aug 7, 2025",428,0
2024-07-27,x4-bTDYXdhQ,Waste Hero Education : What is recycling,"Aug 7, 2025",428,0
2024-07-28,x4-bTDYXdhQ,Waste Hero Education : What is recycling,"Aug 7, 2025",428,0
2024-07-29,x4-bTDYXdhQ,Waste Hero Education : What is recycling,"Aug 7, 2025",428,0
2024-07-30,x4-bTDYXdhQ,Waste Hero Education : What is recycling,"Aug 7, 2025",428,0
2024-07-31,x4-bTDYXdhQ,Waste Hero Education : What is recycling,"Aug 7, 2025",428,0
2024-08-01,x4-bTDYXdhQ,Waste Hero Education : What is recycling,"Aug 7, 2025",428,0
2024-08-02,x4-bTDYXdhQ,Waste Hero Education : What is recycling,"Aug 7, 2025",428,0
2024-08-03,x4-bTDYXdhQ,Waste Hero Education : What is recycling,"Aug 7, 2025",428,0
2024-08-04,x4-bTDYXdhQ,Waste Hero Education : What is recycling,"Aug 7, 2025",428,0
2024-08-05,x4-bTDYXdhQ,Waste Hero Education : What is recycling,"Aug 7, 2025",428,0
2024-08-06,x4-bTDYXdhQ,Waste Hero Education : What is recycling,"Aug 7, 2025",428,0
2024-08-07,x4-bTDYXdhQ,Waste Hero Education : What is recycling,"Aug 7, 2025",428,0
2024-08-08,x4-bTDYXdhQ,Waste Hero Education : What is recycling,"Aug 7, 2025",428,0
2024-08-09,x4-bTDYXdhQ,Waste Hero Education : What is recycling,"Aug 7, 2025",428,0
2024-08-10,x4-bTDYXdhQ,Waste Hero Education : What is recycling,"Aug 7, 2025",428,0
2024-08-11,x4-bTDYXdhQ,Waste Hero Education : What is recycling,"Aug 7, 2025",428,0
2024-08-12,x4-bTDYXdhQ,Waste Hero Education : What is recycling,"Aug 7, 2025",428,0
2024-08-13,x4-bTDYXdhQ,Waste Hero Education : What is recycling,"Aug 7, 2025",428,0
2024-08-14,x4-bTDYXdhQ,Waste Hero Education : What is recycling,"Aug 7, 2025",428,0
2024-08-15,x4-bTDYXdhQ,Waste Hero Education : What is recycling,"Aug 7, 2025",428,0
2024-08-16,x4-bTDYXdhQ,Waste Hero Education : What is recycling,"Aug 7, 2025",428,0
2024-08-17,x4-bTDYXdhQ,Waste Hero Education : What is recycling,"Aug 7, 2025",428,0
2024-08-18,x4-bTDYXdhQ,Waste Hero Education : What is recycling,"Aug 7, 2025",428,0
2024-08-19,x4-bTDYXdhQ,Waste Hero Education : What is recycling,"Aug 7, 2025",428,0
2024-08-20,x4-bTDYXdhQ,Waste Hero Education : What is recycling,"Aug 7, 2025",428,0
2024-08-21,x4-bTDYXdhQ,Waste Hero Education : What is recycling,"Aug 7, 2025",428,0
2024-08-22,x4-bTDYXdhQ,Waste Hero Education : What is recycling,"Aug 7, 2025",428,0
2024-08-23,x4-bTDYXdhQ,Waste Hero Education : What is recycling,"Aug 7, 2025",428,0
2024-08-24,x4-bTDYXdhQ,Waste Hero Education : What is recycling,"Aug 7, 2025",428,0
2024-08-25,x4-bTDYXdhQ,Waste Hero Education : What is recycling,"Aug 7, 2025",428,0
2024-08-26,x4-bTDYXdhQ,Waste Hero Education : What is recycling,"Aug 7, 2025",428,0
2024-08-27,x4-bTDYXdhQ,Waste Hero Education : What is recycling,"Aug 7, 2025",428,0
2024-08-28,x4-bTDYXdhQ,Waste Hero Education : What is recycling,"Aug 7, 2025",428,0
2024-08-29,x4-bTDYXdhQ,Waste Hero Education : What is recycling,"Aug 7, 2025",428,0
2024-08-30,x4-bTDYXdhQ,Waste Hero Education : What is recycling,"Aug 7, 2025",428,0
2024-08-31,x4-bTDYXdhQ,Waste Hero Education : What is recycling,"Aug 7, 2025",428,0
2024-09-01,x4-bTDYXdhQ,Waste Hero Education : What is recycling,"Aug 7, 2025",428,0
2024-09-02,x4-bTDYXdhQ,Waste Hero Education : What is recycling,"Aug 7, 2025",428,0
2024-09-03,x4-bTDYXdhQ,Waste Hero Education : What is recycling,"Aug 7, 2025",428,0
2024-09-04,x4-bTDYXdhQ,Waste Hero Education : What is recycling,"Aug 7, 2025",428,0
2024-09-05,x4-bTDYXdhQ,Waste Hero Education : What is recycling,"Aug 7, 2025",428,0
2024-09-06,x4-bTDYXdhQ,Waste Hero Education : What is recycling,"Aug 7, 2025",428,0
2024-09-07,x4-bTDYXdhQ,Waste Hero Education : What is recycling,"Aug 7, 2025",428,0
2024-09-08,x4-bTDYXdhQ,Waste Hero Education : What is recycling,"Aug 7, 2025",428,0
2024-09-09,x4-bTDYXdhQ,Waste Hero Education : What is recycling,"Aug 7, 2025",428,0
2024-09-10,x4-bTDYXdhQ,Waste Hero Education : What is recycling,"Aug 7, 2025",428,0
2024-09-11,x4-bTDYXdhQ,Waste Hero Education : What is recycling,"Aug 7, 2025",428,0
2024-09-12,x4-bTDYXdhQ,Waste Hero Education : What is recycling,"Aug 7, 2025",428,0
2024-09-13,x4-bTDYXdhQ,Waste Hero Education : What is recycling,"Aug 7, 2025",428,0
2024-09-14,x4-bTDYXdhQ,Waste Hero Education : What is recycling,"Aug 7, 2025",428,0
2024-09-15,x4-bTDYXdhQ,Waste Hero Education : What is recycling,"Aug 7, 2025",428,0
2024-09-16,x4-bTDYXdhQ,Waste Hero Education : What is recycling,"Aug 7, 2025",428,0
2024-09-17,x4-bTDYXdhQ,Waste Hero Education : What is recycling,"Aug 7, 2025",428,0
2024-09-18,x4-bTDYXdhQ,Waste Hero Education : What is recycling,"Aug 7, 2025",428,0
2024-09-19,x4-bTDYXdhQ,Waste Hero Education : What is recycling,"Aug 7, 2025",428,0
2024-09-20,x4-bTDYXdhQ,Waste Hero Education : What is recycling,"Aug 7, 2025",428,0
2024-09-21,x4-bTDYXdhQ,Waste Hero Education : What is recycling,"Aug 7, 2025",428,0
2024-09-22,x4-bTDYXdhQ,Waste Hero Education : What is recycling,"Aug 7, 2025",428,0
2024-09-23,x4-bTDYXdhQ,Waste Hero Education : What is recycling,"Aug 7, 2025",428,0
2024-09-24,x4-bTDYXdhQ,Waste Hero Education : What is recycling,"Aug 7, 2025",428,0
2024-09-25,x4-bTDYXdhQ,Waste Hero Education : What is recycling,"Aug 7, 2025",428,0
2024-09-26,x4-bTDYXdhQ,Waste Hero Education : What is recycling,"Aug 7, 2025",428,0
2024-09-27,x4-bTDYXdhQ,Waste Hero Education : What is recycling,"Aug 7, 2025",428,0
2024-09-28,x4-bTDYXdhQ,Waste Hero Education : What is recycling,"Aug 7, 2025",428,0
2024-09-29,x4-bTDYXdhQ,Waste Hero Education : What is recycling,"Aug 7, 2025",428,0
2024-09-30,x4-bTDYXdhQ,Waste Hero Education : What is recycling,"Aug 7, 2025",428,0
2024-10-01,x4-bTDYXdhQ,Waste Hero Education : What is recycling,"Aug 7, 2025",428,0
2024-10-02,x4-bTDYXdhQ,Waste Hero Education : What is recycling,"Aug 7, 2025",428,0
2024-10-03,x4-bTDYXdhQ,Waste Hero Education : What is recycling,"Aug 7, 2025",428,0
2024-10-04,x4-bTDYXdhQ,Waste Hero Education : What is recycling,"Aug 7, 2025",428,0
2024-10-05,x4-bTDYXdhQ,Waste Hero Education : What is recycling,"Aug 7, 2025",428,0
2024-10-06,x4-bTDYXdhQ,Waste Hero Education : What is recycling,"Aug 7, 2025",428,0
2024-10-07,x4-bTDYXdhQ,Waste Hero Education : What is recycling,"Aug 7, 2025",428,0
2024-10-08,x4-bTDYXdhQ,Waste Hero Education : What is recycling,"Aug 7, 2025",428,0
2024-10-09,x4-bTDYXdhQ,Waste Hero Education : What is recycling,"Aug 7, 2025",428,0
2024-10-10,x4-bTDYXdhQ,Waste Hero Education : What is recycling,"Aug 7, 2025",428,0
2024-10-11,x4-bTDYXdhQ,Waste Hero Education : What is recycling,"Aug 7, 2025",428,0
2024-10-12,x4-bTDYXdhQ,Waste Hero Education : What is recycling,"Aug 7, 2025",428,0
2024-10-13,x4-bTDYXdhQ,Waste Hero Education : What is recycling,"Aug 7, 2025",428,0
2024-10-14,x4-bTDYXdhQ,Waste Hero Education : What is recycling,"Aug 7, 2025",428,0
2024-10-15,x4-bTDYXdhQ,Waste Hero Education : What is recycling,"Aug 7, 2025",428,0
2024-10-16,x4-bTDYXdhQ,Waste Hero Education : What is recycling,"Aug 7, 2025",428,0
2024-10-17,x4-bTDYXdhQ,Waste Hero Education : What is recycling,"Aug 7, 2025",428,0
2024-10-18,x4-bTDYXdhQ,Waste Hero Education : What is recycling,"Aug 7, 2025",428,0
2024-10-19,x4-bTDYXdhQ,Waste Hero Education : What is recycling,"Aug 7, 2025",428,0
2024-10-20,x4-bTDYXdhQ,Waste Hero Education : What is recycling,"Aug 7, 2025",428,0
2024-10-21,x4-bTDYXdhQ,Waste Hero Education : What is recycling,"Aug 7, 2025",428,0
2024-10-22,x4-bTDYXdhQ,Waste Hero Education : What is recycling,"Aug 7, 2025",428,0
2024-10-23,x4-bTDYXdhQ,Waste Hero Education : What is recycling,"Aug 7, 2025",428,0
2024-10-24,x4-bTDYXdhQ,Waste Hero Education : What is recycling,"Aug 7, 2025",428,0
2024-10-25,x4-bTDYXdhQ,Waste Hero Education : What is recycling,"Aug 7, 2025",428,0
2024-10-26,x4-bTDYXdhQ,Waste Hero Education : What is recycling,"Aug 7, 2025",428,0
2024-10-27,x4-bTDYXdhQ,Waste Hero Education : What is recycling,"Aug 7, 2025",428,0
2024-10-28,x4-bTDYXdhQ,Waste Hero Education : What is recycling,"Aug 7, 2025",428,0
2024-10-29,x4-bTDYXdhQ,Waste Hero Education : What is recycling,"Aug 7, 2025",428,0
2024-10-30,x4-bTDYXdhQ,Waste Hero Education : What is recycling,"Aug 7, 2025",428,0
2024-10-31,x4-bTDYXdhQ,Waste Hero Education : What is recycling,"Aug 7, 2025",428,0
2024-11-01,x4-bTDYXdhQ,Waste Hero Education : What is recycling,"Aug 7, 2025",428,0
2024-11-02,x4-bTDYXdhQ,Waste Hero Education : What is recycling,"Aug 7, 2025",428,0
2024-11-03,x4-bTDYXdhQ,Waste Hero Education : What is recycling,"Aug 7, 2025",428,0
2024-11-04,x4-bTDYXdhQ,Waste Hero Education : What is recycling,"Aug 7, 2025",428,0
2024-11-05,x4-bTDYXdhQ,Waste Hero Education : What is recycling,"Aug 7, 2025",428,0
2024-11-06,x4-bTDYXdhQ,Waste Hero Education : What is recycling,"Aug 7, 2025",428,0
2024-11-07,x4-bTDYXdhQ,Waste Hero Education : What is recycling,"Aug 7, 2025",428,0
2024-11-08,x4-bTDYXdhQ,Waste Hero Education : What is recycling,"Aug 7, 2025",428,0
2024-11-09,x4-bTDYXdhQ,Waste Hero Education : What is recycling,"Aug 7, 2025",428,0
2024-11-10,x4-bTDYXdhQ,Waste Hero Education : What is recycling,"Aug 7, 2025",428,0
2024-11-11,x4-bTDYXdhQ,Waste Hero Education : What is recycling,"Aug 7, 2025",428,0
2024-11-12,x4-bTDYXdhQ,Waste Hero Education : What is recycling,"Aug 7, 2025",428,0
2024-11-13,x4-bTDYXdhQ,Waste Hero Education : What is recycling,"Aug 7, 2025",428,0
2024-11-14,x4-bTDYXdhQ,Waste Hero Education : What is recycling,"Aug 7, 2025",428,0
2024-11-15,x4-bTDYXdhQ,Waste Hero Education : What is recycling,"Aug 7, 2025",428,0
2024-11-16,x4-bTDYXdhQ,Waste Hero Education : What is recycling,"Aug 7, 2025",428,0
2024-11-17,x4-bTDYXdhQ,Waste Hero Education : What is recycling,"Aug 7, 2025",428,0
2024-11-18,x4-bTDYXdhQ,Waste Hero Education : What is recycling,"Aug 7, 2025",428,0
2024-11-19,x4-bTDYXdhQ,Waste Hero Education : What is recycling,"Aug 7, 2025",428,0
2024-11-20,x4-bTDYXdhQ,Waste Hero Education : What is recycling,"Aug 7, 2025",428,0
2024-11-21,x4-bTDYXdhQ,Waste Hero Education : What is recycling,"Aug 7, 2025",428,0
2024-11-22,x4-bTDYXdhQ,Waste Hero Education : What is recycling,"Aug 7, 2025",428,0
2024-11-23,x4-bTDYXdhQ,Waste Hero Education : What is recycling,"Aug 7, 2025",428,0
2024-11-24,x4-bTDYXdhQ,Waste Hero Education : What is recycling,"Aug 7, 2025",428,0
2024-11-25,x4-bTDYXdhQ,Waste Hero Education : What is recycling,"Aug 7, 2025",428,0
2024-11-26,x4-bTDYXdhQ,Waste Hero Education : What is recycling,"Aug 7, 2025",428,0
2024-11-27,x4-bTDYXdhQ,Waste Hero Education : What is recycling,"Aug 7, 2025",428,0
2024-11-28,x4-bTDYXdhQ,Waste Hero Education : What is recycling,"Aug 7, 2025",428,0
2024-11-29,x4-bTDYXdhQ,Waste Hero Education : What is recycling,"Aug 7, 2025",428,0
2024-11-30,x4-bTDYXdhQ,Waste Hero Education : What is recycling,"Aug 7, 2025",428,0
2024-12-01,x4-bTDYXdhQ,Waste Hero Education : What is recycling,"Aug 7, 2025",428,0
2024-12-02,x4-bTDYXdhQ,Waste Hero Education : What is recycling,"Aug 7, 2025",428,0
2024-12-03,x4-bTDYXdhQ,Waste Hero Education : What is recycling,"Aug 7, 2025",428,0
2024-12-04,x4-bTDYXdhQ,Waste Hero Education : What is recycling,"Aug 7, 2025",428,0
2024-12-05,x4-bTDYXdhQ,Waste Hero Education : What is recycling,"Aug 7, 2025",428,0
2024-12-06,x4-bTDYXdhQ,Waste Hero Education : What is recycling,"Aug 7, 2025",428,0
2024-12-07,x4-bTDYXdhQ,Waste Hero Education : What is recycling,"Aug 7, 2025",428,0
2024-12-08,x4-bTDYXdhQ,Waste Hero Education : What is recycling,"Aug 7, 2025",428,0
2024-12-09,x4-bTDYXdhQ,Waste Hero Education : What is recycling,"Aug 7, 2025",428,0
2024-12-10,x4-bTDYXdhQ,Waste Hero Education : What is recycling,"Aug 7, 2025",428,0
2024-12-11,x4-bTDYXdhQ,Waste Hero Education : What is recycling,"Aug 7, 2025",428,0
2024-12-12,x4-bTDYXdhQ,Waste Hero Education : What is recycling,"Aug 7, 2025",428,0
2024-12-13,x4-bTDYXdhQ,Waste Hero Education : What is recycling,"Aug 7, 2025",428,0
2024-12-14,x4-bTDYXdhQ,Waste Hero Education : What is recycling,"Aug 7, 2025",428,0
2024-12-15,x4-bTDYXdhQ,Waste Hero Education : What is recycling,"Aug 7, 2025",428,0
2024-12-16,x4-bTDYXdhQ,Waste Hero Education : What is recycling,"Aug 7, 2025",428,0
2024-12-17,x4-bTDYXdhQ,Waste Hero Education : What is recycling,"Aug 7, 2025",428,0
2024-12-18,x4-bTDYXdhQ,Waste Hero Education : What is recycling,"Aug 7, 2025",428,0
2024-12-19,x4-bTDYXdhQ,Waste Hero Education : What is recycling,"Aug 7, 2025",428,0
2024-12-20,x4-bTDYXdhQ,Waste Hero Education : What is recycling,"Aug 7, 2025",428,0
2024-12-21,x4-bTDYXdhQ,Waste Hero Education : What is recycling,"Aug 7, 2025",428,0
2024-12-22,x4-bTDYXdhQ,Waste Hero Education : What is recycling,"Aug 7, 2025",428,0
2024-12-23,x4-bTDYXdhQ,Waste Hero Education : What is recycling,"Aug 7, 2025",428,0
2024-12-24,x4-bTDYXdhQ,Waste Hero Education : What is recycling,"Aug 7, 2025",428,0
2024-12-25,x4-bTDYXdhQ,Waste Hero Education : What is recycling,"Aug 7, 2025",428,0
2024-12-26,x4-bTDYXdhQ,Waste Hero Education : What is recycling,"Aug 7, 2025",428,0
2024-12-27,x4-bTDYXdhQ,Waste Hero Education : What is recycling,"Aug 7, 2025",428,0
2024-12-28,x4-bTDYXdhQ,Waste Hero Education : What is recycling,"Aug 7, 2025",428,0
2024-12-29,x4-bTDYXdhQ,Waste Hero Education : What is recycling,"Aug 7, 2025",428,0
2024-12-30,x4-bTDYXdhQ,Waste Hero Education : What is recycling,"Aug 7, 2025",428,0
2024-12-31,x4-bTDYXdhQ,Waste Hero Education : What is recycling,"Aug 7, 2025",428,0
2025-01-01,x4-bTDYXdhQ,Waste Hero Education : What is recycling,"Aug 7, 2025",428,0
2025-01-02,x4-bTDYXdhQ,Waste Hero Education : What is recycling,"Aug 7, 2025",428,0
2025-01-03,x4-bTDYXdhQ,Waste Hero Education : What is recycling,"Aug 7, 2025",428,0
2025-01-04,x4-bTDYXdhQ,Waste Hero Education : What is recycling,"Aug 7, 2025",428,0
2025-01-05,x4-bTDYXdhQ,Waste Hero Education : What is recycling,"Aug 7, 2025",428,0
2025-01-06,x4-bTDYXdhQ,Waste Hero Education : What is recycling,"Aug 7, 2025",428,0
2025-01-07,x4-bTDYXdhQ,Waste Hero Education : What is recycling,"Aug 7, 2025",428,0
2025-01-08,x4-bTDYXdhQ,Waste Hero Education : What is recycling,"Aug 7, 2025",428,0
2025-01-09,x4-bTDYXdhQ,Waste Hero Education : What is recycling,"Aug 7, 2025",428,0
2025-01-10,x4-bTDYXdhQ,Waste Hero Education : What is recycling,"Aug 7, 2025",428,0
2025-01-11,x4-bTDYXdhQ,Waste Hero Education : What is recycling,"Aug 7, 2025",428,0
2025-01-12,x4-bTDYXdhQ,Waste Hero Education : What is recycling,"Aug 7, 2025",428,0
2025-01-13,x4-bTDYXdhQ,Waste Hero Education : What is recycling,"Aug 7, 2025",428,0
2025-01-14,x4-bTDYXdhQ,Waste Hero Education : What is recycling,"Aug 7, 2025",428,0
2025-01-15,x4-bTDYXdhQ,Waste Hero Education : What is recycling,"Aug 7, 2025",428,0
2025-01-16,x4-bTDYXdhQ,Waste Hero Education : What is recycling,"Aug 7, 2025",428,0
2025-01-17,x4-bTDYXdhQ,Waste Hero Education : What is recycling,"Aug 7, 2025",428,0
2025-01-18,x4-bTDYXdhQ,Waste Hero Education : What is recycling,"Aug 7, 2025",428,0
2025-01-19,x4-bTDYXdhQ,Waste Hero Education : What is recycling,"Aug 7, 2025",428,0
2025-01-20,x4-bTDYXdhQ,Waste Hero Education : What is recycling,"Aug 7, 2025",428,0
2025-01-21,x4-bTDYXdhQ,Waste Hero Education : What is recycling,"Aug 7, 2025",428,0
2025-01-22,x4-bTDYXdhQ,Waste Hero Education : What is recycling,"Aug 7, 2025",428,0
2025-01-23,x4-bTDYXdhQ,Waste Hero Education : What is recycling,"Aug 7, 2025",428,0
2025-01-24,x4-bTDYXdhQ,Waste Hero Education : What is recycling,"Aug 7, 2025",428,0
2025-01-25,x4-bTDYXdhQ,Waste Hero Education : What is recycling,"Aug 7, 2025",428,0
2025-01-26,x4-bTDYXdhQ,Waste Hero Education : What is recycling,"Aug 7, 2025",428,0
2025-01-27,x4-bTDYXdhQ,Waste Hero Education : What is recycling,"Aug 7, 2025",428,0
2025-01-28,x4-bTDYXdhQ,Waste Hero Education : What is recycling,"Aug 7, 2025",428,0
2025-01-29,x4-bTDYXdhQ,Waste Hero Education : What is recycling,"Aug 7, 2025",428,0
2025-01-30,x4-bTDYXdhQ,Waste Hero Education : What is recycling,"Aug 7, 2025",428,0
2025-01-31,x4-bTDYXdhQ,Waste Hero Education : What is recycling,"Aug 7, 2025",428,0
2025-02-01,x4-bTDYXdhQ,Waste Hero Education : What is recycling,"Aug 7, 2025",428,0
2025-02-02,x4-bTDYXdhQ,Waste Hero Education : What is recycling,"Aug 7, 2025",428,0
2025-02-03,x4-bTDYXdhQ,Waste Hero Education : What is recycling,"Aug 7, 2025",428,0
2025-02-04,x4-bTDYXdhQ,Waste Hero Education : What is recycling,"Aug 7, 2025",428,0
2025-02-05,x4-bTDYXdhQ,Waste Hero Education : What is recycling,"Aug 7, 2025",428,0
2025-02-06,x4-bTDYXdhQ,Waste Hero Education : What is recycling,"Aug 7, 2025",428,0
2025-02-07,x4-bTDYXdhQ,Waste Hero Education : What is recycling,"Aug 7, 2025",428,0
2025-02-08,x4-bTDYXdhQ,Waste Hero Education : What is recycling,"Aug 7, 2025",428,0
2025-02-09,x4-bTDYXdhQ,Waste Hero Education : What is recycling,"Aug 7, 2025",428,0
2025-02-10,x4-bTDYXdhQ,Waste Hero Education : What is recycling,"Aug 7, 2025",428,0
2025-02-11,x4-bTDYXdhQ,Waste Hero Education : What is recycling,"Aug 7, 2025",428,0
2025-02-12,x4-bTDYXdhQ,Waste Hero Education : What is recycling,"Aug 7, 2025",428,0
2025-02-13,x4-bTDYXdhQ,Waste Hero Education : What is recycling,"Aug 7, 2025",428,0
2025-02-14,x4-bTDYXdhQ,Waste Hero Education : What is recycling,"Aug 7, 2025",428,0
2025-02-15,x4-bTDYXdhQ,Waste Hero Education : What is recycling,"Aug 7, 2025",428,0
2025-02-16,x4-bTDYXdhQ,Waste Hero Education : What is recycling,"Aug 7, 2025",428,0
2025-02-17,x4-bTDYXdhQ,Waste Hero Education : What is recycling,"Aug 7, 2025",428,0
2025-02-18,x4-bTDYXdhQ,Waste Hero Education : What is recycling,"Aug 7, 2025",428,0
2025-02-19,x4-bTDYXdhQ,Waste Hero Education : What is recycling,"Aug 7, 2025",428,0
2025-02-20,x4-bTDYXdhQ,Waste Hero Education : What is recycling,"Aug 7, 2025",428,0
2025-02-21,x4-bTDYXdhQ,Waste Hero Education : What is recycling,"Aug 7, 2025",428,0
2025-02-22,x4-bTDYXdhQ,Waste Hero Education : What is recycling,"Aug 7, 2025",428,0
2025-02-23,x4-bTDYXdhQ,Waste Hero Education : What is recycling,"Aug 7, 2025",428,0
2025-02-24,x4-bTDYXdhQ,Waste Hero Education : What is recycling,"Aug 7, 2025",428,0
2025-02-25,x4-bTDYXdhQ,Waste Hero Education : What is recycling,"Aug 7, 2025",428,0
2025-02-26,x4-bTDYXdhQ,Waste Hero Education : What is recycling,"Aug 7, 2025",428,0
2025-02-27,x4-bTDYXdhQ,Waste Hero Education : What is recycling,"Aug 7, 2025",428,0
2025-02-28,x4-bTDYXdhQ,Waste Hero Education : What is recycling,"Aug 7, 2025",428,0
2025-03-01,x4-bTDYXdhQ,Waste Hero Education : What is recycling,"Aug 7, 2025",428,0
2025-03-02,x4-bTDYXdhQ,Waste Hero Education : What is recycling,"Aug 7, 2025",428,0
2025-03-03,x4-bTDYXdhQ,Waste Hero Education : What is recycling,"Aug 7, 2025",428,0
2025-03-04,x4-bTDYXdhQ,Waste Hero Education : What is recycling,"Aug 7, 2025",428,0
2025-03-05,x4-bTDYXdhQ,Waste Hero Education : What is recycling,"Aug 7, 2025",428,0
2025-03-06,x4-bTDYXdhQ,Waste Hero Education : What is recycling,"Aug 7, 2025",428,0
2025-03-07,x4-bTDYXdhQ,Waste Hero Education : What is recycling,"Aug 7, 2025",428,0
2025-03-08,x4-bTDYXdhQ,Waste Hero Education : What is recycling,"Aug 7, 2025",428,0
2025-03-09,x4-bTDYXdhQ,Waste Hero Education : What is recycling,"Aug 7, 2025",428,0
2025-03-10,x4-bTDYXdhQ,Waste Hero Education : What is recycling,"Aug 7, 2025",428,0
2025-03-11,x4-bTDYXdhQ,Waste Hero Education : What is recycling,"Aug 7, 2025",428,0
2025-03-12,x4-bTDYXdhQ,Waste Hero Education : What is recycling,"Aug 7, 2025",428,0
2025-03-13,x4-bTDYXdhQ,Waste Hero Education : What is recycling,"Aug 7, 2025",428,0
2025-03-14,x4-bTDYXdhQ,Waste Hero Education : What is recycling,"Aug 7, 2025",428,0
2025-03-15,x4-bTDYXdhQ,Waste Hero Education : What is recycling,"Aug 7, 2025",428,0
2025-03-16,x4-bTDYXdhQ,Waste Hero Education : What is recycling,"Aug 7, 2025",428,0
2025-03-17,x4-bTDYXdhQ,Waste Hero Education : What is recycling,"Aug 7, 2025",428,0
2025-03-18,x4-bTDYXdhQ,Waste Hero Education : What is recycling,"Aug 7, 2025",428,0
2025-03-19,x4-bTDYXdhQ,Waste Hero Education : What is recycling,"Aug 7, 2025",428,0
2025-03-20,x4-bTDYXdhQ,Waste Hero Education : What is recycling,"Aug 7, 2025",428,0
2025-03-21,x4-bTDYXdhQ,Waste Hero Education : What is recycling,"Aug 7, 2025",428,0
2025-03-22,x4-bTDYXdhQ,Waste Hero Education : What is recycling,"Aug 7, 2025",428,0
2025-03-23,x4-bTDYXdhQ,Waste Hero Education : What is recycling,"Aug 7, 2025",428,0
2025-03-24,x4-bTDYXdhQ,Waste Hero Education : What is recycling,"Aug 7, 2025",428,0
2025-03-25,x4-bTDYXdhQ,Waste Hero Education : What is recycling,"Aug 7, 2025",428,0
2025-03-26,x4-bTDYXdhQ,Waste Hero Education : What is recycling,"Aug 7, 2025",428,0
2025-03-27,x4-bTDYXdhQ,Waste Hero Education : What is recycling,"Aug 7, 2025",428,0
2025-03-28,x4-bTDYXdhQ,Waste Hero Education : What is recycling,"Aug 7, 2025",428,0
2025-03-29,x4-bTDYXdhQ,Waste Hero Education : What is recycling,"Aug 7, 2025",428,0
2025-03-30,x4-bTDYXdhQ,Waste Hero Education : What is recycling,"Aug 7, 2025",428,0
2025-03-31,x4-bTDYXdhQ,Waste Hero Education : What is recycling,"Aug 7, 2025",428,0
2025-04-01,x4-bTDYXdhQ,Waste Hero Education : What is recycling,"Aug 7, 2025",428,0
2025-04-02,x4-bTDYXdhQ,Waste Hero Education : What is recycling,"Aug 7, 2025",428,0
2025-04-03,x4-bTDYXdhQ,Waste Hero Education : What is recycling,"Aug 7, 2025",428,0
2025-04-04,x4-bTDYXdhQ,Waste Hero Education : What is recycling,"Aug 7, 2025",428,0
2025-04-05,x4-bTDYXdhQ,Waste Hero Education : What is recycling,"Aug 7, 2025",428,0
2025-04-06,x4-bTDYXdhQ,Waste Hero Education : What is recycling,"Aug 7, 2025",428,0
2025-04-07,x4-bTDYXdhQ,Waste Hero Education : What is recycling,"Aug 7, 2025",428,0
2025-04-08,x4-bTDYXdhQ,Waste Hero Education : What is recycling,"Aug 7, 2025",428,0
2025-04-09,x4-bTDYXdhQ,Waste Hero Education : What is recycling,"Aug 7, 2025",428,0
2025-04-10,x4-bTDYXdhQ,Waste Hero Education : What is recycling,"Aug 7, 2025",428,0
2025-04-11,x4-bTDYXdhQ,Waste Hero Education : What is recycling,"Aug 7, 2025",428,0
2025-04-12,x4-bTDYXdhQ,Waste Hero Education : What is recycling,"Aug 7, 2025",428,0
2025-04-13,x4-bTDYXdhQ,Waste Hero Education : What is recycling,"Aug 7, 2025",428,0
2025-04-14,x4-bTDYXdhQ,Waste Hero Education : What is recycling,"Aug 7, 2025",428,0
2025-04-15,x4-bTDYXdhQ,Waste Hero Education : What is recycling,"Aug 7, 2025",428,0
2025-04-16,x4-bTDYXdhQ,Waste Hero Education : What is recycling,"Aug 7, 2025",428,0
2025-04-17,x4-bTDYXdhQ,Waste Hero Education : What is recycling,"Aug 7, 2025",428,0
2025-04-18,x4-bTDYXdhQ,Waste Hero Education : What is recycling,"Aug 7, 2025",428,0
2025-04-19,x4-bTDYXdhQ,Waste Hero Education : What is recycling,"Aug 7, 2025",428,0
2025-04-20,x4-bTDYXdhQ,Waste Hero Education : What is recycling,"Aug 7, 2025",428,0
2025-04-21,x4-bTDYXdhQ,Waste Hero Education : What is recycling,"Aug 7, 2025",428,0
2025-04-22,x4-bTDYXdhQ,Waste Hero Education : What is recycling,"Aug 7, 2025",428,0
2025-04-23,x4-bTDYXdhQ,Waste Hero Education : What is recycling,"Aug 7, 2025",428,0
2025-04-24,x4-bTDYXdhQ,Waste Hero Education : What is recycling,"Aug 7, 2025",428,0
2025-04-25,x4-bTDYXdhQ,Waste Hero Education : What is recycling,"Aug 7, 2025",428,0
2025-04-26,x4-bTDYXdhQ,Waste Hero Education : What is recycling,"Aug 7, 2025",428,0
2025-04-27,x4-bTDYXdhQ,Waste Hero Education : What is recycling,"Aug 7, 2025",428,0
2025-04-28,x4-bTDYXdhQ,Waste Hero Education : What is recycling,"Aug 7, 2025",428,0
2025-04-29,x4-bTDYXdhQ,Waste Hero Education : What is recycling,"Aug 7, 2025",428,0
2025-04-30,x4-bTDYXdhQ,Waste Hero Education : What is recycling,"Aug 7, 2025",428,0
2025-05-01,x4-bTDYXdhQ,Waste Hero Education : What is recycling,"Aug 7, 2025",428,0
2025-05-02,x4-bTDYXdhQ,Waste Hero Education : What is recycling,"Aug 7, 2025",428,0
2025-05-03,x4-bTDYXdhQ,Waste Hero Education : What is recycling,"Aug 7, 2025",428,0
2025-05-04,x4-bTDYXdhQ,Waste Hero Education : What is recycling,"Aug 7, 2025",428,0
2025-05-05,x4-bTDYXdhQ,Waste Hero Education : What is recycling,"Aug 7, 2025",428,0
2025-05-06,x4-bTDYXdhQ,Waste Hero Education : What is recycling,"Aug 7, 2025",428,0
2025-05-07,x4-bTDYXdhQ,Waste Hero Education : What is recycling,"Aug 7, 2025",428,0
2025-05-08,x4-bTDYXdhQ,Waste Hero Education : What is recycling,"Aug 7, 2025",428,0
2025-05-09,x4-bTDYXdhQ,Waste Hero Education : What is recycling,"Aug 7, 2025",428,0
2025-05-10,x4-bTDYXdhQ,Waste Hero Education : What is recycling,"Aug 7, 2025",428,0
2025-05-11,x4-bTDYXdhQ,Waste Hero Education : What is recycling,"Aug 7, 2025",428,0
2025-05-12,x4-bTDYXdhQ,Waste Hero Education : What is recycling,"Aug 7, 2025",428,0
2025-05-13,x4-bTDYXdhQ,Waste Hero Education : What is recycling,"Aug 7, 2025",428,0
2025-05-14,x4-bTDYXdhQ,Waste Hero Education : What is recycling,"Aug 7, 2025",428,0
2025-05-15,x4-bTDYXdhQ,Waste Hero Education : What is recycling,"Aug 7, 2025",428,0
2025-05-16,x4-bTDYXdhQ,Waste Hero Education : What is recycling,"Aug 7, 2025",428,0
2025-05-17,x4-bTDYXdhQ,Waste Hero Education : What is recycling,"Aug 7, 2025",428,0
2025-05-18,x4-bTDYXdhQ,Waste Hero Education : What is recycling,"Aug 7, 2025",428,0
2025-05-19,x4-bTDYXdhQ,Waste Hero Education : What is recycling,"Aug 7, 2025",428,0
2025-05-20,x4-bTDYXdhQ,Waste Hero Education : What is recycling,"Aug 7, 2025",428,0
2025-05-21,x4-bTDYXdhQ,Waste Hero Education : What is recycling,"Aug 7, 2025",428,0
2025-05-22,x4-bTDYXdhQ,Waste Hero Education : What is recycling,"Aug 7, 2025",428,0
2025-05-23,x4-bTDYXdhQ,Waste Hero Education : What is recycling,"Aug 7, 2025",428,0
2025-05-24,x4-bTDYXdhQ,Waste Hero Education : What is recycling,"Aug 7, 2025",428,0
2025-05-25,x4-bTDYXdhQ,Waste Hero Education : What is recycling,"Aug 7, 2025",428,0
2025-05-26,x4-bTDYXdhQ,Waste Hero Education : What is recycling,"Aug 7, 2025",428,0
2025-05-27,x4-bTDYXdhQ,Waste Hero Education : What is recycling,"Aug 7, 2025",428,0
2025-05-28,x4-bTDYXdhQ,Waste Hero Education : What is recycling,"Aug 7, 2025",428,0
2025-05-29,x4-bTDYXdhQ,Waste Hero Education : What is recycling,"Aug 7, 2025",428,0
2025-05-30,x4-bTDYXdhQ,Waste Hero Education : What is recycling,"Aug 7, 2025",428,0
2025-05-31,x4-bTDYXdhQ,Waste Hero Education : What is recycling,"Aug 7, 2025",428,0
2025-06-01,x4-bTDYXdhQ,Waste Hero Education : What is recycling,"Aug 7, 2025",428,0
2025-06-02,x4-bTDYXdhQ,Waste Hero Education : What is recycling,"Aug 7, 2025",428,0
2025-06-03,x4-bTDYXdhQ,Waste Hero Education : What is recycling,"Aug 7, 2025",428,0
2025-06-04,x4-bTDYXdhQ,Waste Hero Education : What is recycling,"Aug 7, 2025",428,0
2025-06-05,x4-bTDYXdhQ,Waste Hero Education : What is recycling,"Aug 7, 2025",428,0
2025-06-06,x4-bTDYXdhQ,Waste Hero Education : What is recycling,"Aug 7, 2025",428,0
2025-06-07,x4-bTDYXdhQ,Waste Hero Education : What is recycling,"Aug 7, 2025",428,0
2025-06-08,x4-bTDYXdhQ,Waste Hero Education : What is recycling,"Aug 7, 2025",428,0
2025-06-09,x4-bTDYXdhQ,Waste Hero Education : What is recycling,"Aug 7, 2025",428,0
2025-06-10,x4-bTDYXdhQ,Waste Hero Education : What is recycling,"Aug 7, 2025",428,0
2025-06-11,x4-bTDYXdhQ,Waste Hero Education : What is recycling,"Aug 7, 2025",428,0
2025-06-12,x4-bTDYXdhQ,Waste Hero Education : What is recycling,"Aug 7, 2025",428,0
2025-06-13,x4-bTDYXdhQ,Waste Hero Education : What is recycling,"Aug 7, 2025",428,0
2025-06-14,x4-bTDYXdhQ,Waste Hero Education : What is recycling,"Aug 7, 2025",428,0
2025-06-15,x4-bTDYXdhQ,Waste Hero Education : What is recycling,"Aug 7, 2025",428,0
2025-06-16,x4-bTDYXdhQ,Waste Hero Education : What is recycling,"Aug 7, 2025",428,0
2025-06-17,x4-bTDYXdhQ,Waste Hero Education : What is recycling,"Aug 7, 2025",428,0
2025-06-18,x4-bTDYXdhQ,Waste Hero Education : What is recycling,"Aug 7, 2025",428,0
2025-06-19,x4-bTDYXdhQ,Waste Hero Education : What is recycling,"Aug 7, 2025",428,0
2025-06-20,x4-bTDYXdhQ,Waste Hero Education : What is recycling,"Aug 7, 2025",428,0
2025-06-21,x4-bTDYXdhQ,Waste Hero Education : What is recycling,"Aug 7, 2025",428,0
2025-06-22,x4-bTDYXdhQ,Waste Hero Education : What is recycling,"Aug 7, 2025",428,0
2025-06-23,x4-bTDYXdhQ,Waste Hero Education : What is recycling,"Aug 7, 2025",428,0
2025-06-24,x4-bTDYXdhQ,Waste Hero Education : What is recycling,"Aug 7, 2025",428,0
2025-06-25,x4-bTDYXdhQ,Waste Hero Education : What is recycling,"Aug 7, 2025",428,0
2025-06-26,x4-bTDYXdhQ,Waste Hero Education : What is recycling,"Aug 7, 2025",428,0
2025-06-27,x4-bTDYXdhQ,Waste Hero Education : What is recycling,"Aug 7, 2025",428,0
2025-06-28,x4-bTDYXdhQ,Waste Hero Education : What is recycling,"Aug 7, 2025",428,0
2025-06-29,x4-bTDYXdhQ,Waste Hero Education : What is recycling,"Aug 7, 2025",428,0
2025-06-30,x4-bTDYXdhQ,Waste Hero Education : What is recycling,"Aug 7, 2025",428,0
2025-07-01,x4-bTDYXdhQ,Waste Hero Education : What is recycling,"Aug 7, 2025",428,0
2025-07-02,x4-bTDYXdhQ,Waste Hero Education : What is recycling,"Aug 7, 2025",428,0
2025-07-03,x4-bTDYXdhQ,Waste Hero Education : What is recycling,"Aug 7, 2025",428,0
2025-07-04,x4-bTDYXdhQ,Waste Hero Education : What is recycling,"Aug 7, 2025",428,0
2025-07-05,x4-bTDYXdhQ,Waste Hero Education : What is recycling,"Aug 7, 2025",428,0
2025-07-06,x4-bTDYXdhQ,Waste Hero Education : What is recycling,"Aug 7, 2025",428,0
2025-07-07,x4-bTDYXdhQ,Waste Hero Education : What is recycling,"Aug 7, 2025",428,0
2025-07-08,x4-bTDYXdhQ,Waste Hero Education : What is recycling,"Aug 7, 2025",428,0
2025-07-09,x4-bTDYXdhQ,Waste Hero Education : What is recycling,"Aug 7, 2025",428,0
2025-07-10,x4-bTDYXdhQ,Waste Hero Education : What is recycling,"Aug 7, 2025",428,0
2025-07-11,x4-bTDYXdhQ,Waste Hero Education : What is recycling,"Aug 7, 2025",428,0
2025-07-12,x4-bTDYXdhQ,Waste Hero Education : What is recycling,"Aug 7, 2025",428,0
2025-07-13,x4-bTDYXdhQ,Waste Hero Education : What is recycling,"Aug 7, 2025",428,0
2025-07-14,x4-bTDYXdhQ,Waste Hero Education : What is recycling,"Aug 7, 2025",428,0
2025-07-15,x4-bTDYXdhQ,Waste Hero Education : What is recycling,"Aug 7, 2025",428,0
2025-07-16,x4-bTDYXdhQ,Waste Hero Education : What is recycling,"Aug 7, 2025",428,0
2025-07-17,x4-bTDYXdhQ,Waste Hero Education : What is recycling,"Aug 7, 2025",428,0
2025-07-18,x4-bTDYXdhQ,Waste Hero Education : What is recycling,"Aug 7, 2025",428,0
2025-07-19,x4-bTDYXdhQ,Waste Hero Education : What is recycling,"Aug 7, 2025",428,0
2025-07-20,x4-bTDYXdhQ,Waste Hero Education : What is recycling,"Aug 7, 2025",428,0
2025-07-21,x4-bTDYXdhQ,Waste Hero Education : What is recycling,"Aug 7, 2025",428,0
2025-07-22,x4-bTDYXdhQ,Waste Hero Education : What is recycling,"Aug 7, 2025",428,0
2025-07-23,x4-bTDYXdhQ,Waste Hero Education : What is recycling,"Aug 7, 2025",428,0
2025-07-24,x4-bTDYXdhQ,Waste Hero Education : What is recycling,"Aug 7, 2025",428,0
2025-07-25,x4-bTDYXdhQ,Waste Hero Education : What is recycling,"Aug 7, 2025",428,0
2025-07-26,x4-bTDYXdhQ,Waste Hero Education : What is recycling,"Aug 7, 2025",428,0
2025-07-27,x4-bTDYXdhQ,Waste Hero Education : What is recycling,"Aug 7, 2025",428,0
2025-07-28,x4-bTDYXdhQ,Waste Hero Education : What is recycling,"Aug 7, 2025",428,0
2025-07-29,x4-bTDYXdhQ,Waste Hero Education : What is recycling,"Aug 7, 2025",428,0
2025-07-30,x4-bTDYXdhQ,Waste Hero Education : What is recycling,"Aug 7, 2025",428,0
2025-07-31,x4-bTDYXdhQ,Waste Hero Education : What is recycling,"Aug 7, 2025",428,0
2025-08-01,x4-bTDYXdhQ,Waste Hero Education : What is recycling,"Aug 7, 2025",428,0
2025-08-02,x4-bTDYXdhQ,Waste Hero Education : What is recycling,"Aug 7, 2025",428,0
2025-08-03,x4-bTDYXdhQ,Waste Hero Education : What is recycling,"Aug 7, 2025",428,0
2025-08-04,x4-bTDYXdhQ,Waste Hero Education : What is recycling,"Aug 7, 2025",428,0
2025-08-05,x4-bTDYXdhQ,Waste Hero Education : What is recycling,"Aug 7, 2025",428,0
2025-08-06,x4-bTDYXdhQ,Waste Hero Education : What is recycling,"Aug 7, 2025",428,1
2025-08-07,x4-bTDYXdhQ,Waste Hero Education : What is recycling,"Aug 7, 2025",428,5
2025-08-08,x4-bTDYXdhQ,Waste Hero Education : What is recycling,"Aug 7, 2025",428,0
2025-08-09,x4-bTDYXdhQ,Waste Hero Education : What is recycling,"Aug 7, 2025",428,0
2025-08-10,x4-bTDYXdhQ,Waste Hero Education : What is recycling,"Aug 7, 2025",428,0
2025-08-11,x4-bTDYXdhQ,Waste Hero Education : What is recycling,"Aug 7, 2025",428,0
2025-08-12,x4-bTDYXdhQ,Waste Hero Education : What is recycling,"Aug 7, 2025",428,0
2025-08-13,x4-bTDYXdhQ,Waste Hero Education : What is recycling,"Aug 7, 2025",428,0
2025-08-14,x4-bTDYXdhQ,Waste Hero Education : What is recycling,"Aug 7, 2025",428,0
2025-08-15,x4-bTDYXdhQ,Waste Hero Education : What is recycling,"Aug 7, 2025",428,0
2025-08-16,x4-bTDYXdhQ,Waste Hero Education : What is recycling,"Aug 7, 2025",428,0
2025-08-17,x4-bTDYXdhQ,Waste Hero Education : What is recycling,"Aug 7, 2025",428,0
2025-08-18,x4-bTDYXdhQ,Waste Hero Education : What is recycling,"Aug 7, 2025",428,0
2025-08-19,x4-bTDYXdhQ,Waste Hero Education : What is recycling,"Aug 7, 2025",428,1
2025-08-20,x4-bTDYXdhQ,Waste Hero Education : What is recycling,"Aug 7, 2025",428,0
2025-08-21,x4-bTDYXdhQ,Waste Hero Education : What is recycling,"Aug 7, 2025",428,0
2025-08-22,x4-bTDYXdhQ,Waste Hero Education : What is recycling,"Aug 7, 2025",428,0
2025-08-23,x4-bTDYXdhQ,Waste Hero Education : What is recycling,"Aug 7, 2025",428,0
2025-08-24,x4-bTDYXdhQ,Waste Hero Education : What is recycling,"Aug 7, 2025",428,0
2025-08-25,x4-bTDYXdhQ,Waste Hero Education : What is recycling,"Aug 7, 2025",428,2
2025-08-26,x4-bTDYXdhQ,Waste Hero Education : What is recycling,"Aug 7, 2025",428,0
2025-08-27,x4-bTDYXdhQ,Waste Hero Education : What is recycling,"Aug 7, 2025",428,0
2025-08-28,x4-bTDYXdhQ,Waste Hero Education : What is recycling,"Aug 7, 2025",428,0
2025-08-29,x4-bTDYXdhQ,Waste Hero Education : What is recycling,"Aug 7, 2025",428,0
2025-08-30,x4-bTDYXdhQ,Waste Hero Education : What is recycling,"Aug 7, 2025",428,0
2025-08-31,x4-bTDYXdhQ,Waste Hero Education : What is recycling,"Aug 7, 2025",428,0
2025-09-01,x4-bTDYXdhQ,Waste Hero Education : What is recycling,"Aug 7, 2025",428,0
2025-09-02,x4-bTDYXdhQ,Waste Hero Education : What is recycling,"Aug 7, 2025",428,0
2025-09-03,x4-bTDYXdhQ,Waste Hero Education : What is recycling,"Aug 7, 2025",428,0
2025-09-04,x4-bTDYXdhQ,Waste Hero Education : What is recycling,"Aug 7, 2025",428,0
2025-09-05,x4-bTDYXdhQ,Waste Hero Education : What is recycling,"Aug 7, 2025",428,539
2025-09-06,x4-bTDYXdhQ,Waste Hero Education : What is recycling,"Aug 7, 2025",428,986
2025-09-07,x4-bTDYXdhQ,Waste Hero Education : What is recycling,"Aug 7, 2025",428,1717
2025-09-08,x4-bTDYXdhQ,Waste Hero Education : What is recycling,"Aug 7, 2025",428,289
2025-09-09,x4-bTDYXdhQ,Waste Hero Education : What is recycling,"Aug 7, 2025",428,651
2025-09-10,x4-bTDYXdhQ,Waste Hero Education : What is recycling,"Aug 7, 2025",428,492
2025-09-11,x4-bTDYXdhQ,Waste Hero Education : What is recycling,"Aug 7, 2025",428,647
2025-09-12,x4-bTDYXdhQ,Waste Hero Education : What is recycling,"Aug 7, 2025",428,1295
2025-09-13,x4-bTDYXdhQ,Waste Hero Education : What is recycling,"Aug 7, 2025",428,551
2025-09-14,x4-bTDYXdhQ,Waste Hero Education : What is recycling,"Aug 7, 2025",428,632
2025-09-15,x4-bTDYXdhQ,Waste Hero Education : What is recycling,"Aug 7, 2025",428,602
2025-09-16,x4-bTDYXdhQ,Waste Hero Education : What is recycling,"Aug 7, 2025",428,488
2025-09-17,x4-bTDYXdhQ,Waste Hero Education : What is recycling,"Aug 7, 2025",428,454
2025-09-18,x4-bTDYXdhQ,Waste Hero Education : What is recycling,"Aug 7, 2025",428,96
2025-09-19,x4-bTDYXdhQ,Waste Hero Education : What is recycling,"Aug 7, 2025",428,241
2025-09-20,x4-bTDYXdhQ,Waste Hero Education : What is recycling,"Aug 7, 2025",428,96
2025-09-21,x4-bTDYXdhQ,Waste Hero Education : What is recycling,"Aug 7, 2025",428,416
2025-09-22,x4-bTDYXdhQ,Waste Hero Education : What is recycling,"Aug 7, 2025",428,326
2025-09-23,x4-bTDYXdhQ,Waste Hero Education : What is recycling,"Aug 7, 2025",428,167
2025-09-24,x4-bTDYXdhQ,Waste Hero Education : What is recycling,"Aug 7, 2025",428,375
2025-09-25,x4-bTDYXdhQ,Waste Hero Education : What is recycling,"Aug 7, 2025",428,319
2025-09-26,x4-bTDYXdhQ,Waste Hero Education : What is recycling,"Aug 7, 2025",428,352
2025-09-27,x4-bTDYXdhQ,Waste Hero Education : What is recycling,"Aug 7, 2025",428,264
2025-09-28,x4-bTDYXdhQ,Waste Hero Education : What is recycling,"Aug 7, 2025",428,73
2025-09-29,x4-bTDYXdhQ,Waste Hero Education : What is recycling,"Aug 7, 2025",428,81
2025-09-30,x4-bTDYXdhQ,Waste Hero Education : What is recycling,"Aug 7, 2025",428,69
2025-10-01,x4-bTDYXdhQ,Waste Hero Education : What is recycling,"Aug 7, 2025",428,90
2025-10-02,x4-bTDYXdhQ,Waste Hero Education : What is recycling,"Aug 7, 2025",428,59
2025-10-03,x4-bTDYXdhQ,Waste Hero Education : What is recycling,"Aug 7, 2025",428,22
2025-10-04,x4-bTDYXdhQ,Waste Hero Education : What is recycling,"Aug 7, 2025",428,44
2025-10-05,x4-bTDYXdhQ,Waste Hero Education : What is recycling,"Aug 7, 2025",428,71
2025-10-06,x4-bTDYXdhQ,Waste Hero Education : What is recycling,"Aug 7, 2025",428,687
2025-10-07,x4-bTDYXdhQ,Waste Hero Education : What is recycling,"Aug 7, 2025",428,56
2025-10-08,x4-bTDYXdhQ,Waste Hero Education : What is recycling,"Aug 7, 2025",428,640
2025-10-09,x4-bTDYXdhQ,Waste Hero Education : What is recycling,"Aug 7, 2025",428,565
2025-10-10,x4-bTDYXdhQ,Waste Hero Education : What is recycling,"Aug 7, 2025",428,373
2025-10-11,x4-bTDYXdhQ,Waste Hero Education : What is recycling,"Aug 7, 2025",428,674
2025-10-12,x4-bTDYXdhQ,Waste Hero Education : What is recycling,"Aug 7, 2025",428,221
2025-10-13,x4-bTDYXdhQ,Waste Hero Education : What is recycling,"Aug 7, 2025",428,177
2025-10-14,x4-bTDYXdhQ,Waste Hero Education : What is recycling,"Aug 7, 2025",428,820
2025-10-15,x4-bTDYXdhQ,Waste Hero Education : What is recycling,"Aug 7, 2025",428,469
2025-10-16,x4-bTDYXdhQ,Waste Hero Education : What is recycling,"Aug 7, 2025",428,498
2025-10-17,x4-bTDYXdhQ,Waste Hero Education : What is recycling,"Aug 7, 2025",428,138
2025-10-18,x4-bTDYXdhQ,Waste Hero Education : What is recycling,"Aug 7, 2025",428,319
2025-10-19,x4-bTDYXdhQ,Waste Hero Education : What is recycling,"Aug 7, 2025",428,281
2025-10-20,x4-bTDYXdhQ,Waste Hero Education : What is recycling,"Aug 7, 2025",428,291
2025-10-21,x4-bTDYXdhQ,Waste Hero Education : What is recycling,"Aug 7, 2025",428,514
2025-10-22,x4-bTDYXdhQ,Waste Hero Education : What is recycling,"Aug 7, 2025",428,146
2025-10-23,x4-bTDYXdhQ,Waste Hero Education : What is recycling,"Aug 7, 2025",428,456
2025-10-24,x4-bTDYXdhQ,Waste Hero Education : What is recycling,"Aug 7, 2025",428,72
2025-10-25,x4-bTDYXdhQ,Waste Hero Education : What is recycling,"Aug 7, 2025",428,130
2025-10-26,x4-bTDYXdhQ,Waste Hero Education : What is recycling,"Aug 7, 2025",428,286
2025-10-27,x4-bTDYXdhQ,Waste Hero Education : What is recycling,"Aug 7, 2025",428,280
2025-10-28,x4-bTDYXdhQ,Waste Hero Education : What is recycling,"Aug 7, 2025",428,205
2025-10-29,x4-bTDYXdhQ,Waste Hero Education : What is recycling,"Aug 7, 2025",428,63
2025-10-30,x4-bTDYXdhQ,Waste Hero Education : What is recycling,"Aug 7, 2025",428,68
2025-10-31,x4-bTDYXdhQ,Waste Hero Education : What is recycling,"Aug 7, 2025",428,93
2025-11-01,x4-bTDYXdhQ,Waste Hero Education : What is recycling,"Aug 7, 2025",428,122
2025-11-02,x4-bTDYXdhQ,Waste Hero Education : What is recycling,"Aug 7, 2025",428,218
2025-11-03,x4-bTDYXdhQ,Waste Hero Education : What is recycling,"Aug 7, 2025",428,40
2025-11-04,x4-bTDYXdhQ,Waste Hero Education : What is recycling,"Aug 7, 2025",428,87
2025-11-05,x4-bTDYXdhQ,Waste Hero Education : What is recycling,"Aug 7, 2025",428,96
2025-11-06,x4-bTDYXdhQ,Waste Hero Education : What is recycling,"Aug 7, 2025",428,138
2025-11-07,x4-bTDYXdhQ,Waste Hero Education : What is recycling,"Aug 7, 2025",428,32
2025-11-08,x4-bTDYXdhQ,Waste Hero Education : What is recycling,"Aug 7, 2025",428,0
2025-11-09,x4-bTDYXdhQ,Waste Hero Education : What is recycling,"Aug 7, 2025",428,4
2025-11-10,x4-bTDYXdhQ,Waste Hero Education : What is recycling,"Aug 7, 2025",428,54
2025-11-11,x4-bTDYXdhQ,Waste Hero Education : What is recycling,"Aug 7, 2025",428,37
2025-11-12,x4-bTDYXdhQ,Waste Hero Education : What is recycling,"Aug 7, 2025",428,78
2025-11-13,x4-bTDYXdhQ,Waste Hero Education : What is recycling,"Aug 7, 2025",428,60
2025-11-14,x4-bTDYXdhQ,Waste Hero Education : What is recycling,"Aug 7, 2025",428,28
2025-11-15,x4-bTDYXdhQ,Waste Hero Education : What is recycling,"Aug 7, 2025",428,104
2025-11-16,x4-bTDYXdhQ,Waste Hero Education : What is recycling,"Aug 7, 2025",428,25
2025-11-17,x4-bTDYXdhQ,Waste Hero Education : What is recycling,"Aug 7, 2025",428,50
2025-11-18,x4-bTDYXdhQ,Waste Hero Education : What is recycling,"Aug 7, 2025",428,11
2025-11-19,x4-bTDYXdhQ,Waste Hero Education : What is recycling,"Aug 7, 2025",428,13
2025-11-20,x4-bTDYXdhQ,Waste Hero Education : What is recycling,"Aug 7, 2025",428,16
2025-11-21,x4-bTDYXdhQ,Waste Hero Education : What is recycling,"Aug 7, 2025",428,12
2025-11-22,x4-bTDYXdhQ,Waste Hero Education : What is recycling,"Aug 7, 2025",428,26
2025-11-23,x4-bTDYXdhQ,Waste Hero Education : What is recycling,"Aug 7, 2025",428,31
2025-11-24,x4-bTDYXdhQ,Waste Hero Education : What is recycling,"Aug 7, 2025",428,24
2025-11-25,x4-bTDYXdhQ,Waste Hero Education : What is recycling,"Aug 7, 2025",428,21
2025-11-26,x4-bTDYXdhQ,Waste Hero Education : What is recycling,"Aug 7, 2025",428,24
2025-11-27,x4-bTDYXdhQ,Waste Hero Education : What is recycling,"Aug 7, 2025",428,12
2025-11-28,x4-bTDYXdhQ,Waste Hero Education : What is recycling,"Aug 7, 2025",428,18
2025-11-29,x4-bTDYXdhQ,Waste Hero Education : What is recycling,"Aug 7, 2025",428,10
2025-11-30,x4-bTDYXdhQ,Waste Hero Education : What is recycling,"Aug 7, 2025",428,19
2025-12-01,x4-bTDYXdhQ,Waste Hero Education : What is recycling,"Aug 7, 2025",428,21
2025-12-02,x4-bTDYXdhQ,Waste Hero Education : What is recycling,"Aug 7, 2025",428,15
2025-12-03,x4-bTDYXdhQ,Waste Hero Education : What is recycling,"Aug 7, 2025",428,6
2025-12-04,x4-bTDYXdhQ,Waste Hero Education : What is recycling,"Aug 7, 2025",428,7
2025-12-05,x4-bTDYXdhQ,Waste Hero Education : What is recycling,"Aug 7, 2025",428,1
2025-12-06,x4-bTDYXdhQ,Waste Hero Education : What is recycling,"Aug 7, 2025",428,26
2025-12-07,x4-bTDYXdhQ,Waste Hero Education : What is recycling,"Aug 7, 2025",428,9
2025-12-08,x4-bTDYXdhQ,Waste Hero Education : What is recycling,"Aug 7, 2025",428,37
2025-12-09,x4-bTDYXdhQ,Waste Hero Education : What is recycling,"Aug 7, 2025",428,34
2025-12-10,x4-bTDYXdhQ,Waste Hero Education : What is recycling,"Aug 7, 2025",428,74
2025-12-11,x4-bTDYXdhQ,Waste Hero Education : What is recycling,"Aug 7, 2025",428,182
2025-12-12,x4-bTDYXdhQ,Waste Hero Education : What is recycling,"Aug 7, 2025",428,73
2025-12-13,x4-bTDYXdhQ,Waste Hero Education : What is recycling,"Aug 7, 2025",428,37
2025-12-14,x4-bTDYXdhQ,Waste Hero Education : What is recycling,"Aug 7, 2025",428,27
2025-12-15,x4-bTDYXdhQ,Waste Hero Education : What is recycling,"Aug 7, 2025",428,13
2025-12-16,x4-bTDYXdhQ,Waste Hero Education : What is recycling,"Aug 7, 2025",428,23
2025-12-17,x4-bTDYXdhQ,Waste Hero Education : What is recycling,"Aug 7, 2025",428,34
2025-12-18,x4-bTDYXdhQ,Waste Hero Education : What is recycling,"Aug 7, 2025",428,20
2025-12-19,x4-bTDYXdhQ,Waste Hero Education : What is recycling,"Aug 7, 2025",428,16
2025-12-20,x4-bTDYXdhQ,Waste Hero Education : What is recycling,"Aug 7, 2025",428,34
2025-12-21,x4-bTDYXdhQ,Waste Hero Education : What is recycling,"Aug 7, 2025",428,24
2025-12-22,x4-bTDYXdhQ,Waste Hero Education : What is recycling,"Aug 7, 2025",428,42
2025-12-23,x4-bTDYXdhQ,Waste Hero Education : What is recycling,"Aug 7, 2025",428,19
2025-12-24,x4-bTDYXdhQ,Waste Hero Education : What is recycling,"Aug 7, 2025",428,17
2025-12-25,x4-bTDYXdhQ,Waste Hero Education : What is recycling,"Aug 7, 2025",428,21
2025-12-26,x4-bTDYXdhQ,Waste Hero Education : What is recycling,"Aug 7, 2025",428,23
2025-12-27,x4-bTDYXdhQ,Waste Hero Education : What is recycling,"Aug 7, 2025",428,30
2025-12-28,x4-bTDYXdhQ,Waste Hero Education : What is recycling,"Aug 7, 2025",428,35
2025-12-29,x4-bTDYXdhQ,Waste Hero Education : What is recycling,"Aug 7, 2025",428,14
2025-12-30,x4-bTDYXdhQ,Waste Hero Education : What is recycling,"Aug 7, 2025",428,16
2025-12-31,x4-bTDYXdhQ,Waste Hero Education : What is recycling,"Aug 7, 2025",428,21
2026-01-01,x4-bTDYXdhQ,Waste Hero Education : What is recycling,"Aug 7, 2025",428,11
2026-01-02,x4-bTDYXdhQ,Waste Hero Education : What is recycling,"Aug 7, 2025",428,13
2026-01-03,x4-bTDYXdhQ,Waste Hero Education : What is recycling,"Aug 7, 2025",428,10
2026-01-04,x4-bTDYXdhQ,Waste Hero Education : What is recycling,"Aug 7, 2025",428,43
2026-01-05,x4-bTDYXdhQ,Waste Hero Education : What is recycling,"Aug 7, 2025",428,22
2026-01-06,x4-bTDYXdhQ,Waste Hero Education : What is recycling,"Aug 7, 2025",428,33
2026-01-07,x4-bTDYXdhQ,Waste Hero Education : What is recycling,"Aug 7, 2025",428,40
2026-01-08,x4-bTDYXdhQ,Waste Hero Education : What is recycling,"Aug 7, 2025",428,32
2026-01-09,x4-bTDYXdhQ,Waste Hero Education : What is recycling,"Aug 7, 2025",428,54
2026-01-10,x4-bTDYXdhQ,Waste Hero Education : What is recycling,"Aug 7, 2025",428,88
2026-01-11,x4-bTDYXdhQ,Waste Hero Education : What is recycling,"Aug 7, 2025",428,53
2026-01-12,x4-bTDYXdhQ,Waste Hero Education : What is recycling,"Aug 7, 2025",428,72
2026-01-13,x4-bTDYXdhQ,Waste Hero Education : What is recycling,"Aug 7, 2025",428,47
2026-01-14,x4-bTDYXdhQ,Waste Hero Education : What is recycling,"Aug 7, 2025",428,79
2026-01-15,x4-bTDYXdhQ,Waste Hero Education : What is recycling,"Aug 7, 2025",428,92
2026-01-16,x4-bTDYXdhQ,Waste Hero Education : What is recycling,"Aug 7, 2025",428,64
2026-01-17,x4-bTDYXdhQ,Waste Hero Education : What is recycling,"Aug 7, 2025",428,58
2026-01-18,x4-bTDYXdhQ,Waste Hero Education : What is recycling,"Aug 7, 2025",428,81
2026-01-19,x4-bTDYXdhQ,Waste Hero Education : What is recycling,"Aug 7, 2025",428,119
2026-01-20,x4-bTDYXdhQ,Waste Hero Education : What is recycling,"Aug 7, 2025",428,68
2026-01-21,x4-bTDYXdhQ,Waste Hero Education : What is recycling,"Aug 7, 2025",428,62
2026-01-22,x4-bTDYXdhQ,Waste Hero Education : What is recycling,"Aug 7, 2025",428,67
2026-01-23,x4-bTDYXdhQ,Waste Hero Education : What is recycling,"Aug 7, 2025",428,68
2026-01-24,x4-bTDYXdhQ,Waste Hero Education : What is recycling,"Aug 7, 2025",428,59
2026-01-25,x4-bTDYXdhQ,Waste Hero Education : What is recycling,"Aug 7, 2025",428,137
2026-01-26,x4-bTDYXdhQ,Waste Hero Education : What is recycling,"Aug 7, 2025",428,145
2026-01-27,x4-bTDYXdhQ,Waste Hero Education : What is recycling,"Aug 7, 2025",428,32
2026-01-28,x4-bTDYXdhQ,Waste Hero Education : What is recycling,"Aug 7, 2025",428,23
2026-01-29,x4-bTDYXdhQ,Waste Hero Education : What is recycling,"Aug 7, 2025",428,35
2026-01-30,x4-bTDYXdhQ,Waste Hero Education : What is recycling,"Aug 7, 2025",428,33
2026-01-31,x4-bTDYXdhQ,Waste Hero Education : What is recycling,"Aug 7, 2025",428,40
2026-02-01,x4-bTDYXdhQ,Waste Hero Education : What is recycling,"Aug 7, 2025",428,26
2026-02-02,x4-bTDYXdhQ,Waste Hero Education : What is recycling,"Aug 7, 2025",428,1
2026-02-03,x4-bTDYXdhQ,Waste Hero Education : What is recycling,"Aug 7, 2025",428,32
2026-02-04,x4-bTDYXdhQ,Waste Hero Education : What is recycling,"Aug 7, 2025",428,30
2026-02-05,x4-bTDYXdhQ,Waste Hero Education : What is recycling,"Aug 7, 2025",428,35
2026-02-06,x4-bTDYXdhQ,Waste Hero Education : What is recycling,"Aug 7, 2025",428,58
2026-02-07,x4-bTDYXdhQ,Waste Hero Education : What is recycling,"Aug 7, 2025",428,71
2026-02-08,x4-bTDYXdhQ,Waste Hero Education : What is recycling,"Aug 7, 2025",428,47
2026-02-09,x4-bTDYXdhQ,Waste Hero Education : What is recycling,"Aug 7, 2025",428,14
2026-02-10,x4-bTDYXdhQ,Waste Hero Education : What is recycling,"Aug 7, 2025",428,28
2026-02-11,x4-bTDYXdhQ,Waste Hero Education : What is recycling,"Aug 7, 2025",428,33
2026-02-12,x4-bTDYXdhQ,Waste Hero Education : What is recycling,"Aug 7, 2025",428,22
2026-02-13,x4-bTDYXdhQ,Waste Hero Education : What is recycling,"Aug 7, 2025",428,33
2026-02-14,x4-bTDYXdhQ,Waste Hero Education : What is recycling,"Aug 7, 2025",428,73
2026-02-15,x4-bTDYXdhQ,Waste Hero Education : What is recycling,"Aug 7, 2025",428,78
2026-02-16,x4-bTDYXdhQ,Waste Hero Education : What is recycling,"Aug 7, 2025",428,46
2026-02-17,x4-bTDYXdhQ,Waste Hero Education : What is recycling,"Aug 7, 2025",428,33
2026-02-18,x4-bTDYXdhQ,Waste Hero Education : What is recycling,"Aug 7, 2025",428,66
2026-02-19,x4-bTDYXdhQ,Waste Hero Education : What is recycling,"Aug 7, 2025",428,26
2026-02-20,x4-bTDYXdhQ,Waste Hero Education : What is recycling,"Aug 7, 2025",428,21
2026-02-21,x4-bTDYXdhQ,Waste Hero Education : What is recycling,"Aug 7, 2025",428,47
2026-02-22,x4-bTDYXdhQ,Waste Hero Education : What is recycling,"Aug 7, 2025",428,114
2026-02-23,x4-bTDYXdhQ,Waste Hero Education : What is recycling,"Aug 7, 2025",428,46
2026-02-24,x4-bTDYXdhQ,Waste Hero Education : What is recycling,"Aug 7, 2025",428,23
2026-02-25,x4-bTDYXdhQ,Waste Hero Education : What is recycling,"Aug 7, 2025",428,29
2026-02-26,x4-bTDYXdhQ,Waste Hero Education : What is recycling,"Aug 7, 2025",428,98
2026-02-27,x4-bTDYXdhQ,Waste Hero Education : What is recycling,"Aug 7, 2025",428,47
2026-02-28,x4-bTDYXdhQ,Waste Hero Education : What is recycling,"Aug 7, 2025",428,54
2026-03-01,x4-bTDYXdhQ,Waste Hero Education : What is recycling,"Aug 7, 2025",428,18
2026-03-02,x4-bTDYXdhQ,Waste Hero Education : What is recycling,"Aug 7, 2025",428,47
2026-03-03,x4-bTDYXdhQ,Waste Hero Education : What is recycling,"Aug 7, 2025",428,53
2026-03-04,x4-bTDYXdhQ,Waste Hero Education : What is recycling,"Aug 7, 2025",428,58
